date,month,province,health_zone,zone_id,confirmed_cases,confirmed_deaths,lat,lon,source,source_date,notes
2026-05-14,2026-05,Ituri,Rwampara,vPxN2nZnBXK,8,,1.5710652340000308,30.08327315923981,SitRep MVE N°001/2026,2026-05-14,Early SitRep: total confirmed cases are reported; health-zone allocation is interpreted from the available Rwampara-positive sample description.
2026-05-17,2026-05,Ituri,Rwampara,vPxN2nZnBXK,13,,1.5710652340000308,30.08327315923981,SitRep MVE N°002/2026,2026-05-17,Early SitRep: all 13 confirmed cases are shown under Rwampara in the health-zone table.
2026-05-18,2026-05,Ituri,Bunia,GPi6i83o7l6,6,0.0,1.607713140500067,30.282078091482003,SitRep MVE N°004/2026,2026-05-18,Cumulative confirmed cases by health zone from the N4 table.
2026-05-18,2026-05,Ituri,Mongbwalu,nv8tx681Gjd,1,0.0,2.120204140000084,29.46395014319073,SitRep MVE N°004/2026,2026-05-18,Cumulative confirmed cases by health zone from the N4 table.
2026-05-18,2026-05,Ituri,Nyankunde,mGTaa8TFifO,4,0.0,1.4866449679154434,29.933917392135683,SitRep MVE N°004/2026,2026-05-18,Cumulative confirmed cases by health zone from the N4 table.
2026-05-18,2026-05,Ituri,Rwampara,vPxN2nZnBXK,19,4.0,1.5710652340000308,30.08327315923981,SitRep MVE N°004/2026,2026-05-18,Cumulative confirmed cases by health zone from the N4 table.
2026-05-18,2026-05,Nord-Kivu,Butembo,foR0DRLqtdJ,1,0.0,0.1465342500003714,29.251277502423125,SitRep MVE N°004/2026,2026-05-18,Cumulative confirmed cases by health zone from the N4 table.
2026-05-18,2026-05,Nord-Kivu,Goma,t8tjGKVhkl3,1,0.0,-1.6528676989999551,29.17826328304752,SitRep MVE N°004/2026,2026-05-18,Cumulative confirmed cases by health zone from the N4 table.
2026-05-18,2026-05,Nord-Kivu,Katwa,woJBeEpIZdy,1,0.0,0.1198993135112445,29.32416416638681,SitRep MVE N°004/2026,2026-05-18,Cumulative confirmed cases by health zone from the N4 table.
2026-05-19,2026-05,Ituri,Bunia,GPi6i83o7l6,6,0.0,1.607713140500067,30.282078091482003,SitRep MVE N°005/MVE_17/2026,2026-05-19,Cumulative confirmed cases by health zone from the N5 table.
2026-05-19,2026-05,Ituri,Mongbwalu,nv8tx681Gjd,13,0.0,2.120204140000084,29.46395014319073,SitRep MVE N°005/MVE_17/2026,2026-05-19,Cumulative confirmed cases by health zone from the N5 table.
2026-05-19,2026-05,Ituri,Nyankunde,mGTaa8TFifO,4,0.0,1.4866449679154434,29.933917392135683,SitRep MVE N°005/MVE_17/2026,2026-05-19,Cumulative confirmed cases by health zone from the N5 table.
2026-05-19,2026-05,Ituri,Rwampara,vPxN2nZnBXK,25,4.0,1.5710652340000308,30.08327315923981,SitRep MVE N°005/MVE_17/2026,2026-05-19,Cumulative confirmed cases by health zone from the N5 table.
2026-05-19,2026-05,Nord-Kivu,Butembo,foR0DRLqtdJ,1,0.0,0.1465342500003714,29.251277502423125,SitRep MVE N°005/MVE_17/2026,2026-05-19,Cumulative confirmed cases by health zone from the N5 table.
2026-05-19,2026-05,Nord-Kivu,Goma,t8tjGKVhkl3,1,0.0,-1.6528676989999551,29.17826328304752,SitRep MVE N°005/MVE_17/2026,2026-05-19,Cumulative confirmed cases by health zone from the N5 table.
2026-05-19,2026-05,Nord-Kivu,Katwa,woJBeEpIZdy,1,0.0,0.1198993135112445,29.32416416638681,SitRep MVE N°005/MVE_17/2026,2026-05-19,Cumulative confirmed cases by health zone from the N5 table.
2026-05-20,2026-05,Ituri,Bambu,Uc3GqWS8C0w,1,0.0,1.8633970955000336,30.20627592724413,SitRep MVE N°006/MVB_17/2026,2026-05-20,N6 table totals do not fully reconcile with the SitRep headline total; residual confirmed cases are kept as unventilated/unknown-health-zone.
2026-05-20,2026-05,Ituri,Bunia,GPi6i83o7l6,11,0.0,1.607713140500067,30.282078091482003,SitRep MVE N°006/MVB_17/2026,2026-05-20,N6 table totals do not fully reconcile with the SitRep headline total; residual confirmed cases are kept as unventilated/unknown-health-zone.
2026-05-20,2026-05,Ituri,Mongbwalu,nv8tx681Gjd,13,0.0,2.120204140000084,29.46395014319073,SitRep MVE N°006/MVB_17/2026,2026-05-20,N6 table totals do not fully reconcile with the SitRep headline total; residual confirmed cases are kept as unventilated/unknown-health-zone.
2026-05-20,2026-05,Ituri,Nyankunde,mGTaa8TFifO,5,0.0,1.4866449679154434,29.933917392135683,SitRep MVE N°006/MVB_17/2026,2026-05-20,N6 table totals do not fully reconcile with the SitRep headline total; residual confirmed cases are kept as unventilated/unknown-health-zone.
2026-05-20,2026-05,Ituri,Rwampara,vPxN2nZnBXK,24,4.0,1.5710652340000308,30.08327315923981,SitRep MVE N°006/MVB_17/2026,2026-05-20,N6 table totals do not fully reconcile with the SitRep headline total; residual confirmed cases are kept as unventilated/unknown-health-zone.
2026-05-20,2026-05,Nord-Kivu,Butembo,foR0DRLqtdJ,1,0.0,0.1465342500003714,29.251277502423125,SitRep MVE N°006/MVB_17/2026,2026-05-20,N6 table totals do not fully reconcile with the SitRep headline total; residual confirmed cases are kept as unventilated/unknown-health-zone.
2026-05-20,2026-05,Nord-Kivu,Goma,t8tjGKVhkl3,1,0.0,-1.6528676989999551,29.17826328304752,SitRep MVE N°006/MVB_17/2026,2026-05-20,N6 table totals do not fully reconcile with the SitRep headline total; residual confirmed cases are kept as unventilated/unknown-health-zone.
2026-05-20,2026-05,Nord-Kivu,Katwa,woJBeEpIZdy,2,0.0,0.1198993135112445,29.32416416638681,SitRep MVE N°006/MVB_17/2026,2026-05-20,N6 table totals do not fully reconcile with the SitRep headline total; residual confirmed cases are kept as unventilated/unknown-health-zone.
2026-05-21,2026-05,Ituri,Bambu,Uc3GqWS8C0w,1,,1.8633970955000336,30.20627592724413,SitRep MVE N°007/MVB_17/2026,2026-05-21,Cumulative allocation reconstructed from N6 plus N7 daily increment table because the N7 page provides daily increments and total.
2026-05-21,2026-05,Ituri,Bunia,GPi6i83o7l6,17,,1.607713140500067,30.282078091482003,SitRep MVE N°007/MVB_17/2026,2026-05-21,Cumulative allocation reconstructed from N6 plus N7 daily increment table because the N7 page provides daily increments and total.
2026-05-21,2026-05,Ituri,Kilo,sbyWSsdZ3tj,1,,1.7598275375000298,30.080701985660504,SitRep MVE N°007/MVB_17/2026,2026-05-21,Cumulative allocation reconstructed from N6 plus N7 daily increment table because the N7 page provides daily increments and total.
2026-05-21,2026-05,Ituri,Mongbwalu,nv8tx681Gjd,14,,2.120204140000084,29.46395014319073,SitRep MVE N°007/MVB_17/2026,2026-05-21,Cumulative allocation reconstructed from N6 plus N7 daily increment table because the N7 page provides daily increments and total.
2026-05-21,2026-05,Ituri,Nizi,TCE5waEW7Fi,1,,1.7491092545000129,30.29386589242562,SitRep MVE N°007/MVB_17/2026,2026-05-21,Cumulative allocation reconstructed from N6 plus N7 daily increment table because the N7 page provides daily increments and total.
2026-05-21,2026-05,Ituri,Nyankunde,mGTaa8TFifO,7,,1.4866449679154434,29.933917392135683,SitRep MVE N°007/MVB_17/2026,2026-05-21,Cumulative allocation reconstructed from N6 plus N7 daily increment table because the N7 page provides daily increments and total.
2026-05-21,2026-05,Ituri,Rwampara,vPxN2nZnBXK,31,,1.5710652340000308,30.08327315923981,SitRep MVE N°007/MVB_17/2026,2026-05-21,Cumulative allocation reconstructed from N6 plus N7 daily increment table because the N7 page provides daily increments and total.
2026-05-21,2026-05,Nord-Kivu,Butembo,foR0DRLqtdJ,1,,0.1465342500003714,29.251277502423125,SitRep MVE N°007/MVB_17/2026,2026-05-21,Cumulative allocation reconstructed from N6 plus N7 daily increment table because the N7 page provides daily increments and total.
2026-05-21,2026-05,Nord-Kivu,Goma,t8tjGKVhkl3,1,,-1.6528676989999551,29.17826328304752,SitRep MVE N°007/MVB_17/2026,2026-05-21,Cumulative allocation reconstructed from N6 plus N7 daily increment table because the N7 page provides daily increments and total.
2026-05-21,2026-05,Nord-Kivu,Katwa,woJBeEpIZdy,2,,0.1198993135112445,29.32416416638681,SitRep MVE N°007/MVB_17/2026,2026-05-21,Cumulative allocation reconstructed from N6 plus N7 daily increment table because the N7 page provides daily increments and total.
2026-05-21,2026-05,Sud-Kivu,Miti-Murhesa,cXkCT53xxfk,1,,-2.39067,28.72098,SitRep MVE N°007/MVB_17/2026,2026-05-21,Cumulative allocation reconstructed from N6 plus N7 daily increment table because the N7 page provides daily increments and total.
2026-05-22,2026-05,Ituri,Bambu,Uc3GqWS8C0w,1,,1.8633970955000336,30.20627592724413,SitRep N°008/MVB_23/2026,2026-05-22,Health-zone allocation partially reconstructed; headline total is preserved in report_summary.
2026-05-22,2026-05,Ituri,Bunia,GPi6i83o7l6,17,,1.607713140500067,30.282078091482003,SitRep N°008/MVB_23/2026,2026-05-22,Health-zone allocation partially reconstructed; headline total is preserved in report_summary.
2026-05-22,2026-05,Ituri,Kilo,sbyWSsdZ3tj,1,,1.7598275375000298,30.080701985660504,SitRep N°008/MVB_23/2026,2026-05-22,Health-zone allocation partially reconstructed; headline total is preserved in report_summary.
2026-05-22,2026-05,Ituri,Mongbwalu,nv8tx681Gjd,22,,2.120204140000084,29.46395014319073,SitRep N°008/MVB_23/2026,2026-05-22,Health-zone allocation partially reconstructed; headline total is preserved in report_summary.
2026-05-22,2026-05,Ituri,Nizi,TCE5waEW7Fi,1,,1.7491092545000129,30.29386589242562,SitRep N°008/MVB_23/2026,2026-05-22,Health-zone allocation partially reconstructed; headline total is preserved in report_summary.
2026-05-22,2026-05,Ituri,Nyankunde,mGTaa8TFifO,7,,1.4866449679154434,29.933917392135683,SitRep N°008/MVB_23/2026,2026-05-22,Health-zone allocation partially reconstructed; headline total is preserved in report_summary.
2026-05-22,2026-05,Ituri,Rwampara,vPxN2nZnBXK,31,,1.5710652340000308,30.08327315923981,SitRep N°008/MVB_23/2026,2026-05-22,Health-zone allocation partially reconstructed; headline total is preserved in report_summary.
2026-05-22,2026-05,Nord-Kivu,Butembo,foR0DRLqtdJ,1,,0.1465342500003714,29.251277502423125,SitRep N°008/MVB_23/2026,2026-05-22,Health-zone allocation partially reconstructed; headline total is preserved in report_summary.
2026-05-22,2026-05,Nord-Kivu,Goma,t8tjGKVhkl3,1,,-1.6528676989999551,29.17826328304752,SitRep N°008/MVB_23/2026,2026-05-22,Health-zone allocation partially reconstructed; headline total is preserved in report_summary.
2026-05-22,2026-05,Nord-Kivu,Katwa,woJBeEpIZdy,2,,0.1198993135112445,29.32416416638681,SitRep N°008/MVB_23/2026,2026-05-22,Health-zone allocation partially reconstructed; headline total is preserved in report_summary.
2026-05-22,2026-05,Sud-Kivu,Miti-Murhesa,cXkCT53xxfk,1,,-2.39067,28.72098,SitRep N°008/MVB_23/2026,2026-05-22,Health-zone allocation partially reconstructed; headline total is preserved in report_summary.
2026-05-23,2026-05,Ituri,Bambu,Uc3GqWS8C0w,1,,1.8633970955000336,30.20627592724413,SitRep N°009/MVB_24/2026,2026-05-23,Health-zone allocation partially reconstructed from N9 daily-increment table and adjacent SitReps.
2026-05-23,2026-05,Ituri,Bunia,GPi6i83o7l6,17,,1.607713140500067,30.282078091482003,SitRep N°009/MVB_24/2026,2026-05-23,Health-zone allocation partially reconstructed from N9 daily-increment table and adjacent SitReps.
2026-05-23,2026-05,Ituri,Kilo,sbyWSsdZ3tj,1,,1.7598275375000298,30.080701985660504,SitRep N°009/MVB_24/2026,2026-05-23,Health-zone allocation partially reconstructed from N9 daily-increment table and adjacent SitReps.
2026-05-23,2026-05,Ituri,Mongbwalu,nv8tx681Gjd,31,,2.120204140000084,29.46395014319073,SitRep N°009/MVB_24/2026,2026-05-23,Health-zone allocation partially reconstructed from N9 daily-increment table and adjacent SitReps.
2026-05-23,2026-05,Ituri,Nizi,TCE5waEW7Fi,1,,1.7491092545000129,30.29386589242562,SitRep N°009/MVB_24/2026,2026-05-23,Health-zone allocation partially reconstructed from N9 daily-increment table and adjacent SitReps.
2026-05-23,2026-05,Ituri,Nyankunde,mGTaa8TFifO,7,,1.4866449679154434,29.933917392135683,SitRep N°009/MVB_24/2026,2026-05-23,Health-zone allocation partially reconstructed from N9 daily-increment table and adjacent SitReps.
2026-05-23,2026-05,Ituri,Rwampara,vPxN2nZnBXK,31,,1.5710652340000308,30.08327315923981,SitRep N°009/MVB_24/2026,2026-05-23,Health-zone allocation partially reconstructed from N9 daily-increment table and adjacent SitReps.
2026-05-23,2026-05,Nord-Kivu,Butembo,foR0DRLqtdJ,1,,0.1465342500003714,29.251277502423125,SitRep N°009/MVB_24/2026,2026-05-23,Health-zone allocation partially reconstructed from N9 daily-increment table and adjacent SitReps.
2026-05-23,2026-05,Nord-Kivu,Goma,t8tjGKVhkl3,1,,-1.6528676989999551,29.17826328304752,SitRep N°009/MVB_24/2026,2026-05-23,Health-zone allocation partially reconstructed from N9 daily-increment table and adjacent SitReps.
2026-05-23,2026-05,Nord-Kivu,Katwa,woJBeEpIZdy,3,,0.1198993135112445,29.32416416638681,SitRep N°009/MVB_24/2026,2026-05-23,Health-zone allocation partially reconstructed from N9 daily-increment table and adjacent SitReps.
2026-05-23,2026-05,Sud-Kivu,Miti-Murhesa,cXkCT53xxfk,1,,-2.39067,28.72098,SitRep N°009/MVB_24/2026,2026-05-23,Health-zone allocation partially reconstructed from N9 daily-increment table and adjacent SitReps.
2026-05-24,2026-05,Ituri,Bambu,Uc3GqWS8C0w,1,,1.8633970955000336,30.20627592724413,SitRep N°010/MVB_25/2026,2026-05-24,Health-zone allocation partially reconstructed; N10 reports four new Nord-Kivu confirmations.
2026-05-24,2026-05,Ituri,Bunia,GPi6i83o7l6,17,,1.607713140500067,30.282078091482003,SitRep N°010/MVB_25/2026,2026-05-24,Health-zone allocation partially reconstructed; N10 reports four new Nord-Kivu confirmations.
2026-05-24,2026-05,Ituri,Kilo,sbyWSsdZ3tj,1,,1.7598275375000298,30.080701985660504,SitRep N°010/MVB_25/2026,2026-05-24,Health-zone allocation partially reconstructed; N10 reports four new Nord-Kivu confirmations.
2026-05-24,2026-05,Ituri,Mongbwalu,nv8tx681Gjd,31,,2.120204140000084,29.46395014319073,SitRep N°010/MVB_25/2026,2026-05-24,Health-zone allocation partially reconstructed; N10 reports four new Nord-Kivu confirmations.
2026-05-24,2026-05,Ituri,Nizi,TCE5waEW7Fi,1,,1.7491092545000129,30.29386589242562,SitRep N°010/MVB_25/2026,2026-05-24,Health-zone allocation partially reconstructed; N10 reports four new Nord-Kivu confirmations.
2026-05-24,2026-05,Ituri,Nyankunde,mGTaa8TFifO,7,,1.4866449679154434,29.933917392135683,SitRep N°010/MVB_25/2026,2026-05-24,Health-zone allocation partially reconstructed; N10 reports four new Nord-Kivu confirmations.
2026-05-24,2026-05,Ituri,Rwampara,vPxN2nZnBXK,31,,1.5710652340000308,30.08327315923981,SitRep N°010/MVB_25/2026,2026-05-24,Health-zone allocation partially reconstructed; N10 reports four new Nord-Kivu confirmations.
2026-05-24,2026-05,Nord-Kivu,Butembo,foR0DRLqtdJ,3,,0.1465342500003714,29.251277502423125,SitRep N°010/MVB_25/2026,2026-05-24,Health-zone allocation partially reconstructed; N10 reports four new Nord-Kivu confirmations.
2026-05-24,2026-05,Nord-Kivu,Goma,t8tjGKVhkl3,1,,-1.6528676989999551,29.17826328304752,SitRep N°010/MVB_25/2026,2026-05-24,Health-zone allocation partially reconstructed; N10 reports four new Nord-Kivu confirmations.
2026-05-24,2026-05,Nord-Kivu,Kalunguta,XoJ3dLz68aj,1,,0.3266166500000906,29.34622252068664,SitRep N°010/MVB_25/2026,2026-05-24,Health-zone allocation partially reconstructed; N10 reports four new Nord-Kivu confirmations.
2026-05-24,2026-05,Nord-Kivu,Katwa,woJBeEpIZdy,3,,0.1198993135112445,29.32416416638681,SitRep N°010/MVB_25/2026,2026-05-24,Health-zone allocation partially reconstructed; N10 reports four new Nord-Kivu confirmations.
2026-05-24,2026-05,Nord-Kivu,Oicha,zOOAshOz4Cz,1,,0.7639879778753311,29.54704482375912,SitRep N°010/MVB_25/2026,2026-05-24,Health-zone allocation partially reconstructed; N10 reports four new Nord-Kivu confirmations.
2026-05-24,2026-05,Sud-Kivu,Miti-Murhesa,cXkCT53xxfk,1,,-2.39067,28.72098,SitRep N°010/MVB_25/2026,2026-05-24,Health-zone allocation partially reconstructed; N10 reports four new Nord-Kivu confirmations.
2026-05-25,2026-05,Ituri,Aru,v8PqffapuVl,1,,2.859042986322321,30.833681049566664,SitRep N°011/MVB_26/2026,2026-05-25,Health-zone allocation partially reconstructed from affected-zone list and adjacent SitReps.
2026-05-25,2026-05,Ituri,Bunia,GPi6i83o7l6,31,,1.607713140500067,30.282078091482003,SitRep N°011/MVB_26/2026,2026-05-25,Health-zone allocation partially reconstructed from affected-zone list and adjacent SitReps.
2026-05-25,2026-05,Ituri,Kilo,sbyWSsdZ3tj,1,,1.7598275375000298,30.080701985660504,SitRep N°011/MVB_26/2026,2026-05-25,Health-zone allocation partially reconstructed from affected-zone list and adjacent SitReps.
2026-05-25,2026-05,Ituri,Mongbwalu,nv8tx681Gjd,17,,2.120204140000084,29.46395014319073,SitRep N°011/MVB_26/2026,2026-05-25,Health-zone allocation partially reconstructed from affected-zone list and adjacent SitReps.
2026-05-25,2026-05,Ituri,Nizi,TCE5waEW7Fi,2,,1.7491092545000129,30.29386589242562,SitRep N°011/MVB_26/2026,2026-05-25,Health-zone allocation partially reconstructed from affected-zone list and adjacent SitReps.
2026-05-25,2026-05,Ituri,Nyankunde,mGTaa8TFifO,8,,1.4866449679154434,29.933917392135683,SitRep N°011/MVB_26/2026,2026-05-25,Health-zone allocation partially reconstructed from affected-zone list and adjacent SitReps.
2026-05-25,2026-05,Ituri,Rwampara,vPxN2nZnBXK,28,,1.5710652340000308,30.08327315923981,SitRep N°011/MVB_26/2026,2026-05-25,Health-zone allocation partially reconstructed from affected-zone list and adjacent SitReps.
2026-05-25,2026-05,Nord-Kivu,Butembo,foR0DRLqtdJ,5,,0.1465342500003714,29.251277502423125,SitRep N°011/MVB_26/2026,2026-05-25,Health-zone allocation partially reconstructed from affected-zone list and adjacent SitReps.
2026-05-25,2026-05,Nord-Kivu,Goma,t8tjGKVhkl3,1,,-1.6528676989999551,29.17826328304752,SitRep N°011/MVB_26/2026,2026-05-25,Health-zone allocation partially reconstructed from affected-zone list and adjacent SitReps.
2026-05-25,2026-05,Nord-Kivu,Kalunguta,XoJ3dLz68aj,1,,0.3266166500000906,29.34622252068664,SitRep N°011/MVB_26/2026,2026-05-25,Health-zone allocation partially reconstructed from affected-zone list and adjacent SitReps.
2026-05-25,2026-05,Nord-Kivu,Katwa,woJBeEpIZdy,3,,0.1198993135112445,29.32416416638681,SitRep N°011/MVB_26/2026,2026-05-25,Health-zone allocation partially reconstructed from affected-zone list and adjacent SitReps.
2026-05-25,2026-05,Nord-Kivu,Oicha,zOOAshOz4Cz,1,,0.7639879778753311,29.54704482375912,SitRep N°011/MVB_26/2026,2026-05-25,Health-zone allocation partially reconstructed from affected-zone list and adjacent SitReps.
2026-05-25,2026-05,Sud-Kivu,Miti-Murhesa,cXkCT53xxfk,1,,-2.39067,28.72098,SitRep N°011/MVB_26/2026,2026-05-25,Health-zone allocation partially reconstructed from affected-zone list and adjacent SitReps.
2026-05-26,2026-05,Ituri,Aru,v8PqffapuVl,1,,2.859042986322321,30.833681049566664,SitRep N°012/MVB_26/2026,2026-05-26,Cumulative health-zone allocation reconstructed to match the N12 provincial totals where possible.
2026-05-26,2026-05,Ituri,Bunia,GPi6i83o7l6,37,,1.607713140500067,30.282078091482003,SitRep N°012/MVB_26/2026,2026-05-26,Cumulative health-zone allocation reconstructed to match the N12 provincial totals where possible.
2026-05-26,2026-05,Ituri,Kilo,sbyWSsdZ3tj,1,,1.7598275375000298,30.080701985660504,SitRep N°012/MVB_26/2026,2026-05-26,Cumulative health-zone allocation reconstructed to match the N12 provincial totals where possible.
2026-05-26,2026-05,Ituri,Mongbwalu,nv8tx681Gjd,20,,2.120204140000084,29.46395014319073,SitRep N°012/MVB_26/2026,2026-05-26,Cumulative health-zone allocation reconstructed to match the N12 provincial totals where possible.
2026-05-26,2026-05,Ituri,Nizi,TCE5waEW7Fi,2,,1.7491092545000129,30.29386589242562,SitRep N°012/MVB_26/2026,2026-05-26,Cumulative health-zone allocation reconstructed to match the N12 provincial totals where possible.
2026-05-26,2026-05,Ituri,Nyankunde,mGTaa8TFifO,10,,1.4866449679154434,29.933917392135683,SitRep N°012/MVB_26/2026,2026-05-26,Cumulative health-zone allocation reconstructed to match the N12 provincial totals where possible.
2026-05-26,2026-05,Ituri,Rwampara,vPxN2nZnBXK,33,,1.5710652340000308,30.08327315923981,SitRep N°012/MVB_26/2026,2026-05-26,Cumulative health-zone allocation reconstructed to match the N12 provincial totals where possible.
2026-05-26,2026-05,Nord-Kivu,Butembo,foR0DRLqtdJ,5,,0.1465342500003714,29.251277502423125,SitRep N°012/MVB_26/2026,2026-05-26,Cumulative health-zone allocation reconstructed to match the N12 provincial totals where possible.
2026-05-26,2026-05,Nord-Kivu,Goma,t8tjGKVhkl3,1,,-1.6528676989999551,29.17826328304752,SitRep N°012/MVB_26/2026,2026-05-26,Cumulative health-zone allocation reconstructed to match the N12 provincial totals where possible.
2026-05-26,2026-05,Nord-Kivu,Kalunguta,XoJ3dLz68aj,1,,0.3266166500000906,29.34622252068664,SitRep N°012/MVB_26/2026,2026-05-26,Cumulative health-zone allocation reconstructed to match the N12 provincial totals where possible.
2026-05-26,2026-05,Nord-Kivu,Katwa,woJBeEpIZdy,3,,0.1198993135112445,29.32416416638681,SitRep N°012/MVB_26/2026,2026-05-26,Cumulative health-zone allocation reconstructed to match the N12 provincial totals where possible.
2026-05-26,2026-05,Nord-Kivu,Oicha,zOOAshOz4Cz,0,,0.7639879778753311,29.54704482375912,SitRep N°012/MVB_26/2026,2026-05-26,Cumulative health-zone allocation reconstructed to match the N12 provincial totals where possible.
2026-05-26,2026-05,Sud-Kivu,Miti-Murhesa,cXkCT53xxfk,1,,-2.39067,28.72098,SitRep N°012/MVB_26/2026,2026-05-26,Cumulative health-zone allocation reconstructed to match the N12 provincial totals where possible.
2026-05-27,2026-05,Ituri,Aru,v8PqffapuVl,1,1.0,2.859042986322321,30.833681049566664,SitRep N°013/MVB_27/2026,2026-05-27,Cumulative confirmed cases by health zone from the N13 table; unassigned Ituri rows are stored separately.
2026-05-27,2026-05,Ituri,Bunia,GPi6i83o7l6,37,,1.607713140500067,30.282078091482003,SitRep N°013/MVB_27/2026,2026-05-27,Cumulative confirmed cases by health zone from the N13 table; unassigned Ituri rows are stored separately.
2026-05-27,2026-05,Ituri,Kilo,sbyWSsdZ3tj,1,,1.7598275375000298,30.080701985660504,SitRep N°013/MVB_27/2026,2026-05-27,Cumulative confirmed cases by health zone from the N13 table; unassigned Ituri rows are stored separately.
2026-05-27,2026-05,Ituri,Mongbwalu,nv8tx681Gjd,20,,2.120204140000084,29.46395014319073,SitRep N°013/MVB_27/2026,2026-05-27,Cumulative confirmed cases by health zone from the N13 table; unassigned Ituri rows are stored separately.
2026-05-27,2026-05,Ituri,Nizi,TCE5waEW7Fi,2,,1.7491092545000129,30.29386589242562,SitRep N°013/MVB_27/2026,2026-05-27,Cumulative confirmed cases by health zone from the N13 table; unassigned Ituri rows are stored separately.
2026-05-27,2026-05,Ituri,Nyankunde,mGTaa8TFifO,10,,1.4866449679154434,29.933917392135683,SitRep N°013/MVB_27/2026,2026-05-27,Cumulative confirmed cases by health zone from the N13 table; unassigned Ituri rows are stored separately.
2026-05-27,2026-05,Ituri,Rwampara,vPxN2nZnBXK,33,,1.5710652340000308,30.08327315923981,SitRep N°013/MVB_27/2026,2026-05-27,Cumulative confirmed cases by health zone from the N13 table; unassigned Ituri rows are stored separately.
2026-05-27,2026-05,Nord-Kivu,Butembo,foR0DRLqtdJ,5,,0.1465342500003714,29.251277502423125,SitRep N°013/MVB_27/2026,2026-05-27,Cumulative confirmed cases by health zone from the N13 table; unassigned Ituri rows are stored separately.
2026-05-27,2026-05,Nord-Kivu,Goma,t8tjGKVhkl3,1,0.0,-1.6528676989999551,29.17826328304752,SitRep N°013/MVB_27/2026,2026-05-27,Cumulative confirmed cases by health zone from the N13 table; unassigned Ituri rows are stored separately.
2026-05-27,2026-05,Nord-Kivu,Kalunguta,XoJ3dLz68aj,2,,0.3266166500000906,29.34622252068664,SitRep N°013/MVB_27/2026,2026-05-27,Cumulative confirmed cases by health zone from the N13 table; unassigned Ituri rows are stored separately.
2026-05-27,2026-05,Nord-Kivu,Katwa,woJBeEpIZdy,4,,0.1198993135112445,29.32416416638681,SitRep N°013/MVB_27/2026,2026-05-27,Cumulative confirmed cases by health zone from the N13 table; unassigned Ituri rows are stored separately.
2026-05-27,2026-05,Nord-Kivu,Oicha,zOOAshOz4Cz,2,,0.7639879778753311,29.54704482375912,SitRep N°013/MVB_27/2026,2026-05-27,Cumulative confirmed cases by health zone from the N13 table; unassigned Ituri rows are stored separately.
2026-05-27,2026-05,Sud-Kivu,Miti-Murhesa,cXkCT53xxfk,1,,-2.39067,28.72098,SitRep N°013/MVB_27/2026,2026-05-27,Cumulative confirmed cases by health zone from the N13 table; unassigned Ituri rows are stored separately.
2026-05-28,2026-05,Ituri,Aru,v8PqffapuVl,2,,2.859042986322321,30.833681049566664,SitRep N014/MVB_28/2026,2026-05-28,N14 health-zone allocation partially reconstructed from adjacent SitReps; headline total is preserved.
2026-05-28,2026-05,Ituri,Bunia,GPi6i83o7l6,59,,1.607713140500067,30.282078091482003,SitRep N014/MVB_28/2026,2026-05-28,N14 health-zone allocation partially reconstructed from adjacent SitReps; headline total is preserved.
2026-05-28,2026-05,Ituri,Damas,ApdB8z3Wrxt,1,,2.1976361605001387,30.22934640858644,SitRep N014/MVB_28/2026,2026-05-28,N14 health-zone allocation partially reconstructed from adjacent SitReps; headline total is preserved.
2026-05-28,2026-05,Ituri,Kilo,sbyWSsdZ3tj,2,,1.7598275375000298,30.080701985660504,SitRep N014/MVB_28/2026,2026-05-28,N14 health-zone allocation partially reconstructed from adjacent SitReps; headline total is preserved.
2026-05-28,2026-05,Ituri,Mongbwalu,nv8tx681Gjd,39,,2.120204140000084,29.46395014319073,SitRep N014/MVB_28/2026,2026-05-28,N14 health-zone allocation partially reconstructed from adjacent SitReps; headline total is preserved.
2026-05-28,2026-05,Ituri,Nizi,TCE5waEW7Fi,2,,1.7491092545000129,30.29386589242562,SitRep N014/MVB_28/2026,2026-05-28,N14 health-zone allocation partially reconstructed from adjacent SitReps; headline total is preserved.
2026-05-28,2026-05,Ituri,Nyankunde,mGTaa8TFifO,17,,1.4866449679154434,29.933917392135683,SitRep N014/MVB_28/2026,2026-05-28,N14 health-zone allocation partially reconstructed from adjacent SitReps; headline total is preserved.
2026-05-28,2026-05,Ituri,Rwampara,vPxN2nZnBXK,53,,1.5710652340000308,30.08327315923981,SitRep N014/MVB_28/2026,2026-05-28,N14 health-zone allocation partially reconstructed from adjacent SitReps; headline total is preserved.
2026-05-28,2026-05,Nord-Kivu,Butembo,foR0DRLqtdJ,5,,0.1465342500003714,29.251277502423125,SitRep N014/MVB_28/2026,2026-05-28,N14 health-zone allocation partially reconstructed from adjacent SitReps; headline total is preserved.
2026-05-28,2026-05,Nord-Kivu,Goma,t8tjGKVhkl3,1,,-1.6528676989999551,29.17826328304752,SitRep N014/MVB_28/2026,2026-05-28,N14 health-zone allocation partially reconstructed from adjacent SitReps; headline total is preserved.
2026-05-28,2026-05,Nord-Kivu,Kalunguta,XoJ3dLz68aj,1,,0.3266166500000906,29.34622252068664,SitRep N014/MVB_28/2026,2026-05-28,N14 health-zone allocation partially reconstructed from adjacent SitReps; headline total is preserved.
2026-05-28,2026-05,Nord-Kivu,Katwa,woJBeEpIZdy,4,,0.1198993135112445,29.32416416638681,SitRep N014/MVB_28/2026,2026-05-28,N14 health-zone allocation partially reconstructed from adjacent SitReps; headline total is preserved.
2026-05-28,2026-05,Nord-Kivu,Kyondo,amGiV9h9C2I,1,,0.0132661619471709,29.50420270117476,SitRep N014/MVB_28/2026,2026-05-28,N14 health-zone allocation partially reconstructed from adjacent SitReps; headline total is preserved.
2026-05-28,2026-05,Nord-Kivu,Oicha,zOOAshOz4Cz,1,,0.7639879778753311,29.54704482375912,SitRep N014/MVB_28/2026,2026-05-28,N14 health-zone allocation partially reconstructed from adjacent SitReps; headline total is preserved.
2026-05-28,2026-05,Sud-Kivu,Miti-Murhesa,cXkCT53xxfk,2,,-2.39067,28.72098,SitRep N014/MVB_28/2026,2026-05-28,N14 health-zone allocation partially reconstructed from adjacent SitReps; headline total is preserved.
2026-05-29,2026-05,Ituri,Aru,v8PqffapuVl,2,1.0,2.859042986322321,30.833681049566664,SitRep N015/MVB_29/2026,2026-05-29,"Cumulative confirmed cases from the N15 table, with non-identified rows stored separately."
2026-05-29,2026-05,Ituri,Aungba,DFcltLEKLxj,1,0.0,2.5670708830760702,30.592536320311343,SitRep N015/MVB_29/2026,2026-05-29,"Cumulative confirmed cases from the N15 table, with non-identified rows stored separately."
2026-05-29,2026-05,Ituri,Bambu,Uc3GqWS8C0w,2,2.0,1.8633970955000336,30.20627592724413,SitRep N015/MVB_29/2026,2026-05-29,"Cumulative confirmed cases from the N15 table, with non-identified rows stored separately."
2026-05-29,2026-05,Ituri,Bunia,GPi6i83o7l6,80,8.0,1.607713140500067,30.282078091482003,SitRep N015/MVB_29/2026,2026-05-29,"Cumulative confirmed cases from the N15 table, with non-identified rows stored separately."
2026-05-29,2026-05,Ituri,Damas,ApdB8z3Wrxt,1,0.0,2.1976361605001387,30.22934640858644,SitRep N015/MVB_29/2026,2026-05-29,"Cumulative confirmed cases from the N15 table, with non-identified rows stored separately."
2026-05-29,2026-05,Ituri,Gety,X8zFJ7DJlRD,1,0.0,1.253148786140514,30.189368117956285,SitRep N015/MVB_29/2026,2026-05-29,"Cumulative confirmed cases from the N15 table, with non-identified rows stored separately."
2026-05-29,2026-05,Ituri,Kilo,sbyWSsdZ3tj,2,0.0,1.7598275375000298,30.080701985660504,SitRep N015/MVB_29/2026,2026-05-29,"Cumulative confirmed cases from the N15 table, with non-identified rows stored separately."
2026-05-29,2026-05,Ituri,Komanda,i2mtQy4nTmD,1,0.0,1.1261791000000585,29.62557262065517,SitRep N015/MVB_29/2026,2026-05-29,"Cumulative confirmed cases from the N15 table, with non-identified rows stored separately."
2026-05-29,2026-05,Ituri,Lita,xGWcGHazqtw,1,0.0,1.588332974500048,30.38710948970807,SitRep N015/MVB_29/2026,2026-05-29,"Cumulative confirmed cases from the N15 table, with non-identified rows stored separately."
2026-05-29,2026-05,Ituri,Mangala,,1,0.0,,,SitRep N015/MVB_29/2026,2026-05-29,"Cumulative confirmed cases from the N15 table, with non-identified rows stored separately."
2026-05-29,2026-05,Ituri,Mongbwalu,nv8tx681Gjd,47,10.0,2.120204140000084,29.46395014319073,SitRep N015/MVB_29/2026,2026-05-29,"Cumulative confirmed cases from the N15 table, with non-identified rows stored separately."
2026-05-29,2026-05,Ituri,Nizi,TCE5waEW7Fi,2,0.0,1.7491092545000129,30.29386589242562,SitRep N015/MVB_29/2026,2026-05-29,"Cumulative confirmed cases from the N15 table, with non-identified rows stored separately."
2026-05-29,2026-05,Ituri,Nyankunde,mGTaa8TFifO,19,1.0,1.4866449679154434,29.933917392135683,SitRep N015/MVB_29/2026,2026-05-29,"Cumulative confirmed cases from the N15 table, with non-identified rows stored separately."
2026-05-29,2026-05,Ituri,Rwampara,vPxN2nZnBXK,65,13.0,1.5710652340000308,30.08327315923981,SitRep N015/MVB_29/2026,2026-05-29,"Cumulative confirmed cases from the N15 table, with non-identified rows stored separately."
2026-05-29,2026-05,Nord-Kivu,Beni,msg2MyMGhKv,2,0.0,0.493171248666955,29.51358389763662,SitRep N015/MVB_29/2026,2026-05-29,"Cumulative confirmed cases from the N15 table, with non-identified rows stored separately."
2026-05-29,2026-05,Nord-Kivu,Butembo,foR0DRLqtdJ,5,2.0,0.1465342500003714,29.251277502423125,SitRep N015/MVB_29/2026,2026-05-29,"Cumulative confirmed cases from the N15 table, with non-identified rows stored separately."
2026-05-29,2026-05,Nord-Kivu,Goma,t8tjGKVhkl3,1,0.0,-1.6528676989999551,29.17826328304752,SitRep N015/MVB_29/2026,2026-05-29,"Cumulative confirmed cases from the N15 table, with non-identified rows stored separately."
2026-05-29,2026-05,Nord-Kivu,Kalunguta,XoJ3dLz68aj,1,1.0,0.3266166500000906,29.34622252068664,SitRep N015/MVB_29/2026,2026-05-29,"Cumulative confirmed cases from the N15 table, with non-identified rows stored separately."
2026-05-29,2026-05,Nord-Kivu,Katwa,woJBeEpIZdy,4,3.0,0.1198993135112445,29.32416416638681,SitRep N015/MVB_29/2026,2026-05-29,"Cumulative confirmed cases from the N15 table, with non-identified rows stored separately."
2026-05-29,2026-05,Nord-Kivu,Kyondo,amGiV9h9C2I,1,0.0,0.0132661619471709,29.50420270117476,SitRep N015/MVB_29/2026,2026-05-29,"Cumulative confirmed cases from the N15 table, with non-identified rows stored separately."
2026-05-29,2026-05,Nord-Kivu,Oicha,zOOAshOz4Cz,1,0.0,0.7639879778753311,29.54704482375912,SitRep N015/MVB_29/2026,2026-05-29,"Cumulative confirmed cases from the N15 table, with non-identified rows stored separately."
2026-05-29,2026-05,Sud-Kivu,Miti-Murhesa,cXkCT53xxfk,3,1.0,-2.39067,28.72098,SitRep N015/MVB_29/2026,2026-05-29,"Cumulative confirmed cases from the N15 table, with non-identified rows stored separately."
2026-05-30,2026-05,Ituri,Aru,v8PqffapuVl,2,,2.859042986322321,30.833681049566664,SitRep N016/MVB_30/2026,2026-05-30,N16 health-zone allocation partially reconstructed from N15 plus reported daily increase.
2026-05-30,2026-05,Ituri,Aungba,DFcltLEKLxj,1,,2.5670708830760702,30.592536320311343,SitRep N016/MVB_30/2026,2026-05-30,N16 health-zone allocation partially reconstructed from N15 plus reported daily increase.
2026-05-30,2026-05,Ituri,Bambu,Uc3GqWS8C0w,2,,1.8633970955000336,30.20627592724413,SitRep N016/MVB_30/2026,2026-05-30,N16 health-zone allocation partially reconstructed from N15 plus reported daily increase.
2026-05-30,2026-05,Ituri,Bunia,GPi6i83o7l6,88,,1.607713140500067,30.282078091482003,SitRep N016/MVB_30/2026,2026-05-30,N16 health-zone allocation partially reconstructed from N15 plus reported daily increase.
2026-05-30,2026-05,Ituri,Damas,ApdB8z3Wrxt,1,,2.1976361605001387,30.22934640858644,SitRep N016/MVB_30/2026,2026-05-30,N16 health-zone allocation partially reconstructed from N15 plus reported daily increase.
2026-05-30,2026-05,Ituri,Gety,X8zFJ7DJlRD,1,,1.253148786140514,30.189368117956285,SitRep N016/MVB_30/2026,2026-05-30,N16 health-zone allocation partially reconstructed from N15 plus reported daily increase.
2026-05-30,2026-05,Ituri,Kilo,sbyWSsdZ3tj,2,,1.7598275375000298,30.080701985660504,SitRep N016/MVB_30/2026,2026-05-30,N16 health-zone allocation partially reconstructed from N15 plus reported daily increase.
2026-05-30,2026-05,Ituri,Komanda,i2mtQy4nTmD,1,,1.1261791000000585,29.62557262065517,SitRep N016/MVB_30/2026,2026-05-30,N16 health-zone allocation partially reconstructed from N15 plus reported daily increase.
2026-05-30,2026-05,Ituri,Lita,xGWcGHazqtw,1,,1.588332974500048,30.38710948970807,SitRep N016/MVB_30/2026,2026-05-30,N16 health-zone allocation partially reconstructed from N15 plus reported daily increase.
2026-05-30,2026-05,Ituri,Mangala,,1,,,,SitRep N016/MVB_30/2026,2026-05-30,N16 health-zone allocation partially reconstructed from N15 plus reported daily increase.
2026-05-30,2026-05,Ituri,Mongbwalu,nv8tx681Gjd,51,,2.120204140000084,29.46395014319073,SitRep N016/MVB_30/2026,2026-05-30,N16 health-zone allocation partially reconstructed from N15 plus reported daily increase.
2026-05-30,2026-05,Ituri,Nizi,TCE5waEW7Fi,2,,1.7491092545000129,30.29386589242562,SitRep N016/MVB_30/2026,2026-05-30,N16 health-zone allocation partially reconstructed from N15 plus reported daily increase.
2026-05-30,2026-05,Ituri,Nyankunde,mGTaa8TFifO,20,,1.4866449679154434,29.933917392135683,SitRep N016/MVB_30/2026,2026-05-30,N16 health-zone allocation partially reconstructed from N15 plus reported daily increase.
2026-05-30,2026-05,Ituri,Rwampara,vPxN2nZnBXK,71,,1.5710652340000308,30.08327315923981,SitRep N016/MVB_30/2026,2026-05-30,N16 health-zone allocation partially reconstructed from N15 plus reported daily increase.
2026-05-30,2026-05,Nord-Kivu,Beni,msg2MyMGhKv,2,,0.493171248666955,29.51358389763662,SitRep N016/MVB_30/2026,2026-05-30,N16 health-zone allocation partially reconstructed from N15 plus reported daily increase.
2026-05-30,2026-05,Nord-Kivu,Butembo,foR0DRLqtdJ,5,,0.1465342500003714,29.251277502423125,SitRep N016/MVB_30/2026,2026-05-30,N16 health-zone allocation partially reconstructed from N15 plus reported daily increase.
2026-05-30,2026-05,Nord-Kivu,Goma,t8tjGKVhkl3,1,,-1.6528676989999551,29.17826328304752,SitRep N016/MVB_30/2026,2026-05-30,N16 health-zone allocation partially reconstructed from N15 plus reported daily increase.
2026-05-30,2026-05,Nord-Kivu,Kalunguta,XoJ3dLz68aj,1,,0.3266166500000906,29.34622252068664,SitRep N016/MVB_30/2026,2026-05-30,N16 health-zone allocation partially reconstructed from N15 plus reported daily increase.
2026-05-30,2026-05,Nord-Kivu,Katwa,woJBeEpIZdy,4,,0.1198993135112445,29.32416416638681,SitRep N016/MVB_30/2026,2026-05-30,N16 health-zone allocation partially reconstructed from N15 plus reported daily increase.
2026-05-30,2026-05,Nord-Kivu,Kyondo,amGiV9h9C2I,1,,0.0132661619471709,29.50420270117476,SitRep N016/MVB_30/2026,2026-05-30,N16 health-zone allocation partially reconstructed from N15 plus reported daily increase.
2026-05-30,2026-05,Nord-Kivu,Oicha,zOOAshOz4Cz,1,,0.7639879778753311,29.54704482375912,SitRep N016/MVB_30/2026,2026-05-30,N16 health-zone allocation partially reconstructed from N15 plus reported daily increase.
2026-05-30,2026-05,Sud-Kivu,Miti-Murhesa,cXkCT53xxfk,3,,-2.39067,28.72098,SitRep N016/MVB_30/2026,2026-05-30,N16 health-zone allocation partially reconstructed from N15 plus reported daily increase.
2026-05-31,2026-05,Ituri,Aru,v8PqffapuVl,2,,2.859042986322321,30.833681049566664,SitRep N017/MVB_31/2026,2026-05-31,Cumulative confirmed cases from N17; Autres ZS stored separately.
2026-05-31,2026-05,Ituri,Aungba,DFcltLEKLxj,1,,2.5670708830760702,30.592536320311343,SitRep N017/MVB_31/2026,2026-05-31,Cumulative confirmed cases from N17; Autres ZS stored separately.
2026-05-31,2026-05,Ituri,Bambu,Uc3GqWS8C0w,2,,1.8633970955000336,30.20627592724413,SitRep N017/MVB_31/2026,2026-05-31,Cumulative confirmed cases from N17; Autres ZS stored separately.
2026-05-31,2026-05,Ituri,Bunia,GPi6i83o7l6,74,,1.607713140500067,30.282078091482003,SitRep N017/MVB_31/2026,2026-05-31,Cumulative confirmed cases from N17; Autres ZS stored separately.
2026-05-31,2026-05,Ituri,Damas,ApdB8z3Wrxt,1,,2.1976361605001387,30.22934640858644,SitRep N017/MVB_31/2026,2026-05-31,Cumulative confirmed cases from N17; Autres ZS stored separately.
2026-05-31,2026-05,Ituri,Gety,X8zFJ7DJlRD,1,,1.253148786140514,30.189368117956285,SitRep N017/MVB_31/2026,2026-05-31,Cumulative confirmed cases from N17; Autres ZS stored separately.
2026-05-31,2026-05,Ituri,Kilo,sbyWSsdZ3tj,2,,1.7598275375000298,30.080701985660504,SitRep N017/MVB_31/2026,2026-05-31,Cumulative confirmed cases from N17; Autres ZS stored separately.
2026-05-31,2026-05,Ituri,Komanda,i2mtQy4nTmD,0,,1.1261791000000585,29.62557262065517,SitRep N017/MVB_31/2026,2026-05-31,Cumulative confirmed cases from N17; Autres ZS stored separately.
2026-05-31,2026-05,Ituri,Lita,xGWcGHazqtw,1,,1.588332974500048,30.38710948970807,SitRep N017/MVB_31/2026,2026-05-31,Cumulative confirmed cases from N17; Autres ZS stored separately.
2026-05-31,2026-05,Ituri,Logo,qqGoQGSp1Dw,1,,2.155727226000039,30.877556277526388,SitRep N017/MVB_31/2026,2026-05-31,Cumulative confirmed cases from N17; Autres ZS stored separately.
2026-05-31,2026-05,Ituri,Mambasa,RjHZChl5gJQ,0,,1.4290391459577108,28.62314089055854,SitRep N017/MVB_31/2026,2026-05-31,Cumulative confirmed cases from N17; Autres ZS stored separately.
2026-05-31,2026-05,Ituri,Mangala,,1,,,,SitRep N017/MVB_31/2026,2026-05-31,Cumulative confirmed cases from N17; Autres ZS stored separately.
2026-05-31,2026-05,Ituri,Mongbwalu,nv8tx681Gjd,36,,2.120204140000084,29.46395014319073,SitRep N017/MVB_31/2026,2026-05-31,Cumulative confirmed cases from N17; Autres ZS stored separately.
2026-05-31,2026-05,Ituri,Nizi,TCE5waEW7Fi,1,,1.7491092545000129,30.29386589242562,SitRep N017/MVB_31/2026,2026-05-31,Cumulative confirmed cases from N17; Autres ZS stored separately.
2026-05-31,2026-05,Ituri,Nyankunde,mGTaa8TFifO,18,,1.4866449679154434,29.933917392135683,SitRep N017/MVB_31/2026,2026-05-31,Cumulative confirmed cases from N17; Autres ZS stored separately.
2026-05-31,2026-05,Ituri,Rwampara,vPxN2nZnBXK,62,,1.5710652340000308,30.08327315923981,SitRep N017/MVB_31/2026,2026-05-31,Cumulative confirmed cases from N17; Autres ZS stored separately.
2026-05-31,2026-05,Nord-Kivu,Beni,msg2MyMGhKv,5,,0.493171248666955,29.51358389763662,SitRep N017/MVB_31/2026,2026-05-31,Cumulative confirmed cases from N17; Autres ZS stored separately.
2026-05-31,2026-05,Nord-Kivu,Butembo,foR0DRLqtdJ,2,,0.1465342500003714,29.251277502423125,SitRep N017/MVB_31/2026,2026-05-31,Cumulative confirmed cases from N17; Autres ZS stored separately.
2026-05-31,2026-05,Nord-Kivu,Goma,t8tjGKVhkl3,1,,-1.6528676989999551,29.17826328304752,SitRep N017/MVB_31/2026,2026-05-31,Cumulative confirmed cases from N17; Autres ZS stored separately.
2026-05-31,2026-05,Nord-Kivu,Kalunguta,XoJ3dLz68aj,1,,0.3266166500000906,29.34622252068664,SitRep N017/MVB_31/2026,2026-05-31,Cumulative confirmed cases from N17; Autres ZS stored separately.
2026-05-31,2026-05,Nord-Kivu,Katwa,woJBeEpIZdy,7,,0.1198993135112445,29.32416416638681,SitRep N017/MVB_31/2026,2026-05-31,Cumulative confirmed cases from N17; Autres ZS stored separately.
2026-05-31,2026-05,Nord-Kivu,Kyondo,amGiV9h9C2I,1,,0.0132661619471709,29.50420270117476,SitRep N017/MVB_31/2026,2026-05-31,Cumulative confirmed cases from N17; Autres ZS stored separately.
2026-05-31,2026-05,Nord-Kivu,Oicha,zOOAshOz4Cz,2,,0.7639879778753311,29.54704482375912,SitRep N017/MVB_31/2026,2026-05-31,Cumulative confirmed cases from N17; Autres ZS stored separately.
2026-05-31,2026-05,Sud-Kivu,Miti-Murhesa,cXkCT53xxfk,3,,-2.39067,28.72098,SitRep N017/MVB_31/2026,2026-05-31,Cumulative confirmed cases from N17; Autres ZS stored separately.
2026-06-01,2026-06,Ituri,Aru,v8PqffapuVl,2,1.0,2.859042986322321,30.833681049566664,SitRep N018/MVB_01/06/2026,2026-06-01,Cumulative confirmed cases from N18; Autres ZS stored separately.
2026-06-01,2026-06,Ituri,Aungba,DFcltLEKLxj,1,0.0,2.5670708830760702,30.592536320311343,SitRep N018/MVB_01/06/2026,2026-06-01,Cumulative confirmed cases from N18; Autres ZS stored separately.
2026-06-01,2026-06,Ituri,Bambu,Uc3GqWS8C0w,2,2.0,1.8633970955000336,30.20627592724413,SitRep N018/MVB_01/06/2026,2026-06-01,Cumulative confirmed cases from N18; Autres ZS stored separately.
2026-06-01,2026-06,Ituri,Bunia,GPi6i83o7l6,80,8.0,1.607713140500067,30.282078091482003,SitRep N018/MVB_01/06/2026,2026-06-01,Cumulative confirmed cases from N18; Autres ZS stored separately.
2026-06-01,2026-06,Ituri,Damas,ApdB8z3Wrxt,1,0.0,2.1976361605001387,30.22934640858644,SitRep N018/MVB_01/06/2026,2026-06-01,Cumulative confirmed cases from N18; Autres ZS stored separately.
2026-06-01,2026-06,Ituri,Gety,X8zFJ7DJlRD,1,0.0,1.253148786140514,30.189368117956285,SitRep N018/MVB_01/06/2026,2026-06-01,Cumulative confirmed cases from N18; Autres ZS stored separately.
2026-06-01,2026-06,Ituri,Kilo,sbyWSsdZ3tj,2,0.0,1.7598275375000298,30.080701985660504,SitRep N018/MVB_01/06/2026,2026-06-01,Cumulative confirmed cases from N18; Autres ZS stored separately.
2026-06-01,2026-06,Ituri,Komanda,i2mtQy4nTmD,1,0.0,1.1261791000000585,29.62557262065517,SitRep N018/MVB_01/06/2026,2026-06-01,Cumulative confirmed cases from N18; Autres ZS stored separately.
2026-06-01,2026-06,Ituri,Lita,xGWcGHazqtw,1,0.0,1.588332974500048,30.38710948970807,SitRep N018/MVB_01/06/2026,2026-06-01,Cumulative confirmed cases from N18; Autres ZS stored separately.
2026-06-01,2026-06,Ituri,Logo,qqGoQGSp1Dw,1,0.0,2.155727226000039,30.877556277526388,SitRep N018/MVB_01/06/2026,2026-06-01,Cumulative confirmed cases from N18; Autres ZS stored separately.
2026-06-01,2026-06,Ituri,Mambasa,RjHZChl5gJQ,2,1.0,1.4290391459577108,28.62314089055854,SitRep N018/MVB_01/06/2026,2026-06-01,Cumulative confirmed cases from N18; Autres ZS stored separately.
2026-06-01,2026-06,Ituri,Mangala,,1,0.0,,,SitRep N018/MVB_01/06/2026,2026-06-01,Cumulative confirmed cases from N18; Autres ZS stored separately.
2026-06-01,2026-06,Ituri,Mongbwalu,nv8tx681Gjd,47,10.0,2.120204140000084,29.46395014319073,SitRep N018/MVB_01/06/2026,2026-06-01,Cumulative confirmed cases from N18; Autres ZS stored separately.
2026-06-01,2026-06,Ituri,Nizi,TCE5waEW7Fi,2,0.0,1.7491092545000129,30.29386589242562,SitRep N018/MVB_01/06/2026,2026-06-01,Cumulative confirmed cases from N18; Autres ZS stored separately.
2026-06-01,2026-06,Ituri,Nyankunde,mGTaa8TFifO,19,1.0,1.4866449679154434,29.933917392135683,SitRep N018/MVB_01/06/2026,2026-06-01,Cumulative confirmed cases from N18; Autres ZS stored separately.
2026-06-01,2026-06,Ituri,Rwampara,vPxN2nZnBXK,65,13.0,1.5710652340000308,30.08327315923981,SitRep N018/MVB_01/06/2026,2026-06-01,Cumulative confirmed cases from N18; Autres ZS stored separately.
2026-06-01,2026-06,Nord-Kivu,Beni,msg2MyMGhKv,5,3.0,0.493171248666955,29.51358389763662,SitRep N018/MVB_01/06/2026,2026-06-01,Cumulative confirmed cases from N18; Autres ZS stored separately.
2026-06-01,2026-06,Nord-Kivu,Butembo,foR0DRLqtdJ,2,2.0,0.1465342500003714,29.251277502423125,SitRep N018/MVB_01/06/2026,2026-06-01,Cumulative confirmed cases from N18; Autres ZS stored separately.
2026-06-01,2026-06,Nord-Kivu,Goma,t8tjGKVhkl3,1,0.0,-1.6528676989999551,29.17826328304752,SitRep N018/MVB_01/06/2026,2026-06-01,Cumulative confirmed cases from N18; Autres ZS stored separately.
2026-06-01,2026-06,Nord-Kivu,Kalunguta,XoJ3dLz68aj,1,1.0,0.3266166500000906,29.34622252068664,SitRep N018/MVB_01/06/2026,2026-06-01,Cumulative confirmed cases from N18; Autres ZS stored separately.
2026-06-01,2026-06,Nord-Kivu,Katwa,woJBeEpIZdy,7,5.0,0.1198993135112445,29.32416416638681,SitRep N018/MVB_01/06/2026,2026-06-01,Cumulative confirmed cases from N18; Autres ZS stored separately.
2026-06-01,2026-06,Nord-Kivu,Kyondo,amGiV9h9C2I,1,0.0,0.0132661619471709,29.50420270117476,SitRep N018/MVB_01/06/2026,2026-06-01,Cumulative confirmed cases from N18; Autres ZS stored separately.
2026-06-01,2026-06,Nord-Kivu,Oicha,zOOAshOz4Cz,2,2.0,0.7639879778753311,29.54704482375912,SitRep N018/MVB_01/06/2026,2026-06-01,Cumulative confirmed cases from N18; Autres ZS stored separately.
2026-06-01,2026-06,Sud-Kivu,Miti-Murhesa,cXkCT53xxfk,3,1.0,-2.39067,28.72098,SitRep N018/MVB_01/06/2026,2026-06-01,Cumulative confirmed cases from N18; Autres ZS stored separately.
2026-06-02,2026-06,Ituri,Aru,v8PqffapuVl,2,1.0,2.859042986322321,30.833681049566664,SitRep N019/MVB_02/06/2026,2026-06-02,Cumulative confirmed cases from N19; Autres ZS stored separately.
2026-06-02,2026-06,Ituri,Aungba,DFcltLEKLxj,1,0.0,2.5670708830760702,30.592536320311343,SitRep N019/MVB_02/06/2026,2026-06-02,Cumulative confirmed cases from N19; Autres ZS stored separately.
2026-06-02,2026-06,Ituri,Bambu,Uc3GqWS8C0w,2,2.0,1.8633970955000336,30.20627592724413,SitRep N019/MVB_02/06/2026,2026-06-02,Cumulative confirmed cases from N19; Autres ZS stored separately.
2026-06-02,2026-06,Ituri,Bunia,GPi6i83o7l6,85,8.0,1.607713140500067,30.282078091482003,SitRep N019/MVB_02/06/2026,2026-06-02,Cumulative confirmed cases from N19; Autres ZS stored separately.
2026-06-02,2026-06,Ituri,Damas,ApdB8z3Wrxt,2,0.0,2.1976361605001387,30.22934640858644,SitRep N019/MVB_02/06/2026,2026-06-02,Cumulative confirmed cases from N19; Autres ZS stored separately.
2026-06-02,2026-06,Ituri,Gety,X8zFJ7DJlRD,1,0.0,1.253148786140514,30.189368117956285,SitRep N019/MVB_02/06/2026,2026-06-02,Cumulative confirmed cases from N19; Autres ZS stored separately.
2026-06-02,2026-06,Ituri,Kilo,sbyWSsdZ3tj,2,0.0,1.7598275375000298,30.080701985660504,SitRep N019/MVB_02/06/2026,2026-06-02,Cumulative confirmed cases from N19; Autres ZS stored separately.
2026-06-02,2026-06,Ituri,Komanda,i2mtQy4nTmD,1,0.0,1.1261791000000585,29.62557262065517,SitRep N019/MVB_02/06/2026,2026-06-02,Cumulative confirmed cases from N19; Autres ZS stored separately.
2026-06-02,2026-06,Ituri,Lita,xGWcGHazqtw,1,0.0,1.588332974500048,30.38710948970807,SitRep N019/MVB_02/06/2026,2026-06-02,Cumulative confirmed cases from N19; Autres ZS stored separately.
2026-06-02,2026-06,Ituri,Logo,qqGoQGSp1Dw,1,0.0,2.155727226000039,30.877556277526388,SitRep N019/MVB_02/06/2026,2026-06-02,Cumulative confirmed cases from N19; Autres ZS stored separately.
2026-06-02,2026-06,Ituri,Mambasa,RjHZChl5gJQ,2,1.0,1.4290391459577108,28.62314089055854,SitRep N019/MVB_02/06/2026,2026-06-02,Cumulative confirmed cases from N19; Autres ZS stored separately.
2026-06-02,2026-06,Ituri,Mangala,,1,0.0,,,SitRep N019/MVB_02/06/2026,2026-06-02,Cumulative confirmed cases from N19; Autres ZS stored separately.
2026-06-02,2026-06,Ituri,Mongbwalu,nv8tx681Gjd,47,10.0,2.120204140000084,29.46395014319073,SitRep N019/MVB_02/06/2026,2026-06-02,Cumulative confirmed cases from N19; Autres ZS stored separately.
2026-06-02,2026-06,Ituri,Nizi,TCE5waEW7Fi,2,0.0,1.7491092545000129,30.29386589242562,SitRep N019/MVB_02/06/2026,2026-06-02,Cumulative confirmed cases from N19; Autres ZS stored separately.
2026-06-02,2026-06,Ituri,Nyankunde,mGTaa8TFifO,22,1.0,1.4866449679154434,29.933917392135683,SitRep N019/MVB_02/06/2026,2026-06-02,Cumulative confirmed cases from N19; Autres ZS stored separately.
2026-06-02,2026-06,Ituri,Rimba,a2aJcbwnjoK,3,0.0,2.2214134000000456,30.706000954123333,SitRep N019/MVB_02/06/2026,2026-06-02,Cumulative confirmed cases from N19; Autres ZS stored separately.
2026-06-02,2026-06,Ituri,Rwampara,vPxN2nZnBXK,72,15.0,1.5710652340000308,30.08327315923981,SitRep N019/MVB_02/06/2026,2026-06-02,Cumulative confirmed cases from N19; Autres ZS stored separately.
2026-06-02,2026-06,Nord-Kivu,Beni,msg2MyMGhKv,5,3.0,0.493171248666955,29.51358389763662,SitRep N019/MVB_02/06/2026,2026-06-02,Cumulative confirmed cases from N19; Autres ZS stored separately.
2026-06-02,2026-06,Nord-Kivu,Butembo,foR0DRLqtdJ,2,2.0,0.1465342500003714,29.251277502423125,SitRep N019/MVB_02/06/2026,2026-06-02,Cumulative confirmed cases from N19; Autres ZS stored separately.
2026-06-02,2026-06,Nord-Kivu,Goma,t8tjGKVhkl3,1,0.0,-1.6528676989999551,29.17826328304752,SitRep N019/MVB_02/06/2026,2026-06-02,Cumulative confirmed cases from N19; Autres ZS stored separately.
2026-06-02,2026-06,Nord-Kivu,Kalunguta,XoJ3dLz68aj,1,1.0,0.3266166500000906,29.34622252068664,SitRep N019/MVB_02/06/2026,2026-06-02,Cumulative confirmed cases from N19; Autres ZS stored separately.
2026-06-02,2026-06,Nord-Kivu,Katwa,woJBeEpIZdy,7,5.0,0.1198993135112445,29.32416416638681,SitRep N019/MVB_02/06/2026,2026-06-02,Cumulative confirmed cases from N19; Autres ZS stored separately.
2026-06-02,2026-06,Nord-Kivu,Kyondo,amGiV9h9C2I,1,0.0,0.0132661619471709,29.50420270117476,SitRep N019/MVB_02/06/2026,2026-06-02,Cumulative confirmed cases from N19; Autres ZS stored separately.
2026-06-02,2026-06,Nord-Kivu,Oicha,zOOAshOz4Cz,2,2.0,0.7639879778753311,29.54704482375912,SitRep N019/MVB_02/06/2026,2026-06-02,Cumulative confirmed cases from N19; Autres ZS stored separately.
2026-06-02,2026-06,Sud-Kivu,Miti-Murhesa,cXkCT53xxfk,3,1.0,-2.39067,28.72098,SitRep N019/MVB_02/06/2026,2026-06-02,Cumulative confirmed cases from N19; Autres ZS stored separately.
2026-06-03,2026-06,Ituri,Aru,v8PqffapuVl,2,1.0,2.859042986322321,30.833681049566664,SitRep N020/MVB_03/06/2026,2026-06-03,Cumulative confirmed cases from N20; Autres ZS stored separately.
2026-06-03,2026-06,Ituri,Aungba,DFcltLEKLxj,1,0.0,2.5670708830760702,30.592536320311343,SitRep N020/MVB_03/06/2026,2026-06-03,Cumulative confirmed cases from N20; Autres ZS stored separately.
2026-06-03,2026-06,Ituri,Bambu,Uc3GqWS8C0w,2,2.0,1.8633970955000336,30.20627592724413,SitRep N020/MVB_03/06/2026,2026-06-03,Cumulative confirmed cases from N20; Autres ZS stored separately.
2026-06-03,2026-06,Ituri,Bunia,GPi6i83o7l6,97,9.0,1.607713140500067,30.282078091482003,SitRep N020/MVB_03/06/2026,2026-06-03,Cumulative confirmed cases from N20; Autres ZS stored separately.
2026-06-03,2026-06,Ituri,Damas,ApdB8z3Wrxt,3,0.0,2.1976361605001387,30.22934640858644,SitRep N020/MVB_03/06/2026,2026-06-03,Cumulative confirmed cases from N20; Autres ZS stored separately.
2026-06-03,2026-06,Ituri,Gety,X8zFJ7DJlRD,1,0.0,1.253148786140514,30.189368117956285,SitRep N020/MVB_03/06/2026,2026-06-03,Cumulative confirmed cases from N20; Autres ZS stored separately.
2026-06-03,2026-06,Ituri,Kilo,sbyWSsdZ3tj,2,0.0,1.7598275375000298,30.080701985660504,SitRep N020/MVB_03/06/2026,2026-06-03,Cumulative confirmed cases from N20; Autres ZS stored separately.
2026-06-03,2026-06,Ituri,Komanda,i2mtQy4nTmD,1,0.0,1.1261791000000585,29.62557262065517,SitRep N020/MVB_03/06/2026,2026-06-03,Cumulative confirmed cases from N20; Autres ZS stored separately.
2026-06-03,2026-06,Ituri,Lita,xGWcGHazqtw,2,0.0,1.588332974500048,30.38710948970807,SitRep N020/MVB_03/06/2026,2026-06-03,Cumulative confirmed cases from N20; Autres ZS stored separately.
2026-06-03,2026-06,Ituri,Logo,qqGoQGSp1Dw,1,0.0,2.155727226000039,30.877556277526388,SitRep N020/MVB_03/06/2026,2026-06-03,Cumulative confirmed cases from N20; Autres ZS stored separately.
2026-06-03,2026-06,Ituri,Mambasa,RjHZChl5gJQ,2,1.0,1.4290391459577108,28.62314089055854,SitRep N020/MVB_03/06/2026,2026-06-03,Cumulative confirmed cases from N20; Autres ZS stored separately.
2026-06-03,2026-06,Ituri,Mangala,,1,0.0,,,SitRep N020/MVB_03/06/2026,2026-06-03,Cumulative confirmed cases from N20; Autres ZS stored separately.
2026-06-03,2026-06,Ituri,Mongbwalu,nv8tx681Gjd,47,10.0,2.120204140000084,29.46395014319073,SitRep N020/MVB_03/06/2026,2026-06-03,Cumulative confirmed cases from N20; Autres ZS stored separately.
2026-06-03,2026-06,Ituri,Nizi,TCE5waEW7Fi,2,0.0,1.7491092545000129,30.29386589242562,SitRep N020/MVB_03/06/2026,2026-06-03,Cumulative confirmed cases from N20; Autres ZS stored separately.
2026-06-03,2026-06,Ituri,Nyankunde,mGTaa8TFifO,22,1.0,1.4866449679154434,29.933917392135683,SitRep N020/MVB_03/06/2026,2026-06-03,Cumulative confirmed cases from N20; Autres ZS stored separately.
2026-06-03,2026-06,Ituri,Rimba,a2aJcbwnjoK,3,0.0,2.2214134000000456,30.706000954123333,SitRep N020/MVB_03/06/2026,2026-06-03,Cumulative confirmed cases from N20; Autres ZS stored separately.
2026-06-03,2026-06,Ituri,Rwampara,vPxN2nZnBXK,76,16.0,1.5710652340000308,30.08327315923981,SitRep N020/MVB_03/06/2026,2026-06-03,Cumulative confirmed cases from N20; Autres ZS stored separately.
2026-06-03,2026-06,Nord-Kivu,Beni,msg2MyMGhKv,5,3.0,0.493171248666955,29.51358389763662,SitRep N020/MVB_03/06/2026,2026-06-03,Cumulative confirmed cases from N20; Autres ZS stored separately.
2026-06-03,2026-06,Nord-Kivu,Butembo,foR0DRLqtdJ,2,2.0,0.1465342500003714,29.251277502423125,SitRep N020/MVB_03/06/2026,2026-06-03,Cumulative confirmed cases from N20; Autres ZS stored separately.
2026-06-03,2026-06,Nord-Kivu,Goma,t8tjGKVhkl3,1,0.0,-1.6528676989999551,29.17826328304752,SitRep N020/MVB_03/06/2026,2026-06-03,Cumulative confirmed cases from N20; Autres ZS stored separately.
2026-06-03,2026-06,Nord-Kivu,Kalunguta,XoJ3dLz68aj,1,1.0,0.3266166500000906,29.34622252068664,SitRep N020/MVB_03/06/2026,2026-06-03,Cumulative confirmed cases from N20; Autres ZS stored separately.
2026-06-03,2026-06,Nord-Kivu,Katwa,woJBeEpIZdy,7,5.0,0.1198993135112445,29.32416416638681,SitRep N020/MVB_03/06/2026,2026-06-03,Cumulative confirmed cases from N20; Autres ZS stored separately.
2026-06-03,2026-06,Nord-Kivu,Kyondo,amGiV9h9C2I,1,0.0,0.0132661619471709,29.50420270117476,SitRep N020/MVB_03/06/2026,2026-06-03,Cumulative confirmed cases from N20; Autres ZS stored separately.
2026-06-03,2026-06,Nord-Kivu,Oicha,zOOAshOz4Cz,2,2.0,0.7639879778753311,29.54704482375912,SitRep N020/MVB_03/06/2026,2026-06-03,Cumulative confirmed cases from N20; Autres ZS stored separately.
2026-06-03,2026-06,Sud-Kivu,Miti-Murhesa,cXkCT53xxfk,3,1.0,-2.39067,28.72098,SitRep N020/MVB_03/06/2026,2026-06-03,Cumulative confirmed cases from N20; Autres ZS stored separately.
2026-06-04,2026-06,Ituri,Aru,v8PqffapuVl,3,1.0,2.859042986322321,30.833681049566664,SitRep N021/MVE BUNDIBUGYO_04/06/2026,2026-06-04,Cumulative confirmed cases from N21; Autres ZS stored separately.
2026-06-04,2026-06,Ituri,Aungba,DFcltLEKLxj,1,0.0,2.5670708830760702,30.592536320311343,SitRep N021/MVE BUNDIBUGYO_04/06/2026,2026-06-04,Cumulative confirmed cases from N21; Autres ZS stored separately.
2026-06-04,2026-06,Ituri,Bambu,Uc3GqWS8C0w,5,2.0,1.8633970955000336,30.20627592724413,SitRep N021/MVE BUNDIBUGYO_04/06/2026,2026-06-04,Cumulative confirmed cases from N21; Autres ZS stored separately.
2026-06-04,2026-06,Ituri,Bunia,GPi6i83o7l6,123,11.0,1.607713140500067,30.282078091482003,SitRep N021/MVE BUNDIBUGYO_04/06/2026,2026-06-04,Cumulative confirmed cases from N21; Autres ZS stored separately.
2026-06-04,2026-06,Ituri,Damas,ApdB8z3Wrxt,3,0.0,2.1976361605001387,30.22934640858644,SitRep N021/MVE BUNDIBUGYO_04/06/2026,2026-06-04,Cumulative confirmed cases from N21; Autres ZS stored separately.
2026-06-04,2026-06,Ituri,Gety,X8zFJ7DJlRD,1,0.0,1.253148786140514,30.189368117956285,SitRep N021/MVE BUNDIBUGYO_04/06/2026,2026-06-04,Cumulative confirmed cases from N21; Autres ZS stored separately.
2026-06-04,2026-06,Ituri,Kilo,sbyWSsdZ3tj,3,1.0,1.7598275375000298,30.080701985660504,SitRep N021/MVE BUNDIBUGYO_04/06/2026,2026-06-04,Cumulative confirmed cases from N21; Autres ZS stored separately.
2026-06-04,2026-06,Ituri,Komanda,i2mtQy4nTmD,3,0.0,1.1261791000000585,29.62557262065517,SitRep N021/MVE BUNDIBUGYO_04/06/2026,2026-06-04,Cumulative confirmed cases from N21; Autres ZS stored separately.
2026-06-04,2026-06,Ituri,Lita,xGWcGHazqtw,3,0.0,1.588332974500048,30.38710948970807,SitRep N021/MVE BUNDIBUGYO_04/06/2026,2026-06-04,Cumulative confirmed cases from N21; Autres ZS stored separately.
2026-06-04,2026-06,Ituri,Logo,qqGoQGSp1Dw,2,0.0,2.155727226000039,30.877556277526388,SitRep N021/MVE BUNDIBUGYO_04/06/2026,2026-06-04,Cumulative confirmed cases from N21; Autres ZS stored separately.
2026-06-04,2026-06,Ituri,Mambasa,RjHZChl5gJQ,2,1.0,1.4290391459577108,28.62314089055854,SitRep N021/MVE BUNDIBUGYO_04/06/2026,2026-06-04,Cumulative confirmed cases from N21; Autres ZS stored separately.
2026-06-04,2026-06,Ituri,Mangala,,1,0.0,,,SitRep N021/MVE BUNDIBUGYO_04/06/2026,2026-06-04,Cumulative confirmed cases from N21; Autres ZS stored separately.
2026-06-04,2026-06,Ituri,Mongbwalu,nv8tx681Gjd,64,21.0,2.120204140000084,29.46395014319073,SitRep N021/MVE BUNDIBUGYO_04/06/2026,2026-06-04,Cumulative confirmed cases from N21; Autres ZS stored separately.
2026-06-04,2026-06,Ituri,Nizi,TCE5waEW7Fi,5,0.0,1.7491092545000129,30.29386589242562,SitRep N021/MVE BUNDIBUGYO_04/06/2026,2026-06-04,Cumulative confirmed cases from N21; Autres ZS stored separately.
2026-06-04,2026-06,Ituri,Nyankunde,mGTaa8TFifO,22,1.0,1.4866449679154434,29.933917392135683,SitRep N021/MVE BUNDIBUGYO_04/06/2026,2026-06-04,Cumulative confirmed cases from N21; Autres ZS stored separately.
2026-06-04,2026-06,Ituri,Rimba,a2aJcbwnjoK,3,0.0,2.2214134000000456,30.706000954123333,SitRep N021/MVE BUNDIBUGYO_04/06/2026,2026-06-04,Cumulative confirmed cases from N21; Autres ZS stored separately.
2026-06-04,2026-06,Ituri,Rwampara,vPxN2nZnBXK,86,18.0,1.5710652340000308,30.08327315923981,SitRep N021/MVE BUNDIBUGYO_04/06/2026,2026-06-04,Cumulative confirmed cases from N21; Autres ZS stored separately.
2026-06-04,2026-06,Nord-Kivu,Beni,msg2MyMGhKv,5,3.0,0.493171248666955,29.51358389763662,SitRep N021/MVE BUNDIBUGYO_04/06/2026,2026-06-04,Cumulative confirmed cases from N21; Autres ZS stored separately.
2026-06-04,2026-06,Nord-Kivu,Butembo,foR0DRLqtdJ,4,2.0,0.1465342500003714,29.251277502423125,SitRep N021/MVE BUNDIBUGYO_04/06/2026,2026-06-04,Cumulative confirmed cases from N21; Autres ZS stored separately.
2026-06-04,2026-06,Nord-Kivu,Goma,t8tjGKVhkl3,1,0.0,-1.6528676989999551,29.17826328304752,SitRep N021/MVE BUNDIBUGYO_04/06/2026,2026-06-04,Cumulative confirmed cases from N21; Autres ZS stored separately.
2026-06-04,2026-06,Nord-Kivu,Kalunguta,XoJ3dLz68aj,1,1.0,0.3266166500000906,29.34622252068664,SitRep N021/MVE BUNDIBUGYO_04/06/2026,2026-06-04,Cumulative confirmed cases from N21; Autres ZS stored separately.
2026-06-04,2026-06,Nord-Kivu,Katwa,woJBeEpIZdy,11,7.0,0.1198993135112445,29.32416416638681,SitRep N021/MVE BUNDIBUGYO_04/06/2026,2026-06-04,Cumulative confirmed cases from N21; Autres ZS stored separately.
2026-06-04,2026-06,Nord-Kivu,Kyondo,amGiV9h9C2I,1,0.0,0.0132661619471709,29.50420270117476,SitRep N021/MVE BUNDIBUGYO_04/06/2026,2026-06-04,Cumulative confirmed cases from N21; Autres ZS stored separately.
2026-06-04,2026-06,Nord-Kivu,Oicha,zOOAshOz4Cz,2,2.0,0.7639879778753311,29.54704482375912,SitRep N021/MVE BUNDIBUGYO_04/06/2026,2026-06-04,Cumulative confirmed cases from N21; Autres ZS stored separately.
2026-06-04,2026-06,Sud-Kivu,Miti-Murhesa,cXkCT53xxfk,3,1.0,-2.39067,28.72098,SitRep N021/MVE BUNDIBUGYO_04/06/2026,2026-06-04,Cumulative confirmed cases from N21; Autres ZS stored separately.
2026-06-05,2026-06,Ituri,Aru,v8PqffapuVl,3,,2.859042986322321,30.833681049566664,SitRep N22/MVB_05/06/2026,2026-06-05,Cumulative confirmed cases from N22; Autres ZS stored separately.
2026-06-05,2026-06,Ituri,Aungba,DFcltLEKLxj,1,,2.5670708830760702,30.592536320311343,SitRep N22/MVB_05/06/2026,2026-06-05,Cumulative confirmed cases from N22; Autres ZS stored separately.
2026-06-05,2026-06,Ituri,Bambu,Uc3GqWS8C0w,5,,1.8633970955000336,30.20627592724413,SitRep N22/MVB_05/06/2026,2026-06-05,Cumulative confirmed cases from N22; Autres ZS stored separately.
2026-06-05,2026-06,Ituri,Bunia,GPi6i83o7l6,138,,1.607713140500067,30.282078091482003,SitRep N22/MVB_05/06/2026,2026-06-05,Cumulative confirmed cases from N22; Autres ZS stored separately.
2026-06-05,2026-06,Ituri,Damas,ApdB8z3Wrxt,3,,2.1976361605001387,30.22934640858644,SitRep N22/MVB_05/06/2026,2026-06-05,Cumulative confirmed cases from N22; Autres ZS stored separately.
2026-06-05,2026-06,Ituri,Gety,X8zFJ7DJlRD,1,,1.253148786140514,30.189368117956285,SitRep N22/MVB_05/06/2026,2026-06-05,Cumulative confirmed cases from N22; Autres ZS stored separately.
2026-06-05,2026-06,Ituri,Kilo,sbyWSsdZ3tj,4,,1.7598275375000298,30.080701985660504,SitRep N22/MVB_05/06/2026,2026-06-05,Cumulative confirmed cases from N22; Autres ZS stored separately.
2026-06-05,2026-06,Ituri,Komanda,i2mtQy4nTmD,3,,1.1261791000000585,29.62557262065517,SitRep N22/MVB_05/06/2026,2026-06-05,Cumulative confirmed cases from N22; Autres ZS stored separately.
2026-06-05,2026-06,Ituri,Lita,xGWcGHazqtw,4,,1.588332974500048,30.38710948970807,SitRep N22/MVB_05/06/2026,2026-06-05,Cumulative confirmed cases from N22; Autres ZS stored separately.
2026-06-05,2026-06,Ituri,Logo,qqGoQGSp1Dw,2,,2.155727226000039,30.877556277526388,SitRep N22/MVB_05/06/2026,2026-06-05,Cumulative confirmed cases from N22; Autres ZS stored separately.
2026-06-05,2026-06,Ituri,Mambasa,RjHZChl5gJQ,2,,1.4290391459577108,28.62314089055854,SitRep N22/MVB_05/06/2026,2026-06-05,Cumulative confirmed cases from N22; Autres ZS stored separately.
2026-06-05,2026-06,Ituri,Mangala,,1,,,,SitRep N22/MVB_05/06/2026,2026-06-05,Cumulative confirmed cases from N22; Autres ZS stored separately.
2026-06-05,2026-06,Ituri,Mongbwalu,nv8tx681Gjd,74,,2.120204140000084,29.46395014319073,SitRep N22/MVB_05/06/2026,2026-06-05,Cumulative confirmed cases from N22; Autres ZS stored separately.
2026-06-05,2026-06,Ituri,Nizi,TCE5waEW7Fi,5,,1.7491092545000129,30.29386589242562,SitRep N22/MVB_05/06/2026,2026-06-05,Cumulative confirmed cases from N22; Autres ZS stored separately.
2026-06-05,2026-06,Ituri,Nyankunde,mGTaa8TFifO,24,,1.4866449679154434,29.933917392135683,SitRep N22/MVB_05/06/2026,2026-06-05,Cumulative confirmed cases from N22; Autres ZS stored separately.
2026-06-05,2026-06,Ituri,Rimba,a2aJcbwnjoK,3,,2.2214134000000456,30.706000954123333,SitRep N22/MVB_05/06/2026,2026-06-05,Cumulative confirmed cases from N22; Autres ZS stored separately.
2026-06-05,2026-06,Ituri,Rwampara,vPxN2nZnBXK,93,,1.5710652340000308,30.08327315923981,SitRep N22/MVB_05/06/2026,2026-06-05,Cumulative confirmed cases from N22; Autres ZS stored separately.
2026-06-05,2026-06,Nord-Kivu,Beni,msg2MyMGhKv,5,,0.493171248666955,29.51358389763662,SitRep N22/MVB_05/06/2026,2026-06-05,Cumulative confirmed cases from N22; Autres ZS stored separately.
2026-06-05,2026-06,Nord-Kivu,Butembo,foR0DRLqtdJ,4,,0.1465342500003714,29.251277502423125,SitRep N22/MVB_05/06/2026,2026-06-05,Cumulative confirmed cases from N22; Autres ZS stored separately.
2026-06-05,2026-06,Nord-Kivu,Goma,t8tjGKVhkl3,1,,-1.6528676989999551,29.17826328304752,SitRep N22/MVB_05/06/2026,2026-06-05,Cumulative confirmed cases from N22; Autres ZS stored separately.
2026-06-05,2026-06,Nord-Kivu,Kalunguta,XoJ3dLz68aj,1,,0.3266166500000906,29.34622252068664,SitRep N22/MVB_05/06/2026,2026-06-05,Cumulative confirmed cases from N22; Autres ZS stored separately.
2026-06-05,2026-06,Nord-Kivu,Katwa,woJBeEpIZdy,11,,0.1198993135112445,29.32416416638681,SitRep N22/MVB_05/06/2026,2026-06-05,Cumulative confirmed cases from N22; Autres ZS stored separately.
2026-06-05,2026-06,Nord-Kivu,Kyondo,amGiV9h9C2I,1,,0.0132661619471709,29.50420270117476,SitRep N22/MVB_05/06/2026,2026-06-05,Cumulative confirmed cases from N22; Autres ZS stored separately.
2026-06-05,2026-06,Nord-Kivu,Oicha,zOOAshOz4Cz,2,,0.7639879778753311,29.54704482375912,SitRep N22/MVB_05/06/2026,2026-06-05,Cumulative confirmed cases from N22; Autres ZS stored separately.
2026-06-05,2026-06,Sud-Kivu,Miti-Murhesa,cXkCT53xxfk,3,,-2.39067,28.72098,SitRep N22/MVB_05/06/2026,2026-06-05,Cumulative confirmed cases from N22; Autres ZS stored separately.
2026-06-06,2026-06,Ituri,Aru,v8PqffapuVl,3,1.0,2.859042986322321,30.833681049566664,SitRep N23/MVB_06/06/2026,2026-06-06,Cumulative confirmed cases from N23; Autres ZS stored separately.
2026-06-06,2026-06,Ituri,Aungba,DFcltLEKLxj,1,0.0,2.5670708830760702,30.592536320311343,SitRep N23/MVB_06/06/2026,2026-06-06,Cumulative confirmed cases from N23; Autres ZS stored separately.
2026-06-06,2026-06,Ituri,Bambu,Uc3GqWS8C0w,5,2.0,1.8633970955000336,30.20627592724413,SitRep N23/MVB_06/06/2026,2026-06-06,Cumulative confirmed cases from N23; Autres ZS stored separately.
2026-06-06,2026-06,Ituri,Bunia,GPi6i83o7l6,142,14.0,1.607713140500067,30.282078091482003,SitRep N23/MVB_06/06/2026,2026-06-06,Cumulative confirmed cases from N23; Autres ZS stored separately.
2026-06-06,2026-06,Ituri,Damas,ApdB8z3Wrxt,3,0.0,2.1976361605001387,30.22934640858644,SitRep N23/MVB_06/06/2026,2026-06-06,Cumulative confirmed cases from N23; Autres ZS stored separately.
2026-06-06,2026-06,Ituri,Gety,X8zFJ7DJlRD,1,0.0,1.253148786140514,30.189368117956285,SitRep N23/MVB_06/06/2026,2026-06-06,Cumulative confirmed cases from N23; Autres ZS stored separately.
2026-06-06,2026-06,Ituri,Kilo,sbyWSsdZ3tj,4,1.0,1.7598275375000298,30.080701985660504,SitRep N23/MVB_06/06/2026,2026-06-06,Cumulative confirmed cases from N23; Autres ZS stored separately.
2026-06-06,2026-06,Ituri,Komanda,i2mtQy4nTmD,3,0.0,1.1261791000000585,29.62557262065517,SitRep N23/MVB_06/06/2026,2026-06-06,Cumulative confirmed cases from N23; Autres ZS stored separately.
2026-06-06,2026-06,Ituri,Lita,xGWcGHazqtw,4,0.0,1.588332974500048,30.38710948970807,SitRep N23/MVB_06/06/2026,2026-06-06,Cumulative confirmed cases from N23; Autres ZS stored separately.
2026-06-06,2026-06,Ituri,Logo,qqGoQGSp1Dw,2,0.0,2.155727226000039,30.877556277526388,SitRep N23/MVB_06/06/2026,2026-06-06,Cumulative confirmed cases from N23; Autres ZS stored separately.
2026-06-06,2026-06,Ituri,Mambasa,RjHZChl5gJQ,2,1.0,1.4290391459577108,28.62314089055854,SitRep N23/MVB_06/06/2026,2026-06-06,Cumulative confirmed cases from N23; Autres ZS stored separately.
2026-06-06,2026-06,Ituri,Mangala,,1,0.0,,,SitRep N23/MVB_06/06/2026,2026-06-06,Cumulative confirmed cases from N23; Autres ZS stored separately.
2026-06-06,2026-06,Ituri,Mongbwalu,nv8tx681Gjd,92,25.0,2.120204140000084,29.46395014319073,SitRep N23/MVB_06/06/2026,2026-06-06,Cumulative confirmed cases from N23; Autres ZS stored separately.
2026-06-06,2026-06,Ituri,Nizi,TCE5waEW7Fi,5,0.0,1.7491092545000129,30.29386589242562,SitRep N23/MVB_06/06/2026,2026-06-06,Cumulative confirmed cases from N23; Autres ZS stored separately.
2026-06-06,2026-06,Ituri,Nyankunde,mGTaa8TFifO,24,1.0,1.4866449679154434,29.933917392135683,SitRep N23/MVB_06/06/2026,2026-06-06,Cumulative confirmed cases from N23; Autres ZS stored separately.
2026-06-06,2026-06,Ituri,Rimba,a2aJcbwnjoK,3,0.0,2.2214134000000456,30.706000954123333,SitRep N23/MVB_06/06/2026,2026-06-06,Cumulative confirmed cases from N23; Autres ZS stored separately.
2026-06-06,2026-06,Ituri,Rwampara,vPxN2nZnBXK,98,19.0,1.5710652340000308,30.08327315923981,SitRep N23/MVB_06/06/2026,2026-06-06,Cumulative confirmed cases from N23; Autres ZS stored separately.
2026-06-06,2026-06,Nord-Kivu,Beni,msg2MyMGhKv,5,3.0,0.493171248666955,29.51358389763662,SitRep N23/MVB_06/06/2026,2026-06-06,Cumulative confirmed cases from N23; Autres ZS stored separately.
2026-06-06,2026-06,Nord-Kivu,Butembo,foR0DRLqtdJ,4,2.0,0.1465342500003714,29.251277502423125,SitRep N23/MVB_06/06/2026,2026-06-06,Cumulative confirmed cases from N23; Autres ZS stored separately.
2026-06-06,2026-06,Nord-Kivu,Goma,t8tjGKVhkl3,1,0.0,-1.6528676989999551,29.17826328304752,SitRep N23/MVB_06/06/2026,2026-06-06,Cumulative confirmed cases from N23; Autres ZS stored separately.
2026-06-06,2026-06,Nord-Kivu,Kalunguta,XoJ3dLz68aj,1,1.0,0.3266166500000906,29.34622252068664,SitRep N23/MVB_06/06/2026,2026-06-06,Cumulative confirmed cases from N23; Autres ZS stored separately.
2026-06-06,2026-06,Nord-Kivu,Katwa,woJBeEpIZdy,11,8.0,0.1198993135112445,29.32416416638681,SitRep N23/MVB_06/06/2026,2026-06-06,Cumulative confirmed cases from N23; Autres ZS stored separately.
2026-06-06,2026-06,Nord-Kivu,Kyondo,amGiV9h9C2I,1,0.0,0.0132661619471709,29.50420270117476,SitRep N23/MVB_06/06/2026,2026-06-06,Cumulative confirmed cases from N23; Autres ZS stored separately.
2026-06-06,2026-06,Nord-Kivu,Oicha,zOOAshOz4Cz,2,2.0,0.7639879778753311,29.54704482375912,SitRep N23/MVB_06/06/2026,2026-06-06,Cumulative confirmed cases from N23; Autres ZS stored separately.
2026-06-06,2026-06,Sud-Kivu,Miti-Murhesa,cXkCT53xxfk,3,1.0,-2.39067,28.72098,SitRep N23/MVB_06/06/2026,2026-06-06,Cumulative confirmed cases from N23; Autres ZS stored separately.
2026-06-07,2026-06,Ituri,Aru,v8PqffapuVl,3,1.0,2.859042986322321,30.833681049566664,SitRep N24/MVB_07/06/2026,2026-06-07,Cumulative confirmed cases from N24; Autres ZS stored separately.
2026-06-07,2026-06,Ituri,Aungba,DFcltLEKLxj,1,0.0,2.5670708830760702,30.592536320311343,SitRep N24/MVB_07/06/2026,2026-06-07,Cumulative confirmed cases from N24; Autres ZS stored separately.
2026-06-07,2026-06,Ituri,Bambu,Uc3GqWS8C0w,5,2.0,1.8633970955000336,30.20627592724413,SitRep N24/MVB_07/06/2026,2026-06-07,Cumulative confirmed cases from N24; Autres ZS stored separately.
2026-06-07,2026-06,Ituri,Bunia,GPi6i83o7l6,152,15.0,1.607713140500067,30.282078091482003,SitRep N24/MVB_07/06/2026,2026-06-07,Cumulative confirmed cases from N24; Autres ZS stored separately.
2026-06-07,2026-06,Ituri,Damas,ApdB8z3Wrxt,3,0.0,2.1976361605001387,30.22934640858644,SitRep N24/MVB_07/06/2026,2026-06-07,Cumulative confirmed cases from N24; Autres ZS stored separately.
2026-06-07,2026-06,Ituri,Gety,X8zFJ7DJlRD,1,0.0,1.253148786140514,30.189368117956285,SitRep N24/MVB_07/06/2026,2026-06-07,Cumulative confirmed cases from N24; Autres ZS stored separately.
2026-06-07,2026-06,Ituri,Kilo,sbyWSsdZ3tj,4,1.0,1.7598275375000298,30.080701985660504,SitRep N24/MVB_07/06/2026,2026-06-07,Cumulative confirmed cases from N24; Autres ZS stored separately.
2026-06-07,2026-06,Ituri,Komanda,i2mtQy4nTmD,3,0.0,1.1261791000000585,29.62557262065517,SitRep N24/MVB_07/06/2026,2026-06-07,Cumulative confirmed cases from N24; Autres ZS stored separately.
2026-06-07,2026-06,Ituri,Lita,xGWcGHazqtw,4,0.0,1.588332974500048,30.38710948970807,SitRep N24/MVB_07/06/2026,2026-06-07,Cumulative confirmed cases from N24; Autres ZS stored separately.
2026-06-07,2026-06,Ituri,Logo,qqGoQGSp1Dw,2,0.0,2.155727226000039,30.877556277526388,SitRep N24/MVB_07/06/2026,2026-06-07,Cumulative confirmed cases from N24; Autres ZS stored separately.
2026-06-07,2026-06,Ituri,Mambasa,RjHZChl5gJQ,2,1.0,1.4290391459577108,28.62314089055854,SitRep N24/MVB_07/06/2026,2026-06-07,Cumulative confirmed cases from N24; Autres ZS stored separately.
2026-06-07,2026-06,Ituri,Mangala,,1,0.0,,,SitRep N24/MVB_07/06/2026,2026-06-07,Cumulative confirmed cases from N24; Autres ZS stored separately.
2026-06-07,2026-06,Ituri,Mongbwalu,nv8tx681Gjd,98,29.0,2.120204140000084,29.46395014319073,SitRep N24/MVB_07/06/2026,2026-06-07,Cumulative confirmed cases from N24; Autres ZS stored separately.
2026-06-07,2026-06,Ituri,Nizi,TCE5waEW7Fi,5,0.0,1.7491092545000129,30.29386589242562,SitRep N24/MVB_07/06/2026,2026-06-07,Cumulative confirmed cases from N24; Autres ZS stored separately.
2026-06-07,2026-06,Ituri,Nyankunde,mGTaa8TFifO,26,1.0,1.4866449679154434,29.933917392135683,SitRep N24/MVB_07/06/2026,2026-06-07,Cumulative confirmed cases from N24; Autres ZS stored separately.
2026-06-07,2026-06,Ituri,Rimba,a2aJcbwnjoK,3,0.0,2.2214134000000456,30.706000954123333,SitRep N24/MVB_07/06/2026,2026-06-07,Cumulative confirmed cases from N24; Autres ZS stored separately.
2026-06-07,2026-06,Ituri,Rwampara,vPxN2nZnBXK,111,20.0,1.5710652340000308,30.08327315923981,SitRep N24/MVB_07/06/2026,2026-06-07,Cumulative confirmed cases from N24; Autres ZS stored separately.
2026-06-07,2026-06,Nord-Kivu,Beni,msg2MyMGhKv,9,7.0,0.493171248666955,29.51358389763662,SitRep N24/MVB_07/06/2026,2026-06-07,Cumulative confirmed cases from N24; Autres ZS stored separately.
2026-06-07,2026-06,Nord-Kivu,Butembo,foR0DRLqtdJ,4,2.0,0.1465342500003714,29.251277502423125,SitRep N24/MVB_07/06/2026,2026-06-07,Cumulative confirmed cases from N24; Autres ZS stored separately.
2026-06-07,2026-06,Nord-Kivu,Goma,t8tjGKVhkl3,1,0.0,-1.6528676989999551,29.17826328304752,SitRep N24/MVB_07/06/2026,2026-06-07,Cumulative confirmed cases from N24; Autres ZS stored separately.
2026-06-07,2026-06,Nord-Kivu,Kalunguta,XoJ3dLz68aj,1,1.0,0.3266166500000906,29.34622252068664,SitRep N24/MVB_07/06/2026,2026-06-07,Cumulative confirmed cases from N24; Autres ZS stored separately.
2026-06-07,2026-06,Nord-Kivu,Katwa,woJBeEpIZdy,11,8.0,0.1198993135112445,29.32416416638681,SitRep N24/MVB_07/06/2026,2026-06-07,Cumulative confirmed cases from N24; Autres ZS stored separately.
2026-06-07,2026-06,Nord-Kivu,Kyondo,amGiV9h9C2I,1,0.0,0.0132661619471709,29.50420270117476,SitRep N24/MVB_07/06/2026,2026-06-07,Cumulative confirmed cases from N24; Autres ZS stored separately.
2026-06-07,2026-06,Nord-Kivu,Oicha,zOOAshOz4Cz,2,2.0,0.7639879778753311,29.54704482375912,SitRep N24/MVB_07/06/2026,2026-06-07,Cumulative confirmed cases from N24; Autres ZS stored separately.
2026-06-07,2026-06,Sud-Kivu,Miti-Murhesa,cXkCT53xxfk,3,1.0,-2.39067,28.72098,SitRep N24/MVB_07/06/2026,2026-06-07,Cumulative confirmed cases from N24; Autres ZS stored separately.
2026-06-08,2026-06,Ituri,Aru,v8PqffapuVl,3,1.0,2.859042986322321,30.833681049566664,SitRep N25/MVB_08/06/2026,2026-06-08,Cumulative confirmed cases from N25; Autres ZS stored separately.
2026-06-08,2026-06,Ituri,Aungba,DFcltLEKLxj,2,1.0,2.5670708830760702,30.592536320311343,SitRep N25/MVB_08/06/2026,2026-06-08,Cumulative confirmed cases from N25; Autres ZS stored separately.
2026-06-08,2026-06,Ituri,Bambu,Uc3GqWS8C0w,5,2.0,1.8633970955000336,30.20627592724413,SitRep N25/MVB_08/06/2026,2026-06-08,Cumulative confirmed cases from N25; Autres ZS stored separately.
2026-06-08,2026-06,Ituri,Bunia,GPi6i83o7l6,163,15.0,1.607713140500067,30.282078091482003,SitRep N25/MVB_08/06/2026,2026-06-08,Cumulative confirmed cases from N25; Autres ZS stored separately.
2026-06-08,2026-06,Ituri,Damas,ApdB8z3Wrxt,3,0.0,2.1976361605001387,30.22934640858644,SitRep N25/MVB_08/06/2026,2026-06-08,Cumulative confirmed cases from N25; Autres ZS stored separately.
2026-06-08,2026-06,Ituri,Gety,X8zFJ7DJlRD,1,0.0,1.253148786140514,30.189368117956285,SitRep N25/MVB_08/06/2026,2026-06-08,Cumulative confirmed cases from N25; Autres ZS stored separately.
2026-06-08,2026-06,Ituri,Kilo,sbyWSsdZ3tj,4,1.0,1.7598275375000298,30.080701985660504,SitRep N25/MVB_08/06/2026,2026-06-08,Cumulative confirmed cases from N25; Autres ZS stored separately.
2026-06-08,2026-06,Ituri,Komanda,i2mtQy4nTmD,3,0.0,1.1261791000000585,29.62557262065517,SitRep N25/MVB_08/06/2026,2026-06-08,Cumulative confirmed cases from N25; Autres ZS stored separately.
2026-06-08,2026-06,Ituri,Lita,xGWcGHazqtw,4,0.0,1.588332974500048,30.38710948970807,SitRep N25/MVB_08/06/2026,2026-06-08,Cumulative confirmed cases from N25; Autres ZS stored separately.
2026-06-08,2026-06,Ituri,Logo,qqGoQGSp1Dw,2,0.0,2.155727226000039,30.877556277526388,SitRep N25/MVB_08/06/2026,2026-06-08,Cumulative confirmed cases from N25; Autres ZS stored separately.
2026-06-08,2026-06,Ituri,Mambasa,RjHZChl5gJQ,2,1.0,1.4290391459577108,28.62314089055854,SitRep N25/MVB_08/06/2026,2026-06-08,Cumulative confirmed cases from N25; Autres ZS stored separately.
2026-06-08,2026-06,Ituri,Mangala,,1,0.0,,,SitRep N25/MVB_08/06/2026,2026-06-08,Cumulative confirmed cases from N25; Autres ZS stored separately.
2026-06-08,2026-06,Ituri,Mongbwalu,nv8tx681Gjd,114,40.0,2.120204140000084,29.46395014319073,SitRep N25/MVB_08/06/2026,2026-06-08,Cumulative confirmed cases from N25; Autres ZS stored separately.
2026-06-08,2026-06,Ituri,Nizi,TCE5waEW7Fi,5,0.0,1.7491092545000129,30.29386589242562,SitRep N25/MVB_08/06/2026,2026-06-08,Cumulative confirmed cases from N25; Autres ZS stored separately.
2026-06-08,2026-06,Ituri,Nyankunde,mGTaa8TFifO,32,1.0,1.4866449679154434,29.933917392135683,SitRep N25/MVB_08/06/2026,2026-06-08,Cumulative confirmed cases from N25; Autres ZS stored separately.
2026-06-08,2026-06,Ituri,Rimba,a2aJcbwnjoK,3,0.0,2.2214134000000456,30.706000954123333,SitRep N25/MVB_08/06/2026,2026-06-08,Cumulative confirmed cases from N25; Autres ZS stored separately.
2026-06-08,2026-06,Ituri,Rwampara,vPxN2nZnBXK,122,20.0,1.5710652340000308,30.08327315923981,SitRep N25/MVB_08/06/2026,2026-06-08,Cumulative confirmed cases from N25; Autres ZS stored separately.
2026-06-08,2026-06,Nord-Kivu,Beni,msg2MyMGhKv,9,7.0,0.493171248666955,29.51358389763662,SitRep N25/MVB_08/06/2026,2026-06-08,Cumulative confirmed cases from N25; Autres ZS stored separately.
2026-06-08,2026-06,Nord-Kivu,Butembo,foR0DRLqtdJ,6,4.0,0.1465342500003714,29.251277502423125,SitRep N25/MVB_08/06/2026,2026-06-08,Cumulative confirmed cases from N25; Autres ZS stored separately.
2026-06-08,2026-06,Nord-Kivu,Goma,t8tjGKVhkl3,1,0.0,-1.6528676989999551,29.17826328304752,SitRep N25/MVB_08/06/2026,2026-06-08,Cumulative confirmed cases from N25; Autres ZS stored separately.
2026-06-08,2026-06,Nord-Kivu,Kalunguta,XoJ3dLz68aj,1,1.0,0.3266166500000906,29.34622252068664,SitRep N25/MVB_08/06/2026,2026-06-08,Cumulative confirmed cases from N25; Autres ZS stored separately.
2026-06-08,2026-06,Nord-Kivu,Katwa,woJBeEpIZdy,12,8.0,0.1198993135112445,29.32416416638681,SitRep N25/MVB_08/06/2026,2026-06-08,Cumulative confirmed cases from N25; Autres ZS stored separately.
2026-06-08,2026-06,Nord-Kivu,Kyondo,amGiV9h9C2I,1,0.0,0.0132661619471709,29.50420270117476,SitRep N25/MVB_08/06/2026,2026-06-08,Cumulative confirmed cases from N25; Autres ZS stored separately.
2026-06-08,2026-06,Nord-Kivu,Oicha,zOOAshOz4Cz,2,2.0,0.7639879778753311,29.54704482375912,SitRep N25/MVB_08/06/2026,2026-06-08,Cumulative confirmed cases from N25; Autres ZS stored separately.
2026-06-08,2026-06,Sud-Kivu,Miti-Murhesa,cXkCT53xxfk,3,1.0,-2.39067,28.72098,SitRep N25/MVB_08/06/2026,2026-06-08,Cumulative confirmed cases from N25; Autres ZS stored separately.
2026-06-09,2026-06,Ituri,Aru,v8PqffapuVl,3,1.0,2.859042986322321,30.833681049566664,SitRep N26/MVB_09/06/2026,2026-06-09,Cumulative confirmed cases from N26; Autres ZS stored separately.
2026-06-09,2026-06,Ituri,Aungba,DFcltLEKLxj,2,1.0,2.5670708830760702,30.592536320311343,SitRep N26/MVB_09/06/2026,2026-06-09,Cumulative confirmed cases from N26; Autres ZS stored separately.
2026-06-09,2026-06,Ituri,Bambu,Uc3GqWS8C0w,5,2.0,1.8633970955000336,30.20627592724413,SitRep N26/MVB_09/06/2026,2026-06-09,Cumulative confirmed cases from N26; Autres ZS stored separately.
2026-06-09,2026-06,Ituri,Bunia,GPi6i83o7l6,173,15.0,1.607713140500067,30.282078091482003,SitRep N26/MVB_09/06/2026,2026-06-09,Cumulative confirmed cases from N26; Autres ZS stored separately.
2026-06-09,2026-06,Ituri,Damas,ApdB8z3Wrxt,3,0.0,2.1976361605001387,30.22934640858644,SitRep N26/MVB_09/06/2026,2026-06-09,Cumulative confirmed cases from N26; Autres ZS stored separately.
2026-06-09,2026-06,Ituri,Gety,X8zFJ7DJlRD,1,0.0,1.253148786140514,30.189368117956285,SitRep N26/MVB_09/06/2026,2026-06-09,Cumulative confirmed cases from N26; Autres ZS stored separately.
2026-06-09,2026-06,Ituri,Kilo,sbyWSsdZ3tj,4,1.0,1.7598275375000298,30.080701985660504,SitRep N26/MVB_09/06/2026,2026-06-09,Cumulative confirmed cases from N26; Autres ZS stored separately.
2026-06-09,2026-06,Ituri,Komanda,i2mtQy4nTmD,3,0.0,1.1261791000000585,29.62557262065517,SitRep N26/MVB_09/06/2026,2026-06-09,Cumulative confirmed cases from N26; Autres ZS stored separately.
2026-06-09,2026-06,Ituri,Lita,xGWcGHazqtw,5,0.0,1.588332974500048,30.38710948970807,SitRep N26/MVB_09/06/2026,2026-06-09,Cumulative confirmed cases from N26; Autres ZS stored separately.
2026-06-09,2026-06,Ituri,Logo,qqGoQGSp1Dw,2,0.0,2.155727226000039,30.877556277526388,SitRep N26/MVB_09/06/2026,2026-06-09,Cumulative confirmed cases from N26; Autres ZS stored separately.
2026-06-09,2026-06,Ituri,Mambasa,RjHZChl5gJQ,2,1.0,1.4290391459577108,28.62314089055854,SitRep N26/MVB_09/06/2026,2026-06-09,Cumulative confirmed cases from N26; Autres ZS stored separately.
2026-06-09,2026-06,Ituri,Mangala,,1,0.0,,,SitRep N26/MVB_09/06/2026,2026-06-09,Cumulative confirmed cases from N26; Autres ZS stored separately.
2026-06-09,2026-06,Ituri,Mongbwalu,nv8tx681Gjd,127,47.0,2.120204140000084,29.46395014319073,SitRep N26/MVB_09/06/2026,2026-06-09,Cumulative confirmed cases from N26; Autres ZS stored separately.
2026-06-09,2026-06,Ituri,Nizi,TCE5waEW7Fi,5,0.0,1.7491092545000129,30.29386589242562,SitRep N26/MVB_09/06/2026,2026-06-09,Cumulative confirmed cases from N26; Autres ZS stored separately.
2026-06-09,2026-06,Ituri,Nyankunde,mGTaa8TFifO,32,1.0,1.4866449679154434,29.933917392135683,SitRep N26/MVB_09/06/2026,2026-06-09,Cumulative confirmed cases from N26; Autres ZS stored separately.
2026-06-09,2026-06,Ituri,Rimba,a2aJcbwnjoK,3,0.0,2.2214134000000456,30.706000954123333,SitRep N26/MVB_09/06/2026,2026-06-09,Cumulative confirmed cases from N26; Autres ZS stored separately.
2026-06-09,2026-06,Ituri,Rwampara,vPxN2nZnBXK,133,25.0,1.5710652340000308,30.08327315923981,SitRep N26/MVB_09/06/2026,2026-06-09,Cumulative confirmed cases from N26; Autres ZS stored separately.
2026-06-09,2026-06,Ituri,Tchomia,rhj4btTd3i0,2,0.0,1.5216207475000374,30.468986199294,SitRep N26/MVB_09/06/2026,2026-06-09,Cumulative confirmed cases from N26; Autres ZS stored separately.
2026-06-09,2026-06,Nord-Kivu,Beni,msg2MyMGhKv,9,7.0,0.493171248666955,29.51358389763662,SitRep N26/MVB_09/06/2026,2026-06-09,Cumulative confirmed cases from N26; Autres ZS stored separately.
2026-06-09,2026-06,Nord-Kivu,Butembo,foR0DRLqtdJ,6,4.0,0.1465342500003714,29.251277502423125,SitRep N26/MVB_09/06/2026,2026-06-09,Cumulative confirmed cases from N26; Autres ZS stored separately.
2026-06-09,2026-06,Nord-Kivu,Goma,t8tjGKVhkl3,1,0.0,-1.6528676989999551,29.17826328304752,SitRep N26/MVB_09/06/2026,2026-06-09,Cumulative confirmed cases from N26; Autres ZS stored separately.
2026-06-09,2026-06,Nord-Kivu,Kalunguta,XoJ3dLz68aj,1,1.0,0.3266166500000906,29.34622252068664,SitRep N26/MVB_09/06/2026,2026-06-09,Cumulative confirmed cases from N26; Autres ZS stored separately.
2026-06-09,2026-06,Nord-Kivu,Katwa,woJBeEpIZdy,12,8.0,0.1198993135112445,29.32416416638681,SitRep N26/MVB_09/06/2026,2026-06-09,Cumulative confirmed cases from N26; Autres ZS stored separately.
2026-06-09,2026-06,Nord-Kivu,Kyondo,amGiV9h9C2I,1,0.0,0.0132661619471709,29.50420270117476,SitRep N26/MVB_09/06/2026,2026-06-09,Cumulative confirmed cases from N26; Autres ZS stored separately.
2026-06-09,2026-06,Nord-Kivu,Oicha,zOOAshOz4Cz,2,2.0,0.7639879778753311,29.54704482375912,SitRep N26/MVB_09/06/2026,2026-06-09,Cumulative confirmed cases from N26; Autres ZS stored separately.
2026-06-09,2026-06,Sud-Kivu,Miti-Murhesa,cXkCT53xxfk,3,1.0,-2.39067,28.72098,SitRep N26/MVB_09/06/2026,2026-06-09,Cumulative confirmed cases from N26; Autres ZS stored separately.
2026-06-10,2026-06,Ituri,Aru,v8PqffapuVl,3,1.0,2.859042986322321,30.833681049566664,SitRep N27/MVB_10/06/2026,2026-06-10,Cumulative confirmed cases from N27; Autres ZS stored separately. Rows without reliable coordinates are retained in totals but hidden on the case map.
2026-06-10,2026-06,Ituri,Aungba,DFcltLEKLxj,2,1.0,2.5670708830760702,30.592536320311343,SitRep N27/MVB_10/06/2026,2026-06-10,Cumulative confirmed cases from N27; Autres ZS stored separately. Rows without reliable coordinates are retained in totals but hidden on the case map.
2026-06-10,2026-06,Ituri,Bambu,Uc3GqWS8C0w,7,2.0,1.8633970955000336,30.20627592724413,SitRep N27/MVB_10/06/2026,2026-06-10,Cumulative confirmed cases from N27; Autres ZS stored separately. Rows without reliable coordinates are retained in totals but hidden on the case map.
2026-06-10,2026-06,Ituri,Bunia,GPi6i83o7l6,185,17.0,1.607713140500067,30.282078091482003,SitRep N27/MVB_10/06/2026,2026-06-10,Cumulative confirmed cases from N27; Autres ZS stored separately. Rows without reliable coordinates are retained in totals but hidden on the case map.
2026-06-10,2026-06,Ituri,Damas,ApdB8z3Wrxt,3,0.0,2.1976361605001387,30.22934640858644,SitRep N27/MVB_10/06/2026,2026-06-10,Cumulative confirmed cases from N27; Autres ZS stored separately. Rows without reliable coordinates are retained in totals but hidden on the case map.
2026-06-10,2026-06,Ituri,Gety,X8zFJ7DJlRD,1,0.0,1.253148786140514,30.189368117956285,SitRep N27/MVB_10/06/2026,2026-06-10,Cumulative confirmed cases from N27; Autres ZS stored separately. Rows without reliable coordinates are retained in totals but hidden on the case map.
2026-06-10,2026-06,Ituri,Kambala,SkEKQLSulmp,1,1.0,2.313255370000064,30.54737129473464,SitRep N27/MVB_10/06/2026,2026-06-10,Cumulative confirmed cases from N27; Autres ZS stored separately. Rows without reliable coordinates are retained in totals but hidden on the case map.
2026-06-10,2026-06,Ituri,Kilo,sbyWSsdZ3tj,4,1.0,1.7598275375000298,30.080701985660504,SitRep N27/MVB_10/06/2026,2026-06-10,Cumulative confirmed cases from N27; Autres ZS stored separately. Rows without reliable coordinates are retained in totals but hidden on the case map.
2026-06-10,2026-06,Ituri,Komanda,i2mtQy4nTmD,3,0.0,1.1261791000000585,29.62557262065517,SitRep N27/MVB_10/06/2026,2026-06-10,Cumulative confirmed cases from N27; Autres ZS stored separately. Rows without reliable coordinates are retained in totals but hidden on the case map.
2026-06-10,2026-06,Ituri,Lita,xGWcGHazqtw,6,0.0,1.588332974500048,30.38710948970807,SitRep N27/MVB_10/06/2026,2026-06-10,Cumulative confirmed cases from N27; Autres ZS stored separately. Rows without reliable coordinates are retained in totals but hidden on the case map.
2026-06-10,2026-06,Ituri,Logo,qqGoQGSp1Dw,2,0.0,2.155727226000039,30.877556277526388,SitRep N27/MVB_10/06/2026,2026-06-10,Cumulative confirmed cases from N27; Autres ZS stored separately. Rows without reliable coordinates are retained in totals but hidden on the case map.
2026-06-10,2026-06,Ituri,Mambasa,RjHZChl5gJQ,2,1.0,1.4290391459577108,28.62314089055854,SitRep N27/MVB_10/06/2026,2026-06-10,Cumulative confirmed cases from N27; Autres ZS stored separately. Rows without reliable coordinates are retained in totals but hidden on the case map.
2026-06-10,2026-06,Ituri,Mangala,,2,0.0,,,SitRep N27/MVB_10/06/2026,2026-06-10,Cumulative confirmed cases from N27; Autres ZS stored separately. Rows without reliable coordinates are retained in totals but hidden on the case map.
2026-06-10,2026-06,Ituri,Mongbwalu,nv8tx681Gjd,132,49.0,2.120204140000084,29.46395014319073,SitRep N27/MVB_10/06/2026,2026-06-10,Cumulative confirmed cases from N27; Autres ZS stored separately. Rows without reliable coordinates are retained in totals but hidden on the case map.
2026-06-10,2026-06,Ituri,Nizi,TCE5waEW7Fi,7,0.0,1.7491092545000129,30.29386589242562,SitRep N27/MVB_10/06/2026,2026-06-10,Cumulative confirmed cases from N27; Autres ZS stored separately. Rows without reliable coordinates are retained in totals but hidden on the case map.
2026-06-10,2026-06,Ituri,Nyankunde,mGTaa8TFifO,33,1.0,1.4866449679154434,29.933917392135683,SitRep N27/MVB_10/06/2026,2026-06-10,Cumulative confirmed cases from N27; Autres ZS stored separately. Rows without reliable coordinates are retained in totals but hidden on the case map.
2026-06-10,2026-06,Ituri,Rimba,a2aJcbwnjoK,3,0.0,2.2214134000000456,30.706000954123333,SitRep N27/MVB_10/06/2026,2026-06-10,Cumulative confirmed cases from N27; Autres ZS stored separately. Rows without reliable coordinates are retained in totals but hidden on the case map.
2026-06-10,2026-06,Ituri,Rwampara,vPxN2nZnBXK,137,25.0,1.5710652340000308,30.08327315923981,SitRep N27/MVB_10/06/2026,2026-06-10,Cumulative confirmed cases from N27; Autres ZS stored separately. Rows without reliable coordinates are retained in totals but hidden on the case map.
2026-06-10,2026-06,Ituri,Tchomia,rhj4btTd3i0,2,0.0,1.5216207475000374,30.468986199294,SitRep N27/MVB_10/06/2026,2026-06-10,Cumulative confirmed cases from N27; Autres ZS stored separately. Rows without reliable coordinates are retained in totals but hidden on the case map.
2026-06-10,2026-06,Nord-Kivu,Beni,msg2MyMGhKv,9,7.0,0.493171248666955,29.51358389763662,SitRep N27/MVB_10/06/2026,2026-06-10,Cumulative confirmed cases from N27; Autres ZS stored separately. Rows without reliable coordinates are retained in totals but hidden on the case map.
2026-06-10,2026-06,Nord-Kivu,Butembo,foR0DRLqtdJ,9,5.0,0.1465342500003714,29.251277502423125,SitRep N27/MVB_10/06/2026,2026-06-10,Cumulative confirmed cases from N27; Autres ZS stored separately. Rows without reliable coordinates are retained in totals but hidden on the case map.
2026-06-10,2026-06,Nord-Kivu,Goma,t8tjGKVhkl3,1,0.0,-1.6528676989999551,29.17826328304752,SitRep N27/MVB_10/06/2026,2026-06-10,Cumulative confirmed cases from N27; Autres ZS stored separately. Rows without reliable coordinates are retained in totals but hidden on the case map.
2026-06-10,2026-06,Nord-Kivu,Kalunguta,XoJ3dLz68aj,1,1.0,0.3266166500000906,29.34622252068664,SitRep N27/MVB_10/06/2026,2026-06-10,Cumulative confirmed cases from N27; Autres ZS stored separately. Rows without reliable coordinates are retained in totals but hidden on the case map.
2026-06-10,2026-06,Nord-Kivu,Katwa,woJBeEpIZdy,18,10.0,0.1198993135112445,29.32416416638681,SitRep N27/MVB_10/06/2026,2026-06-10,Cumulative confirmed cases from N27; Autres ZS stored separately. Rows without reliable coordinates are retained in totals but hidden on the case map.
2026-06-10,2026-06,Nord-Kivu,Kyondo,amGiV9h9C2I,2,0.0,0.0132661619471709,29.50420270117476,SitRep N27/MVB_10/06/2026,2026-06-10,Cumulative confirmed cases from N27; Autres ZS stored separately. Rows without reliable coordinates are retained in totals but hidden on the case map.
2026-06-10,2026-06,Nord-Kivu,Masereka,kQCMPbHKQ93,1,0.0,-0.1092755664999742,29.327512197678764,SitRep N27/MVB_10/06/2026,2026-06-10,Cumulative confirmed cases from N27; Autres ZS stored separately. Rows without reliable coordinates are retained in totals but hidden on the case map.
2026-06-10,2026-06,Nord-Kivu,Oicha,zOOAshOz4Cz,2,2.0,0.7639879778753311,29.54704482375912,SitRep N27/MVB_10/06/2026,2026-06-10,Cumulative confirmed cases from N27; Autres ZS stored separately. Rows without reliable coordinates are retained in totals but hidden on the case map.
2026-06-10,2026-06,Nord-Kivu,Vuhovi,,1,1.0,,,SitRep N27/MVB_10/06/2026,2026-06-10,Cumulative confirmed cases from N27; Autres ZS stored separately. Rows without reliable coordinates are retained in totals but hidden on the case map.
2026-06-10,2026-06,Sud-Kivu,Miti-Murhesa,cXkCT53xxfk,3,1.0,-2.39067,28.72098,SitRep N27/MVB_10/06/2026,2026-06-10,Cumulative confirmed cases from N27; Autres ZS stored separately. Rows without reliable coordinates are retained in totals but hidden on the case map.
2026-06-11,2026-06,Ituri,Aru,v8PqffapuVl,3,1.0,2.859042986322321,30.833681049566664,SitRep N28/MVB,2026-06-11,Automatically extracted from INSP SitRep PDF; validated against total cumulative cases. Rows without dashboard geometry are retained in totals but hidden on the case map. Parsed from vertically rendered table.
2026-06-11,2026-06,Ituri,Aungba,DFcltLEKLxj,2,1.0,2.5670708830760702,30.592536320311343,SitRep N28/MVB,2026-06-11,Automatically extracted from INSP SitRep PDF; validated against total cumulative cases. Rows without dashboard geometry are retained in totals but hidden on the case map. Parsed from vertically rendered table.
2026-06-11,2026-06,Ituri,Bambu,Uc3GqWS8C0w,7,2.0,1.8633970955000336,30.20627592724413,SitRep N28/MVB,2026-06-11,Automatically extracted from INSP SitRep PDF; validated against total cumulative cases. Rows without dashboard geometry are retained in totals but hidden on the case map. Parsed from vertically rendered table.
2026-06-11,2026-06,Ituri,Bunia,GPi6i83o7l6,191,17.0,1.607713140500067,30.282078091482003,SitRep N28/MVB,2026-06-11,Automatically extracted from INSP SitRep PDF; validated against total cumulative cases. Rows without dashboard geometry are retained in totals but hidden on the case map. Parsed from vertically rendered table.
2026-06-11,2026-06,Ituri,Damas,ApdB8z3Wrxt,3,0.0,2.1976361605001387,30.22934640858644,SitRep N28/MVB,2026-06-11,Automatically extracted from INSP SitRep PDF; validated against total cumulative cases. Rows without dashboard geometry are retained in totals but hidden on the case map. Parsed from vertically rendered table.
2026-06-11,2026-06,Ituri,Gety,X8zFJ7DJlRD,1,0.0,1.253148786140514,30.189368117956285,SitRep N28/MVB,2026-06-11,Automatically extracted from INSP SitRep PDF; validated against total cumulative cases. Rows without dashboard geometry are retained in totals but hidden on the case map. Parsed from vertically rendered table.
2026-06-11,2026-06,Ituri,Kambala,SkEKQLSulmp,1,1.0,2.313255370000064,30.54737129473464,SitRep N28/MVB,2026-06-11,Automatically extracted from INSP SitRep PDF; validated against total cumulative cases. Rows without dashboard geometry are retained in totals but hidden on the case map. Parsed from vertically rendered table.
2026-06-11,2026-06,Ituri,Kilo,sbyWSsdZ3tj,4,1.0,1.7598275375000298,30.080701985660504,SitRep N28/MVB,2026-06-11,Automatically extracted from INSP SitRep PDF; validated against total cumulative cases. Rows without dashboard geometry are retained in totals but hidden on the case map. Parsed from vertically rendered table.
2026-06-11,2026-06,Ituri,Komanda,i2mtQy4nTmD,3,0.0,1.1261791000000585,29.62557262065517,SitRep N28/MVB,2026-06-11,Automatically extracted from INSP SitRep PDF; validated against total cumulative cases. Rows without dashboard geometry are retained in totals but hidden on the case map. Parsed from vertically rendered table.
2026-06-11,2026-06,Ituri,Lita,xGWcGHazqtw,6,0.0,1.588332974500048,30.38710948970807,SitRep N28/MVB,2026-06-11,Automatically extracted from INSP SitRep PDF; validated against total cumulative cases. Rows without dashboard geometry are retained in totals but hidden on the case map. Parsed from vertically rendered table.
2026-06-11,2026-06,Ituri,Logo,qqGoQGSp1Dw,2,0.0,2.155727226000039,30.877556277526388,SitRep N28/MVB,2026-06-11,Automatically extracted from INSP SitRep PDF; validated against total cumulative cases. Rows without dashboard geometry are retained in totals but hidden on the case map. Parsed from vertically rendered table.
2026-06-11,2026-06,Ituri,Mambasa,RjHZChl5gJQ,2,1.0,1.4290391459577108,28.62314089055854,SitRep N28/MVB,2026-06-11,Automatically extracted from INSP SitRep PDF; validated against total cumulative cases. Rows without dashboard geometry are retained in totals but hidden on the case map. Parsed from vertically rendered table.
2026-06-11,2026-06,Ituri,Mongbwalu,nv8tx681Gjd,136,52.0,2.120204140000084,29.46395014319073,SitRep N28/MVB,2026-06-11,Automatically extracted from INSP SitRep PDF; validated against total cumulative cases. Rows without dashboard geometry are retained in totals but hidden on the case map. Parsed from vertically rendered table.
2026-06-11,2026-06,Ituri,Nizi,TCE5waEW7Fi,9,1.0,1.7491092545000129,30.29386589242562,SitRep N28/MVB,2026-06-11,Automatically extracted from INSP SitRep PDF; validated against total cumulative cases. Rows without dashboard geometry are retained in totals but hidden on the case map. Parsed from vertically rendered table.
2026-06-11,2026-06,Ituri,Nyankunde,mGTaa8TFifO,33,1.0,1.4866449679154434,29.933917392135683,SitRep N28/MVB,2026-06-11,Automatically extracted from INSP SitRep PDF; validated against total cumulative cases. Rows without dashboard geometry are retained in totals but hidden on the case map. Parsed from vertically rendered table.
2026-06-11,2026-06,Ituri,Rimba,a2aJcbwnjoK,3,0.0,2.2214134000000456,30.706000954123333,SitRep N28/MVB,2026-06-11,Automatically extracted from INSP SitRep PDF; validated against total cumulative cases. Rows without dashboard geometry are retained in totals but hidden on the case map. Parsed from vertically rendered table.
2026-06-11,2026-06,Ituri,Rwampara,vPxN2nZnBXK,142,26.0,1.5710652340000308,30.08327315923981,SitRep N28/MVB,2026-06-11,Automatically extracted from INSP SitRep PDF; validated against total cumulative cases. Rows without dashboard geometry are retained in totals but hidden on the case map. Parsed from vertically rendered table.
2026-06-11,2026-06,Ituri,Tchomia,rhj4btTd3i0,2,0.0,1.5216207475000374,30.468986199294,SitRep N28/MVB,2026-06-11,Automatically extracted from INSP SitRep PDF; validated against total cumulative cases. Rows without dashboard geometry are retained in totals but hidden on the case map. Parsed from vertically rendered table.
2026-06-11,2026-06,Nord-Kivu,Beni,msg2MyMGhKv,9,5.0,0.493171248666955,29.51358389763662,SitRep N28/MVB,2026-06-11,Automatically extracted from INSP SitRep PDF; validated against total cumulative cases. Rows without dashboard geometry are retained in totals but hidden on the case map. Parsed from vertically rendered table.
2026-06-11,2026-06,Nord-Kivu,Butembo,foR0DRLqtdJ,7,5.0,0.1465342500003714,29.251277502423125,SitRep N28/MVB,2026-06-11,Automatically extracted from INSP SitRep PDF; validated against total cumulative cases. Rows without dashboard geometry are retained in totals but hidden on the case map. Parsed from vertically rendered table.
2026-06-11,2026-06,Nord-Kivu,Goma,t8tjGKVhkl3,1,0.0,-1.6528676989999551,29.17826328304752,SitRep N28/MVB,2026-06-11,Automatically extracted from INSP SitRep PDF; validated against total cumulative cases. Rows without dashboard geometry are retained in totals but hidden on the case map. Parsed from vertically rendered table.
2026-06-11,2026-06,Nord-Kivu,Kalunguta,XoJ3dLz68aj,1,1.0,0.3266166500000906,29.34622252068664,SitRep N28/MVB,2026-06-11,Automatically extracted from INSP SitRep PDF; validated against total cumulative cases. Rows without dashboard geometry are retained in totals but hidden on the case map. Parsed from vertically rendered table.
2026-06-11,2026-06,Nord-Kivu,Katwa,woJBeEpIZdy,16,9.0,0.1198993135112445,29.32416416638681,SitRep N28/MVB,2026-06-11,Automatically extracted from INSP SitRep PDF; validated against total cumulative cases. Rows without dashboard geometry are retained in totals but hidden on the case map. Parsed from vertically rendered table.
2026-06-11,2026-06,Nord-Kivu,Kyondo,amGiV9h9C2I,2,1.0,0.0132661619471709,29.50420270117476,SitRep N28/MVB,2026-06-11,Automatically extracted from INSP SitRep PDF; validated against total cumulative cases. Rows without dashboard geometry are retained in totals but hidden on the case map. Parsed from vertically rendered table.
2026-06-11,2026-06,Nord-Kivu,Masereka,kQCMPbHKQ93,1,0.0,-0.1092755664999742,29.327512197678764,SitRep N28/MVB,2026-06-11,Automatically extracted from INSP SitRep PDF; validated against total cumulative cases. Rows without dashboard geometry are retained in totals but hidden on the case map. Parsed from vertically rendered table.
2026-06-11,2026-06,Nord-Kivu,Oicha,zOOAshOz4Cz,2,2.0,0.7639879778753311,29.54704482375912,SitRep N28/MVB,2026-06-11,Automatically extracted from INSP SitRep PDF; validated against total cumulative cases. Rows without dashboard geometry are retained in totals but hidden on the case map. Parsed from vertically rendered table.
2026-06-11,2026-06,,Mangala,,2,0.0,,,SitRep N28/MVB,2026-06-11,Automatically extracted from INSP SitRep PDF; validated against total cumulative cases. Rows without dashboard geometry are retained in totals but hidden on the case map. Parsed from vertically rendered table.
2026-06-11,2026-06,,Miti-Murhesa,,3,1.0,,,SitRep N28/MVB,2026-06-11,Automatically extracted from INSP SitRep PDF; validated against total cumulative cases. Rows without dashboard geometry are retained in totals but hidden on the case map. Parsed from vertically rendered table.
2026-06-11,2026-06,,Vuhovi,,1,1.0,,,SitRep N28/MVB,2026-06-11,Automatically extracted from INSP SitRep PDF; validated against total cumulative cases. Rows without dashboard geometry are retained in totals but hidden on the case map. Parsed from vertically rendered table.
2026-06-13,2026-06,Ituri,Aru,v8PqffapuVl,3,1.0,2.859042986322321,30.833681049566664,SitRep N30/MVB,2026-06-13,OpenAI-assisted fallback extraction from INSP SitRep PDF; used only after deterministic extraction failed validation. Rows without dashboard geometry are retained in totals but hidden on the case map.
2026-06-13,2026-06,Ituri,Aungba,DFcltLEKLxj,2,1.0,2.5670708830760702,30.592536320311343,SitRep N30/MVB,2026-06-13,OpenAI-assisted fallback extraction from INSP SitRep PDF; used only after deterministic extraction failed validation. Rows without dashboard geometry are retained in totals but hidden on the case map.
2026-06-13,2026-06,Ituri,Autres ZS (données non ventilées),,94,10.0,,,SitRep N30/MVB,2026-06-13,OpenAI-assisted fallback extraction from INSP SitRep PDF; used only after deterministic extraction failed validation. Rows without dashboard geometry are retained in totals but hidden on the case map.
2026-06-13,2026-06,Ituri,Bambu,Uc3GqWS8C0w,7,2.0,1.8633970955000336,30.20627592724413,SitRep N30/MVB,2026-06-13,OpenAI-assisted fallback extraction from INSP SitRep PDF; used only after deterministic extraction failed validation. Rows without dashboard geometry are retained in totals but hidden on the case map.
2026-06-13,2026-06,Ituri,Bunia,GPi6i83o7l6,212,20.0,1.607713140500067,30.282078091482003,SitRep N30/MVB,2026-06-13,OpenAI-assisted fallback extraction from INSP SitRep PDF; used only after deterministic extraction failed validation. Rows without dashboard geometry are retained in totals but hidden on the case map.
2026-06-13,2026-06,Ituri,Damas,ApdB8z3Wrxt,4,0.0,2.1976361605001387,30.22934640858644,SitRep N30/MVB,2026-06-13,OpenAI-assisted fallback extraction from INSP SitRep PDF; used only after deterministic extraction failed validation. Rows without dashboard geometry are retained in totals but hidden on the case map.
2026-06-13,2026-06,Ituri,Gety,X8zFJ7DJlRD,1,0.0,1.253148786140514,30.189368117956285,SitRep N30/MVB,2026-06-13,OpenAI-assisted fallback extraction from INSP SitRep PDF; used only after deterministic extraction failed validation. Rows without dashboard geometry are retained in totals but hidden on the case map.
2026-06-13,2026-06,Ituri,Kambala,SkEKQLSulmp,1,1.0,2.313255370000064,30.54737129473464,SitRep N30/MVB,2026-06-13,OpenAI-assisted fallback extraction from INSP SitRep PDF; used only after deterministic extraction failed validation. Rows without dashboard geometry are retained in totals but hidden on the case map.
2026-06-13,2026-06,Ituri,Kilo,sbyWSsdZ3tj,4,1.0,1.7598275375000298,30.080701985660504,SitRep N30/MVB,2026-06-13,OpenAI-assisted fallback extraction from INSP SitRep PDF; used only after deterministic extraction failed validation. Rows without dashboard geometry are retained in totals but hidden on the case map.
2026-06-13,2026-06,Ituri,Komanda,i2mtQy4nTmD,6,0.0,1.1261791000000585,29.62557262065517,SitRep N30/MVB,2026-06-13,OpenAI-assisted fallback extraction from INSP SitRep PDF; used only after deterministic extraction failed validation. Rows without dashboard geometry are retained in totals but hidden on the case map.
2026-06-13,2026-06,Ituri,Lita,xGWcGHazqtw,6,0.0,1.588332974500048,30.38710948970807,SitRep N30/MVB,2026-06-13,OpenAI-assisted fallback extraction from INSP SitRep PDF; used only after deterministic extraction failed validation. Rows without dashboard geometry are retained in totals but hidden on the case map.
2026-06-13,2026-06,Ituri,Logo,qqGoQGSp1Dw,2,0.0,2.155727226000039,30.877556277526388,SitRep N30/MVB,2026-06-13,OpenAI-assisted fallback extraction from INSP SitRep PDF; used only after deterministic extraction failed validation. Rows without dashboard geometry are retained in totals but hidden on the case map.
2026-06-13,2026-06,Ituri,Mambasa,RjHZChl5gJQ,2,1.0,1.4290391459577108,28.62314089055854,SitRep N30/MVB,2026-06-13,OpenAI-assisted fallback extraction from INSP SitRep PDF; used only after deterministic extraction failed validation. Rows without dashboard geometry are retained in totals but hidden on the case map.
2026-06-13,2026-06,Ituri,Mangala,,5,3.0,,,SitRep N30/MVB,2026-06-13,OpenAI-assisted fallback extraction from INSP SitRep PDF; used only after deterministic extraction failed validation. Rows without dashboard geometry are retained in totals but hidden on the case map.
2026-06-13,2026-06,Ituri,Mongbwalu,nv8tx681Gjd,164,73.0,2.120204140000084,29.46395014319073,SitRep N30/MVB,2026-06-13,OpenAI-assisted fallback extraction from INSP SitRep PDF; used only after deterministic extraction failed validation. Rows without dashboard geometry are retained in totals but hidden on the case map.
2026-06-13,2026-06,Ituri,Nia-Nia,,1,1.0,,,SitRep N30/MVB,2026-06-13,OpenAI-assisted fallback extraction from INSP SitRep PDF; used only after deterministic extraction failed validation. Rows without dashboard geometry are retained in totals but hidden on the case map.
2026-06-13,2026-06,Ituri,Nizi,TCE5waEW7Fi,11,1.0,1.7491092545000129,30.29386589242562,SitRep N30/MVB,2026-06-13,OpenAI-assisted fallback extraction from INSP SitRep PDF; used only after deterministic extraction failed validation. Rows without dashboard geometry are retained in totals but hidden on the case map.
2026-06-13,2026-06,Ituri,Nyankunde,mGTaa8TFifO,38,4.0,1.4866449679154434,29.933917392135683,SitRep N30/MVB,2026-06-13,OpenAI-assisted fallback extraction from INSP SitRep PDF; used only after deterministic extraction failed validation. Rows without dashboard geometry are retained in totals but hidden on the case map.
2026-06-13,2026-06,Ituri,Rimba,a2aJcbwnjoK,3,0.0,2.2214134000000456,30.706000954123333,SitRep N30/MVB,2026-06-13,OpenAI-assisted fallback extraction from INSP SitRep PDF; used only after deterministic extraction failed validation. Rows without dashboard geometry are retained in totals but hidden on the case map.
2026-06-13,2026-06,Ituri,Rwampara,vPxN2nZnBXK,149,27.0,1.5710652340000308,30.08327315923981,SitRep N30/MVB,2026-06-13,OpenAI-assisted fallback extraction from INSP SitRep PDF; used only after deterministic extraction failed validation. Rows without dashboard geometry are retained in totals but hidden on the case map.
2026-06-13,2026-06,Ituri,Tchomia,rhj4btTd3i0,2,0.0,1.5216207475000374,30.468986199294,SitRep N30/MVB,2026-06-13,OpenAI-assisted fallback extraction from INSP SitRep PDF; used only after deterministic extraction failed validation. Rows without dashboard geometry are retained in totals but hidden on the case map.
2026-06-13,2026-06,Nord-Kivu,Beni,msg2MyMGhKv,14,10.0,0.493171248666955,29.51358389763662,SitRep N30/MVB,2026-06-13,OpenAI-assisted fallback extraction from INSP SitRep PDF; used only after deterministic extraction failed validation. Rows without dashboard geometry are retained in totals but hidden on the case map.
2026-06-13,2026-06,Nord-Kivu,Butembo,foR0DRLqtdJ,18,7.0,0.1465342500003714,29.251277502423125,SitRep N30/MVB,2026-06-13,OpenAI-assisted fallback extraction from INSP SitRep PDF; used only after deterministic extraction failed validation. Rows without dashboard geometry are retained in totals but hidden on the case map.
2026-06-13,2026-06,Nord-Kivu,Goma,t8tjGKVhkl3,1,0.0,-1.6528676989999551,29.17826328304752,SitRep N30/MVB,2026-06-13,OpenAI-assisted fallback extraction from INSP SitRep PDF; used only after deterministic extraction failed validation. Rows without dashboard geometry are retained in totals but hidden on the case map.
2026-06-13,2026-06,Nord-Kivu,Kalunguta,XoJ3dLz68aj,1,1.0,0.3266166500000906,29.34622252068664,SitRep N30/MVB,2026-06-13,OpenAI-assisted fallback extraction from INSP SitRep PDF; used only after deterministic extraction failed validation. Rows without dashboard geometry are retained in totals but hidden on the case map.
2026-06-13,2026-06,Nord-Kivu,Katwa,woJBeEpIZdy,21,12.0,0.1198993135112445,29.32416416638681,SitRep N30/MVB,2026-06-13,OpenAI-assisted fallback extraction from INSP SitRep PDF; used only after deterministic extraction failed validation. Rows without dashboard geometry are retained in totals but hidden on the case map.
2026-06-13,2026-06,Nord-Kivu,Kyondo,amGiV9h9C2I,2,1.0,0.0132661619471709,29.50420270117476,SitRep N30/MVB,2026-06-13,OpenAI-assisted fallback extraction from INSP SitRep PDF; used only after deterministic extraction failed validation. Rows without dashboard geometry are retained in totals but hidden on the case map.
2026-06-13,2026-06,Nord-Kivu,Mabalako,svtAZQ9nVl0,1,0.0,0.5045215710000548,29.19392959948652,SitRep N30/MVB,2026-06-13,OpenAI-assisted fallback extraction from INSP SitRep PDF; used only after deterministic extraction failed validation. Rows without dashboard geometry are retained in totals but hidden on the case map.
2026-06-13,2026-06,Nord-Kivu,Masereka,kQCMPbHKQ93,1,0.0,-0.1092755664999742,29.327512197678764,SitRep N30/MVB,2026-06-13,OpenAI-assisted fallback extraction from INSP SitRep PDF; used only after deterministic extraction failed validation. Rows without dashboard geometry are retained in totals but hidden on the case map.
2026-06-13,2026-06,Nord-Kivu,Oicha,zOOAshOz4Cz,2,2.0,0.7639879778753311,29.54704482375912,SitRep N30/MVB,2026-06-13,OpenAI-assisted fallback extraction from INSP SitRep PDF; used only after deterministic extraction failed validation. Rows without dashboard geometry are retained in totals but hidden on the case map.
2026-06-13,2026-06,Nord-Kivu,Vuhovi,,1,1.0,,,SitRep N30/MVB,2026-06-13,OpenAI-assisted fallback extraction from INSP SitRep PDF; used only after deterministic extraction failed validation. Rows without dashboard geometry are retained in totals but hidden on the case map.
2026-06-13,2026-06,Sud-Kivu,Miti-Murhesa,,3,1.0,,,SitRep N30/MVB,2026-06-13,OpenAI-assisted fallback extraction from INSP SitRep PDF; used only after deterministic extraction failed validation. Rows without dashboard geometry are retained in totals but hidden on the case map.
2026-06-14,2026-06,Ituri,Aru,v8PqffapuVl,3,1.0,2.859042986322321,30.833681049566664,SitRep N31/MVB,2026-06-14,OpenAI-assisted fallback extraction from INSP SitRep PDF; used only after deterministic extraction failed validation. Rows without dashboard geometry are retained in totals but hidden on the case map.
2026-06-14,2026-06,Ituri,Aungba,DFcltLEKLxj,2,1.0,2.5670708830760702,30.592536320311343,SitRep N31/MVB,2026-06-14,OpenAI-assisted fallback extraction from INSP SitRep PDF; used only after deterministic extraction failed validation. Rows without dashboard geometry are retained in totals but hidden on the case map.
2026-06-14,2026-06,Ituri,Autres ZS (données non ventilées),,94,10.0,,,SitRep N31/MVB,2026-06-14,OpenAI-assisted fallback extraction from INSP SitRep PDF; used only after deterministic extraction failed validation. Rows without dashboard geometry are retained in totals but hidden on the case map.
2026-06-14,2026-06,Ituri,Bambu,Uc3GqWS8C0w,7,2.0,1.8633970955000336,30.20627592724413,SitRep N31/MVB,2026-06-14,OpenAI-assisted fallback extraction from INSP SitRep PDF; used only after deterministic extraction failed validation. Rows without dashboard geometry are retained in totals but hidden on the case map.
2026-06-14,2026-06,Ituri,Bunia,GPi6i83o7l6,215,20.0,1.607713140500067,30.282078091482003,SitRep N31/MVB,2026-06-14,OpenAI-assisted fallback extraction from INSP SitRep PDF; used only after deterministic extraction failed validation. Rows without dashboard geometry are retained in totals but hidden on the case map.
2026-06-14,2026-06,Ituri,Damas,ApdB8z3Wrxt,4,0.0,2.1976361605001387,30.22934640858644,SitRep N31/MVB,2026-06-14,OpenAI-assisted fallback extraction from INSP SitRep PDF; used only after deterministic extraction failed validation. Rows without dashboard geometry are retained in totals but hidden on the case map.
2026-06-14,2026-06,Ituri,Gety,X8zFJ7DJlRD,1,0.0,1.253148786140514,30.189368117956285,SitRep N31/MVB,2026-06-14,OpenAI-assisted fallback extraction from INSP SitRep PDF; used only after deterministic extraction failed validation. Rows without dashboard geometry are retained in totals but hidden on the case map.
2026-06-14,2026-06,Ituri,Kambala,SkEKQLSulmp,1,1.0,2.313255370000064,30.54737129473464,SitRep N31/MVB,2026-06-14,OpenAI-assisted fallback extraction from INSP SitRep PDF; used only after deterministic extraction failed validation. Rows without dashboard geometry are retained in totals but hidden on the case map.
2026-06-14,2026-06,Ituri,Kilo,sbyWSsdZ3tj,4,1.0,1.7598275375000298,30.080701985660504,SitRep N31/MVB,2026-06-14,OpenAI-assisted fallback extraction from INSP SitRep PDF; used only after deterministic extraction failed validation. Rows without dashboard geometry are retained in totals but hidden on the case map.
2026-06-14,2026-06,Ituri,Komanda,i2mtQy4nTmD,6,0.0,1.1261791000000585,29.62557262065517,SitRep N31/MVB,2026-06-14,OpenAI-assisted fallback extraction from INSP SitRep PDF; used only after deterministic extraction failed validation. Rows without dashboard geometry are retained in totals but hidden on the case map.
2026-06-14,2026-06,Ituri,Lita,xGWcGHazqtw,6,0.0,1.588332974500048,30.38710948970807,SitRep N31/MVB,2026-06-14,OpenAI-assisted fallback extraction from INSP SitRep PDF; used only after deterministic extraction failed validation. Rows without dashboard geometry are retained in totals but hidden on the case map.
2026-06-14,2026-06,Ituri,Logo,qqGoQGSp1Dw,2,0.0,2.155727226000039,30.877556277526388,SitRep N31/MVB,2026-06-14,OpenAI-assisted fallback extraction from INSP SitRep PDF; used only after deterministic extraction failed validation. Rows without dashboard geometry are retained in totals but hidden on the case map.
2026-06-14,2026-06,Ituri,Mambasa,RjHZChl5gJQ,2,1.0,1.4290391459577108,28.62314089055854,SitRep N31/MVB,2026-06-14,OpenAI-assisted fallback extraction from INSP SitRep PDF; used only after deterministic extraction failed validation. Rows without dashboard geometry are retained in totals but hidden on the case map.
2026-06-14,2026-06,Ituri,Mangala,,5,3.0,,,SitRep N31/MVB,2026-06-14,OpenAI-assisted fallback extraction from INSP SitRep PDF; used only after deterministic extraction failed validation. Rows without dashboard geometry are retained in totals but hidden on the case map.
2026-06-14,2026-06,Ituri,Mongbwalu,nv8tx681Gjd,175,80.0,2.120204140000084,29.46395014319073,SitRep N31/MVB,2026-06-14,OpenAI-assisted fallback extraction from INSP SitRep PDF; used only after deterministic extraction failed validation. Rows without dashboard geometry are retained in totals but hidden on the case map.
2026-06-14,2026-06,Ituri,Nia-Nia,,1,1.0,,,SitRep N31/MVB,2026-06-14,OpenAI-assisted fallback extraction from INSP SitRep PDF; used only after deterministic extraction failed validation. Rows without dashboard geometry are retained in totals but hidden on the case map.
2026-06-14,2026-06,Ituri,Nizi,TCE5waEW7Fi,11,1.0,1.7491092545000129,30.29386589242562,SitRep N31/MVB,2026-06-14,OpenAI-assisted fallback extraction from INSP SitRep PDF; used only after deterministic extraction failed validation. Rows without dashboard geometry are retained in totals but hidden on the case map.
2026-06-14,2026-06,Ituri,Nyankunde,mGTaa8TFifO,42,4.0,1.4866449679154434,29.933917392135683,SitRep N31/MVB,2026-06-14,OpenAI-assisted fallback extraction from INSP SitRep PDF; used only after deterministic extraction failed validation. Rows without dashboard geometry are retained in totals but hidden on the case map.
2026-06-14,2026-06,Ituri,Rimba,a2aJcbwnjoK,3,0.0,2.2214134000000456,30.706000954123333,SitRep N31/MVB,2026-06-14,OpenAI-assisted fallback extraction from INSP SitRep PDF; used only after deterministic extraction failed validation. Rows without dashboard geometry are retained in totals but hidden on the case map.
2026-06-14,2026-06,Ituri,Rwampara,vPxN2nZnBXK,152,27.0,1.5710652340000308,30.08327315923981,SitRep N31/MVB,2026-06-14,OpenAI-assisted fallback extraction from INSP SitRep PDF; used only after deterministic extraction failed validation. Rows without dashboard geometry are retained in totals but hidden on the case map.
2026-06-14,2026-06,Ituri,Tchomia,rhj4btTd3i0,2,0.0,1.5216207475000374,30.468986199294,SitRep N31/MVB,2026-06-14,OpenAI-assisted fallback extraction from INSP SitRep PDF; used only after deterministic extraction failed validation. Rows without dashboard geometry are retained in totals but hidden on the case map.
2026-06-14,2026-06,Nord-Kivu,Beni,msg2MyMGhKv,14,10.0,0.493171248666955,29.51358389763662,SitRep N31/MVB,2026-06-14,OpenAI-assisted fallback extraction from INSP SitRep PDF; used only after deterministic extraction failed validation. Rows without dashboard geometry are retained in totals but hidden on the case map.
2026-06-14,2026-06,Nord-Kivu,Butembo,foR0DRLqtdJ,19,7.0,0.1465342500003714,29.251277502423125,SitRep N31/MVB,2026-06-14,OpenAI-assisted fallback extraction from INSP SitRep PDF; used only after deterministic extraction failed validation. Rows without dashboard geometry are retained in totals but hidden on the case map.
2026-06-14,2026-06,Nord-Kivu,Goma,t8tjGKVhkl3,1,0.0,-1.6528676989999551,29.17826328304752,SitRep N31/MVB,2026-06-14,OpenAI-assisted fallback extraction from INSP SitRep PDF; used only after deterministic extraction failed validation. Rows without dashboard geometry are retained in totals but hidden on the case map.
2026-06-14,2026-06,Nord-Kivu,Kalunguta,XoJ3dLz68aj,1,1.0,0.3266166500000906,29.34622252068664,SitRep N31/MVB,2026-06-14,OpenAI-assisted fallback extraction from INSP SitRep PDF; used only after deterministic extraction failed validation. Rows without dashboard geometry are retained in totals but hidden on the case map.
2026-06-14,2026-06,Nord-Kivu,Katwa,woJBeEpIZdy,25,16.0,0.1198993135112445,29.32416416638681,SitRep N31/MVB,2026-06-14,OpenAI-assisted fallback extraction from INSP SitRep PDF; used only after deterministic extraction failed validation. Rows without dashboard geometry are retained in totals but hidden on the case map.
2026-06-14,2026-06,Nord-Kivu,Kyondo,amGiV9h9C2I,2,1.0,0.0132661619471709,29.50420270117476,SitRep N31/MVB,2026-06-14,OpenAI-assisted fallback extraction from INSP SitRep PDF; used only after deterministic extraction failed validation. Rows without dashboard geometry are retained in totals but hidden on the case map.
2026-06-14,2026-06,Nord-Kivu,Mabalako,svtAZQ9nVl0,1,0.0,0.5045215710000548,29.19392959948652,SitRep N31/MVB,2026-06-14,OpenAI-assisted fallback extraction from INSP SitRep PDF; used only after deterministic extraction failed validation. Rows without dashboard geometry are retained in totals but hidden on the case map.
2026-06-14,2026-06,Nord-Kivu,Masereka,kQCMPbHKQ93,1,0.0,-0.1092755664999742,29.327512197678764,SitRep N31/MVB,2026-06-14,OpenAI-assisted fallback extraction from INSP SitRep PDF; used only after deterministic extraction failed validation. Rows without dashboard geometry are retained in totals but hidden on the case map.
2026-06-14,2026-06,Nord-Kivu,Oicha,zOOAshOz4Cz,2,2.0,0.7639879778753311,29.54704482375912,SitRep N31/MVB,2026-06-14,OpenAI-assisted fallback extraction from INSP SitRep PDF; used only after deterministic extraction failed validation. Rows without dashboard geometry are retained in totals but hidden on the case map.
2026-06-14,2026-06,Nord-Kivu,Vuhovi,,1,1.0,,,SitRep N31/MVB,2026-06-14,OpenAI-assisted fallback extraction from INSP SitRep PDF; used only after deterministic extraction failed validation. Rows without dashboard geometry are retained in totals but hidden on the case map.
2026-06-14,2026-06,Sud-Kivu,Miti-Murhesa,,3,1.0,,,SitRep N31/MVB,2026-06-14,OpenAI-assisted fallback extraction from INSP SitRep PDF; used only after deterministic extraction failed validation. Rows without dashboard geometry are retained in totals but hidden on the case map.
2026-06-15,2026-06,Ituri,Aru,v8PqffapuVl,3,1.0,2.859042986322321,30.833681049566664,SitRep N32/MVB,2026-06-15,OpenAI-assisted fallback extraction from INSP SitRep PDF; used only after deterministic extraction failed validation. Rows without dashboard geometry are retained in totals but hidden on the case map.
2026-06-15,2026-06,Ituri,Aungba,DFcltLEKLxj,2,1.0,2.5670708830760702,30.592536320311343,SitRep N32/MVB,2026-06-15,OpenAI-assisted fallback extraction from INSP SitRep PDF; used only after deterministic extraction failed validation. Rows without dashboard geometry are retained in totals but hidden on the case map.
2026-06-15,2026-06,Ituri,Bambu,Uc3GqWS8C0w,7,2.0,1.8633970955000336,30.20627592724413,SitRep N32/MVB,2026-06-15,OpenAI-assisted fallback extraction from INSP SitRep PDF; used only after deterministic extraction failed validation. Rows without dashboard geometry are retained in totals but hidden on the case map.
2026-06-15,2026-06,Ituri,Bunia,GPi6i83o7l6,215,20.0,1.607713140500067,30.282078091482003,SitRep N32/MVB,2026-06-15,OpenAI-assisted fallback extraction from INSP SitRep PDF; used only after deterministic extraction failed validation. Rows without dashboard geometry are retained in totals but hidden on the case map.
2026-06-15,2026-06,Ituri,Damas,ApdB8z3Wrxt,4,0.0,2.1976361605001387,30.22934640858644,SitRep N32/MVB,2026-06-15,OpenAI-assisted fallback extraction from INSP SitRep PDF; used only after deterministic extraction failed validation. Rows without dashboard geometry are retained in totals but hidden on the case map.
2026-06-15,2026-06,Ituri,Gety,X8zFJ7DJlRD,1,0.0,1.253148786140514,30.189368117956285,SitRep N32/MVB,2026-06-15,OpenAI-assisted fallback extraction from INSP SitRep PDF; used only after deterministic extraction failed validation. Rows without dashboard geometry are retained in totals but hidden on the case map.
2026-06-15,2026-06,Ituri,Kambala,SkEKQLSulmp,1,1.0,2.313255370000064,30.54737129473464,SitRep N32/MVB,2026-06-15,OpenAI-assisted fallback extraction from INSP SitRep PDF; used only after deterministic extraction failed validation. Rows without dashboard geometry are retained in totals but hidden on the case map.
2026-06-15,2026-06,Ituri,Kilo,sbyWSsdZ3tj,4,1.0,1.7598275375000298,30.080701985660504,SitRep N32/MVB,2026-06-15,OpenAI-assisted fallback extraction from INSP SitRep PDF; used only after deterministic extraction failed validation. Rows without dashboard geometry are retained in totals but hidden on the case map.
2026-06-15,2026-06,Ituri,Komanda,i2mtQy4nTmD,7,1.0,1.1261791000000585,29.62557262065517,SitRep N32/MVB,2026-06-15,OpenAI-assisted fallback extraction from INSP SitRep PDF; used only after deterministic extraction failed validation. Rows without dashboard geometry are retained in totals but hidden on the case map.
2026-06-15,2026-06,Ituri,Lita,xGWcGHazqtw,9,0.0,1.588332974500048,30.38710948970807,SitRep N32/MVB,2026-06-15,OpenAI-assisted fallback extraction from INSP SitRep PDF; used only after deterministic extraction failed validation. Rows without dashboard geometry are retained in totals but hidden on the case map.
2026-06-15,2026-06,Ituri,Logo,qqGoQGSp1Dw,2,0.0,2.155727226000039,30.877556277526388,SitRep N32/MVB,2026-06-15,OpenAI-assisted fallback extraction from INSP SitRep PDF; used only after deterministic extraction failed validation. Rows without dashboard geometry are retained in totals but hidden on the case map.
2026-06-15,2026-06,Ituri,Mambasa,RjHZChl5gJQ,2,1.0,1.4290391459577108,28.62314089055854,SitRep N32/MVB,2026-06-15,OpenAI-assisted fallback extraction from INSP SitRep PDF; used only after deterministic extraction failed validation. Rows without dashboard geometry are retained in totals but hidden on the case map.
2026-06-15,2026-06,Ituri,Mangala,,5,3.0,,,SitRep N32/MVB,2026-06-15,OpenAI-assisted fallback extraction from INSP SitRep PDF; used only after deterministic extraction failed validation. Rows without dashboard geometry are retained in totals but hidden on the case map.
2026-06-15,2026-06,Ituri,Mongbwalu,nv8tx681Gjd,185,83.0,2.120204140000084,29.46395014319073,SitRep N32/MVB,2026-06-15,OpenAI-assisted fallback extraction from INSP SitRep PDF; used only after deterministic extraction failed validation. Rows without dashboard geometry are retained in totals but hidden on the case map.
2026-06-15,2026-06,Ituri,Nia-Nia,,1,1.0,,,SitRep N32/MVB,2026-06-15,OpenAI-assisted fallback extraction from INSP SitRep PDF; used only after deterministic extraction failed validation. Rows without dashboard geometry are retained in totals but hidden on the case map.
2026-06-15,2026-06,Ituri,Nizi,TCE5waEW7Fi,16,1.0,1.7491092545000129,30.29386589242562,SitRep N32/MVB,2026-06-15,OpenAI-assisted fallback extraction from INSP SitRep PDF; used only after deterministic extraction failed validation. Rows without dashboard geometry are retained in totals but hidden on the case map.
2026-06-15,2026-06,Ituri,Nyankunde,mGTaa8TFifO,45,4.0,1.4866449679154434,29.933917392135683,SitRep N32/MVB,2026-06-15,OpenAI-assisted fallback extraction from INSP SitRep PDF; used only after deterministic extraction failed validation. Rows without dashboard geometry are retained in totals but hidden on the case map.
2026-06-15,2026-06,Ituri,Rimba,a2aJcbwnjoK,3,0.0,2.2214134000000456,30.706000954123333,SitRep N32/MVB,2026-06-15,OpenAI-assisted fallback extraction from INSP SitRep PDF; used only after deterministic extraction failed validation. Rows without dashboard geometry are retained in totals but hidden on the case map.
2026-06-15,2026-06,Ituri,Rwampara,vPxN2nZnBXK,159,27.0,1.5710652340000308,30.08327315923981,SitRep N32/MVB,2026-06-15,OpenAI-assisted fallback extraction from INSP SitRep PDF; used only after deterministic extraction failed validation. Rows without dashboard geometry are retained in totals but hidden on the case map.
2026-06-15,2026-06,Ituri,Tchomia,rhj4btTd3i0,2,0.0,1.5216207475000374,30.468986199294,SitRep N32/MVB,2026-06-15,OpenAI-assisted fallback extraction from INSP SitRep PDF; used only after deterministic extraction failed validation. Rows without dashboard geometry are retained in totals but hidden on the case map.
2026-06-15,2026-06,Nord-Kivu,Beni,msg2MyMGhKv,14,10.0,0.493171248666955,29.51358389763662,SitRep N32/MVB,2026-06-15,OpenAI-assisted fallback extraction from INSP SitRep PDF; used only after deterministic extraction failed validation. Rows without dashboard geometry are retained in totals but hidden on the case map.
2026-06-15,2026-06,Nord-Kivu,Butembo,foR0DRLqtdJ,19,7.0,0.1465342500003714,29.251277502423125,SitRep N32/MVB,2026-06-15,OpenAI-assisted fallback extraction from INSP SitRep PDF; used only after deterministic extraction failed validation. Rows without dashboard geometry are retained in totals but hidden on the case map.
2026-06-15,2026-06,Nord-Kivu,Goma,t8tjGKVhkl3,1,0.0,-1.6528676989999551,29.17826328304752,SitRep N32/MVB,2026-06-15,OpenAI-assisted fallback extraction from INSP SitRep PDF; used only after deterministic extraction failed validation. Rows without dashboard geometry are retained in totals but hidden on the case map.
2026-06-15,2026-06,Nord-Kivu,Kalunguta,XoJ3dLz68aj,1,1.0,0.3266166500000906,29.34622252068664,SitRep N32/MVB,2026-06-15,OpenAI-assisted fallback extraction from INSP SitRep PDF; used only after deterministic extraction failed validation. Rows without dashboard geometry are retained in totals but hidden on the case map.
2026-06-15,2026-06,Nord-Kivu,Katwa,woJBeEpIZdy,25,16.0,0.1198993135112445,29.32416416638681,SitRep N32/MVB,2026-06-15,OpenAI-assisted fallback extraction from INSP SitRep PDF; used only after deterministic extraction failed validation. Rows without dashboard geometry are retained in totals but hidden on the case map.
2026-06-15,2026-06,Nord-Kivu,Kyondo,amGiV9h9C2I,2,1.0,0.0132661619471709,29.50420270117476,SitRep N32/MVB,2026-06-15,OpenAI-assisted fallback extraction from INSP SitRep PDF; used only after deterministic extraction failed validation. Rows without dashboard geometry are retained in totals but hidden on the case map.
2026-06-15,2026-06,Nord-Kivu,Mabalako,svtAZQ9nVl0,1,0.0,0.5045215710000548,29.19392959948652,SitRep N32/MVB,2026-06-15,OpenAI-assisted fallback extraction from INSP SitRep PDF; used only after deterministic extraction failed validation. Rows without dashboard geometry are retained in totals but hidden on the case map.
2026-06-15,2026-06,Nord-Kivu,Masereka,kQCMPbHKQ93,1,0.0,-0.1092755664999742,29.327512197678764,SitRep N32/MVB,2026-06-15,OpenAI-assisted fallback extraction from INSP SitRep PDF; used only after deterministic extraction failed validation. Rows without dashboard geometry are retained in totals but hidden on the case map.
2026-06-15,2026-06,Nord-Kivu,Oicha,zOOAshOz4Cz,2,2.0,0.7639879778753311,29.54704482375912,SitRep N32/MVB,2026-06-15,OpenAI-assisted fallback extraction from INSP SitRep PDF; used only after deterministic extraction failed validation. Rows without dashboard geometry are retained in totals but hidden on the case map.
2026-06-15,2026-06,Nord-Kivu,Vuhovi,,1,1.0,,,SitRep N32/MVB,2026-06-15,OpenAI-assisted fallback extraction from INSP SitRep PDF; used only after deterministic extraction failed validation. Rows without dashboard geometry are retained in totals but hidden on the case map.
2026-06-15,2026-06,Sud-Kivu,Miti-Murhesa,,3,1.0,,,SitRep N32/MVB,2026-06-15,OpenAI-assisted fallback extraction from INSP SitRep PDF; used only after deterministic extraction failed validation. Rows without dashboard geometry are retained in totals but hidden on the case map.
2026-06-16,2026-06,Ituri,Aru,v8PqffapuVl,3,,2.859042986322321,30.833681049566664,SitRep N33/MVB,2026-06-16,OpenAI-assisted fallback extraction from INSP SitRep PDF; used only after deterministic extraction failed validation. Rows without dashboard geometry are retained in totals but hidden on the case map.
2026-06-16,2026-06,Ituri,Aungba,DFcltLEKLxj,2,,2.5670708830760702,30.592536320311343,SitRep N33/MVB,2026-06-16,OpenAI-assisted fallback extraction from INSP SitRep PDF; used only after deterministic extraction failed validation. Rows without dashboard geometry are retained in totals but hidden on the case map.
2026-06-16,2026-06,Ituri,Bambu,Uc3GqWS8C0w,7,,1.8633970955000336,30.20627592724413,SitRep N33/MVB,2026-06-16,OpenAI-assisted fallback extraction from INSP SitRep PDF; used only after deterministic extraction failed validation. Rows without dashboard geometry are retained in totals but hidden on the case map.
2026-06-16,2026-06,Ituri,Bunia,GPi6i83o7l6,226,,1.607713140500067,30.282078091482003,SitRep N33/MVB,2026-06-16,OpenAI-assisted fallback extraction from INSP SitRep PDF; used only after deterministic extraction failed validation. Rows without dashboard geometry are retained in totals but hidden on the case map.
2026-06-16,2026-06,Ituri,Damas,ApdB8z3Wrxt,4,,2.1976361605001387,30.22934640858644,SitRep N33/MVB,2026-06-16,OpenAI-assisted fallback extraction from INSP SitRep PDF; used only after deterministic extraction failed validation. Rows without dashboard geometry are retained in totals but hidden on the case map.
2026-06-16,2026-06,Ituri,Fataki,FDNwbfrJhkA,1,,1.9004797405000888,30.565348794325672,SitRep N33/MVB,2026-06-16,OpenAI-assisted fallback extraction from INSP SitRep PDF; used only after deterministic extraction failed validation. Rows without dashboard geometry are retained in totals but hidden on the case map.
2026-06-16,2026-06,Ituri,Gety,X8zFJ7DJlRD,1,,1.253148786140514,30.189368117956285,SitRep N33/MVB,2026-06-16,OpenAI-assisted fallback extraction from INSP SitRep PDF; used only after deterministic extraction failed validation. Rows without dashboard geometry are retained in totals but hidden on the case map.
2026-06-16,2026-06,Ituri,Kambala,SkEKQLSulmp,1,,2.313255370000064,30.54737129473464,SitRep N33/MVB,2026-06-16,OpenAI-assisted fallback extraction from INSP SitRep PDF; used only after deterministic extraction failed validation. Rows without dashboard geometry are retained in totals but hidden on the case map.
2026-06-16,2026-06,Ituri,Kilo,sbyWSsdZ3tj,4,,1.7598275375000298,30.080701985660504,SitRep N33/MVB,2026-06-16,OpenAI-assisted fallback extraction from INSP SitRep PDF; used only after deterministic extraction failed validation. Rows without dashboard geometry are retained in totals but hidden on the case map.
2026-06-16,2026-06,Ituri,Komanda,i2mtQy4nTmD,7,,1.1261791000000585,29.62557262065517,SitRep N33/MVB,2026-06-16,OpenAI-assisted fallback extraction from INSP SitRep PDF; used only after deterministic extraction failed validation. Rows without dashboard geometry are retained in totals but hidden on the case map.
2026-06-16,2026-06,Ituri,Lita,xGWcGHazqtw,9,,1.588332974500048,30.38710948970807,SitRep N33/MVB,2026-06-16,OpenAI-assisted fallback extraction from INSP SitRep PDF; used only after deterministic extraction failed validation. Rows without dashboard geometry are retained in totals but hidden on the case map.
2026-06-16,2026-06,Ituri,Logo,qqGoQGSp1Dw,2,,2.155727226000039,30.877556277526388,SitRep N33/MVB,2026-06-16,OpenAI-assisted fallback extraction from INSP SitRep PDF; used only after deterministic extraction failed validation. Rows without dashboard geometry are retained in totals but hidden on the case map.
2026-06-16,2026-06,Ituri,Mambasa,RjHZChl5gJQ,2,,1.4290391459577108,28.62314089055854,SitRep N33/MVB,2026-06-16,OpenAI-assisted fallback extraction from INSP SitRep PDF; used only after deterministic extraction failed validation. Rows without dashboard geometry are retained in totals but hidden on the case map.
2026-06-16,2026-06,Ituri,Mangala,,5,,,,SitRep N33/MVB,2026-06-16,OpenAI-assisted fallback extraction from INSP SitRep PDF; used only after deterministic extraction failed validation. Rows without dashboard geometry are retained in totals but hidden on the case map.
2026-06-16,2026-06,Ituri,Mongbwalu,nv8tx681Gjd,189,,2.120204140000084,29.46395014319073,SitRep N33/MVB,2026-06-16,OpenAI-assisted fallback extraction from INSP SitRep PDF; used only after deterministic extraction failed validation. Rows without dashboard geometry are retained in totals but hidden on the case map.
2026-06-16,2026-06,Ituri,Nia-Nia,,1,,,,SitRep N33/MVB,2026-06-16,OpenAI-assisted fallback extraction from INSP SitRep PDF; used only after deterministic extraction failed validation. Rows without dashboard geometry are retained in totals but hidden on the case map.
2026-06-16,2026-06,Ituri,Nizi,TCE5waEW7Fi,16,,1.7491092545000129,30.29386589242562,SitRep N33/MVB,2026-06-16,OpenAI-assisted fallback extraction from INSP SitRep PDF; used only after deterministic extraction failed validation. Rows without dashboard geometry are retained in totals but hidden on the case map.
2026-06-16,2026-06,Ituri,Nyankunde,mGTaa8TFifO,45,,1.4866449679154434,29.933917392135683,SitRep N33/MVB,2026-06-16,OpenAI-assisted fallback extraction from INSP SitRep PDF; used only after deterministic extraction failed validation. Rows without dashboard geometry are retained in totals but hidden on the case map.
2026-06-16,2026-06,Ituri,Rimba,a2aJcbwnjoK,3,,2.2214134000000456,30.706000954123333,SitRep N33/MVB,2026-06-16,OpenAI-assisted fallback extraction from INSP SitRep PDF; used only after deterministic extraction failed validation. Rows without dashboard geometry are retained in totals but hidden on the case map.
2026-06-16,2026-06,Ituri,Rwampara,vPxN2nZnBXK,172,,1.5710652340000308,30.08327315923981,SitRep N33/MVB,2026-06-16,OpenAI-assisted fallback extraction from INSP SitRep PDF; used only after deterministic extraction failed validation. Rows without dashboard geometry are retained in totals but hidden on the case map.
2026-06-16,2026-06,Ituri,Tchomia,rhj4btTd3i0,5,,1.5216207475000374,30.468986199294,SitRep N33/MVB,2026-06-16,OpenAI-assisted fallback extraction from INSP SitRep PDF; used only after deterministic extraction failed validation. Rows without dashboard geometry are retained in totals but hidden on the case map.
2026-06-16,2026-06,Nord-Kivu,Beni,msg2MyMGhKv,14,,0.493171248666955,29.51358389763662,SitRep N33/MVB,2026-06-16,OpenAI-assisted fallback extraction from INSP SitRep PDF; used only after deterministic extraction failed validation. Rows without dashboard geometry are retained in totals but hidden on the case map.
2026-06-16,2026-06,Nord-Kivu,Butembo,foR0DRLqtdJ,24,,0.1465342500003714,29.251277502423125,SitRep N33/MVB,2026-06-16,OpenAI-assisted fallback extraction from INSP SitRep PDF; used only after deterministic extraction failed validation. Rows without dashboard geometry are retained in totals but hidden on the case map.
2026-06-16,2026-06,Nord-Kivu,Goma,t8tjGKVhkl3,1,,-1.6528676989999551,29.17826328304752,SitRep N33/MVB,2026-06-16,OpenAI-assisted fallback extraction from INSP SitRep PDF; used only after deterministic extraction failed validation. Rows without dashboard geometry are retained in totals but hidden on the case map.
2026-06-16,2026-06,Nord-Kivu,Kalunguta,XoJ3dLz68aj,2,,0.3266166500000906,29.34622252068664,SitRep N33/MVB,2026-06-16,OpenAI-assisted fallback extraction from INSP SitRep PDF; used only after deterministic extraction failed validation. Rows without dashboard geometry are retained in totals but hidden on the case map.
2026-06-16,2026-06,Nord-Kivu,Katwa,woJBeEpIZdy,23,,0.1198993135112445,29.32416416638681,SitRep N33/MVB,2026-06-16,OpenAI-assisted fallback extraction from INSP SitRep PDF; used only after deterministic extraction failed validation. Rows without dashboard geometry are retained in totals but hidden on the case map.
2026-06-16,2026-06,Nord-Kivu,Kyondo,amGiV9h9C2I,2,,0.0132661619471709,29.50420270117476,SitRep N33/MVB,2026-06-16,OpenAI-assisted fallback extraction from INSP SitRep PDF; used only after deterministic extraction failed validation. Rows without dashboard geometry are retained in totals but hidden on the case map.
2026-06-16,2026-06,Nord-Kivu,Mabalako,svtAZQ9nVl0,1,,0.5045215710000548,29.19392959948652,SitRep N33/MVB,2026-06-16,OpenAI-assisted fallback extraction from INSP SitRep PDF; used only after deterministic extraction failed validation. Rows without dashboard geometry are retained in totals but hidden on the case map.
2026-06-16,2026-06,Nord-Kivu,Masereka,kQCMPbHKQ93,1,,-0.1092755664999742,29.327512197678764,SitRep N33/MVB,2026-06-16,OpenAI-assisted fallback extraction from INSP SitRep PDF; used only after deterministic extraction failed validation. Rows without dashboard geometry are retained in totals but hidden on the case map.
2026-06-16,2026-06,Nord-Kivu,Musienene,VooLsNf0dDB,1,,0.0725136590002364,28.35327518112168,SitRep N33/MVB,2026-06-16,OpenAI-assisted fallback extraction from INSP SitRep PDF; used only after deterministic extraction failed validation. Rows without dashboard geometry are retained in totals but hidden on the case map.
2026-06-16,2026-06,Nord-Kivu,Oicha,zOOAshOz4Cz,3,,0.7639879778753311,29.54704482375912,SitRep N33/MVB,2026-06-16,OpenAI-assisted fallback extraction from INSP SitRep PDF; used only after deterministic extraction failed validation. Rows without dashboard geometry are retained in totals but hidden on the case map.
2026-06-16,2026-06,Nord-Kivu,Vuhovi,,1,,,,SitRep N33/MVB,2026-06-16,OpenAI-assisted fallback extraction from INSP SitRep PDF; used only after deterministic extraction failed validation. Rows without dashboard geometry are retained in totals but hidden on the case map.
2026-06-16,2026-06,Sud-Kivu,Miti-Murhesa,,3,,,,SitRep N33/MVB,2026-06-16,OpenAI-assisted fallback extraction from INSP SitRep PDF; used only after deterministic extraction failed validation. Rows without dashboard geometry are retained in totals but hidden on the case map.
2026-06-17,2026-06,Ituri,Aru,v8PqffapuVl,3,1.0,2.859042986322321,30.833681049566664,SitRep N34/MVB,2026-06-17,Automatically extracted from INSP SitRep PDF; validated against total cumulative cases. Rows without dashboard geometry are retained in totals but hidden on the case map.
2026-06-17,2026-06,Ituri,Aungba,DFcltLEKLxj,4,1.0,2.5670708830760702,30.592536320311343,SitRep N34/MVB,2026-06-17,Automatically extracted from INSP SitRep PDF; validated against total cumulative cases. Rows without dashboard geometry are retained in totals but hidden on the case map.
2026-06-17,2026-06,Ituri,Bambu,Uc3GqWS8C0w,9,2.0,1.8633970955000336,30.20627592724413,SitRep N34/MVB,2026-06-17,Automatically extracted from INSP SitRep PDF; validated against total cumulative cases. Rows without dashboard geometry are retained in totals but hidden on the case map.
2026-06-17,2026-06,Ituri,Bunia,GPi6i83o7l6,247,41.0,1.607713140500067,30.282078091482003,SitRep N34/MVB,2026-06-17,Automatically extracted from INSP SitRep PDF; validated against total cumulative cases. Rows without dashboard geometry are retained in totals but hidden on the case map.
2026-06-17,2026-06,Ituri,Damas,ApdB8z3Wrxt,4,0.0,2.1976361605001387,30.22934640858644,SitRep N34/MVB,2026-06-17,Automatically extracted from INSP SitRep PDF; validated against total cumulative cases. Rows without dashboard geometry are retained in totals but hidden on the case map.
2026-06-17,2026-06,Ituri,Drodro,OIhgsXcZf6x,1,1.0,1.7484347510000475,30.586912835820826,SitRep N34/MVB,2026-06-17,Automatically extracted from INSP SitRep PDF; validated against total cumulative cases. Rows without dashboard geometry are retained in totals but hidden on the case map.
2026-06-17,2026-06,Ituri,Fataki,FDNwbfrJhkA,1,0.0,1.9004797405000888,30.565348794325672,SitRep N34/MVB,2026-06-17,Automatically extracted from INSP SitRep PDF; validated against total cumulative cases. Rows without dashboard geometry are retained in totals but hidden on the case map.
2026-06-17,2026-06,Ituri,Gety,X8zFJ7DJlRD,1,0.0,1.253148786140514,30.189368117956285,SitRep N34/MVB,2026-06-17,Automatically extracted from INSP SitRep PDF; validated against total cumulative cases. Rows without dashboard geometry are retained in totals but hidden on the case map.
2026-06-17,2026-06,Ituri,Kambala,SkEKQLSulmp,1,1.0,2.313255370000064,30.54737129473464,SitRep N34/MVB,2026-06-17,Automatically extracted from INSP SitRep PDF; validated against total cumulative cases. Rows without dashboard geometry are retained in totals but hidden on the case map.
2026-06-17,2026-06,Ituri,Kilo,sbyWSsdZ3tj,7,1.0,1.7598275375000298,30.080701985660504,SitRep N34/MVB,2026-06-17,Automatically extracted from INSP SitRep PDF; validated against total cumulative cases. Rows without dashboard geometry are retained in totals but hidden on the case map.
2026-06-17,2026-06,Ituri,Komanda,i2mtQy4nTmD,10,3.0,1.1261791000000585,29.62557262065517,SitRep N34/MVB,2026-06-17,Automatically extracted from INSP SitRep PDF; validated against total cumulative cases. Rows without dashboard geometry are retained in totals but hidden on the case map.
2026-06-17,2026-06,Ituri,Lita,xGWcGHazqtw,18,4.0,1.588332974500048,30.38710948970807,SitRep N34/MVB,2026-06-17,Automatically extracted from INSP SitRep PDF; validated against total cumulative cases. Rows without dashboard geometry are retained in totals but hidden on the case map.
2026-06-17,2026-06,Ituri,Logo,qqGoQGSp1Dw,2,0.0,2.155727226000039,30.877556277526388,SitRep N34/MVB,2026-06-17,Automatically extracted from INSP SitRep PDF; validated against total cumulative cases. Rows without dashboard geometry are retained in totals but hidden on the case map.
2026-06-17,2026-06,Ituri,Mambasa,RjHZChl5gJQ,2,1.0,1.4290391459577108,28.62314089055854,SitRep N34/MVB,2026-06-17,Automatically extracted from INSP SitRep PDF; validated against total cumulative cases. Rows without dashboard geometry are retained in totals but hidden on the case map.
2026-06-17,2026-06,Ituri,Mongbwalu,nv8tx681Gjd,189,83.0,2.120204140000084,29.46395014319073,SitRep N34/MVB,2026-06-17,Automatically extracted from INSP SitRep PDF; validated against total cumulative cases. Rows without dashboard geometry are retained in totals but hidden on the case map.
2026-06-17,2026-06,Ituri,Nizi,TCE5waEW7Fi,25,5.0,1.7491092545000129,30.29386589242562,SitRep N34/MVB,2026-06-17,Automatically extracted from INSP SitRep PDF; validated against total cumulative cases. Rows without dashboard geometry are retained in totals but hidden on the case map.
2026-06-17,2026-06,Ituri,Nyankunde,mGTaa8TFifO,68,6.0,1.4866449679154434,29.933917392135683,SitRep N34/MVB,2026-06-17,Automatically extracted from INSP SitRep PDF; validated against total cumulative cases. Rows without dashboard geometry are retained in totals but hidden on the case map.
2026-06-17,2026-06,Ituri,Rimba,a2aJcbwnjoK,3,0.0,2.2214134000000456,30.706000954123333,SitRep N34/MVB,2026-06-17,Automatically extracted from INSP SitRep PDF; validated against total cumulative cases. Rows without dashboard geometry are retained in totals but hidden on the case map.
2026-06-17,2026-06,Ituri,Rwampara,vPxN2nZnBXK,195,33.0,1.5710652340000308,30.08327315923981,SitRep N34/MVB,2026-06-17,Automatically extracted from INSP SitRep PDF; validated against total cumulative cases. Rows without dashboard geometry are retained in totals but hidden on the case map.
2026-06-17,2026-06,Ituri,Tchomia,rhj4btTd3i0,5,0.0,1.5216207475000374,30.468986199294,SitRep N34/MVB,2026-06-17,Automatically extracted from INSP SitRep PDF; validated against total cumulative cases. Rows without dashboard geometry are retained in totals but hidden on the case map.
2026-06-17,2026-06,Nord-Kivu,Beni,msg2MyMGhKv,15,12.0,0.493171248666955,29.51358389763662,SitRep N34/MVB,2026-06-17,Automatically extracted from INSP SitRep PDF; validated against total cumulative cases. Rows without dashboard geometry are retained in totals but hidden on the case map.
2026-06-17,2026-06,Nord-Kivu,Butembo,foR0DRLqtdJ,25,11.0,0.1465342500003714,29.251277502423125,SitRep N34/MVB,2026-06-17,Automatically extracted from INSP SitRep PDF; validated against total cumulative cases. Rows without dashboard geometry are retained in totals but hidden on the case map.
2026-06-17,2026-06,Nord-Kivu,Goma,t8tjGKVhkl3,1,0.0,-1.6528676989999551,29.17826328304752,SitRep N34/MVB,2026-06-17,Automatically extracted from INSP SitRep PDF; validated against total cumulative cases. Rows without dashboard geometry are retained in totals but hidden on the case map.
2026-06-17,2026-06,Nord-Kivu,Kalunguta,XoJ3dLz68aj,2,1.0,0.3266166500000906,29.34622252068664,SitRep N34/MVB,2026-06-17,Automatically extracted from INSP SitRep PDF; validated against total cumulative cases. Rows without dashboard geometry are retained in totals but hidden on the case map.
2026-06-17,2026-06,Nord-Kivu,Katwa,woJBeEpIZdy,24,16.0,0.1198993135112445,29.32416416638681,SitRep N34/MVB,2026-06-17,Automatically extracted from INSP SitRep PDF; validated against total cumulative cases. Rows without dashboard geometry are retained in totals but hidden on the case map.
2026-06-17,2026-06,Nord-Kivu,Kyondo,amGiV9h9C2I,2,1.0,0.0132661619471709,29.50420270117476,SitRep N34/MVB,2026-06-17,Automatically extracted from INSP SitRep PDF; validated against total cumulative cases. Rows without dashboard geometry are retained in totals but hidden on the case map.
2026-06-17,2026-06,Nord-Kivu,Mabalako,svtAZQ9nVl0,1,0.0,0.5045215710000548,29.19392959948652,SitRep N34/MVB,2026-06-17,Automatically extracted from INSP SitRep PDF; validated against total cumulative cases. Rows without dashboard geometry are retained in totals but hidden on the case map.
2026-06-17,2026-06,Nord-Kivu,Masereka,kQCMPbHKQ93,1,0.0,-0.1092755664999742,29.327512197678764,SitRep N34/MVB,2026-06-17,Automatically extracted from INSP SitRep PDF; validated against total cumulative cases. Rows without dashboard geometry are retained in totals but hidden on the case map.
2026-06-17,2026-06,Nord-Kivu,Musienene,VooLsNf0dDB,1,1.0,0.0725136590002364,28.35327518112168,SitRep N34/MVB,2026-06-17,Automatically extracted from INSP SitRep PDF; validated against total cumulative cases. Rows without dashboard geometry are retained in totals but hidden on the case map.
2026-06-17,2026-06,Nord-Kivu,Oicha,zOOAshOz4Cz,3,2.0,0.7639879778753311,29.54704482375912,SitRep N34/MVB,2026-06-17,Automatically extracted from INSP SitRep PDF; validated against total cumulative cases. Rows without dashboard geometry are retained in totals but hidden on the case map.
2026-06-17,2026-06,,Mangala,,5,3.0,,,SitRep N34/MVB,2026-06-17,Automatically extracted from INSP SitRep PDF; validated against total cumulative cases. Rows without dashboard geometry are retained in totals but hidden on the case map.
2026-06-17,2026-06,,Miti-Murhesa,,3,1.0,,,SitRep N34/MVB,2026-06-17,Automatically extracted from INSP SitRep PDF; validated against total cumulative cases. Rows without dashboard geometry are retained in totals but hidden on the case map.
2026-06-17,2026-06,,Vuhovi,,1,1.0,,,SitRep N34/MVB,2026-06-17,Automatically extracted from INSP SitRep PDF; validated against total cumulative cases. Rows without dashboard geometry are retained in totals but hidden on the case map.
2026-06-18,2026-06,Ituri,Aru,v8PqffapuVl,3,,2.859042986322321,30.833681049566664,SitRep N35/MVB,2026-06-18,Automatically extracted from INSP SitRep PDF; validated against total cumulative cases. Rows without dashboard geometry are retained in totals but hidden on the case map.
2026-06-18,2026-06,Ituri,Aungba,DFcltLEKLxj,6,,2.5670708830760702,30.592536320311343,SitRep N35/MVB,2026-06-18,Automatically extracted from INSP SitRep PDF; validated against total cumulative cases. Rows without dashboard geometry are retained in totals but hidden on the case map.
2026-06-18,2026-06,Ituri,Bambu,Uc3GqWS8C0w,9,,1.8633970955000336,30.20627592724413,SitRep N35/MVB,2026-06-18,Automatically extracted from INSP SitRep PDF; validated against total cumulative cases. Rows without dashboard geometry are retained in totals but hidden on the case map.
2026-06-18,2026-06,Ituri,Bunia,GPi6i83o7l6,253,,1.607713140500067,30.282078091482003,SitRep N35/MVB,2026-06-18,Automatically extracted from INSP SitRep PDF; validated against total cumulative cases. Rows without dashboard geometry are retained in totals but hidden on the case map.
2026-06-18,2026-06,Ituri,Damas,ApdB8z3Wrxt,4,,2.1976361605001387,30.22934640858644,SitRep N35/MVB,2026-06-18,Automatically extracted from INSP SitRep PDF; validated against total cumulative cases. Rows without dashboard geometry are retained in totals but hidden on the case map.
2026-06-18,2026-06,Ituri,Drodro,OIhgsXcZf6x,1,,1.7484347510000475,30.586912835820826,SitRep N35/MVB,2026-06-18,Automatically extracted from INSP SitRep PDF; validated against total cumulative cases. Rows without dashboard geometry are retained in totals but hidden on the case map.
2026-06-18,2026-06,Ituri,Fataki,FDNwbfrJhkA,1,,1.9004797405000888,30.565348794325672,SitRep N35/MVB,2026-06-18,Automatically extracted from INSP SitRep PDF; validated against total cumulative cases. Rows without dashboard geometry are retained in totals but hidden on the case map.
2026-06-18,2026-06,Ituri,Gety,X8zFJ7DJlRD,1,,1.253148786140514,30.189368117956285,SitRep N35/MVB,2026-06-18,Automatically extracted from INSP SitRep PDF; validated against total cumulative cases. Rows without dashboard geometry are retained in totals but hidden on the case map.
2026-06-18,2026-06,Ituri,Kambala,SkEKQLSulmp,1,,2.313255370000064,30.54737129473464,SitRep N35/MVB,2026-06-18,Automatically extracted from INSP SitRep PDF; validated against total cumulative cases. Rows without dashboard geometry are retained in totals but hidden on the case map.
2026-06-18,2026-06,Ituri,Kilo,sbyWSsdZ3tj,7,,1.7598275375000298,30.080701985660504,SitRep N35/MVB,2026-06-18,Automatically extracted from INSP SitRep PDF; validated against total cumulative cases. Rows without dashboard geometry are retained in totals but hidden on the case map.
2026-06-18,2026-06,Ituri,Komanda,i2mtQy4nTmD,10,,1.1261791000000585,29.62557262065517,SitRep N35/MVB,2026-06-18,Automatically extracted from INSP SitRep PDF; validated against total cumulative cases. Rows without dashboard geometry are retained in totals but hidden on the case map.
2026-06-18,2026-06,Ituri,Lita,xGWcGHazqtw,20,,1.588332974500048,30.38710948970807,SitRep N35/MVB,2026-06-18,Automatically extracted from INSP SitRep PDF; validated against total cumulative cases. Rows without dashboard geometry are retained in totals but hidden on the case map.
2026-06-18,2026-06,Ituri,Logo,qqGoQGSp1Dw,2,,2.155727226000039,30.877556277526388,SitRep N35/MVB,2026-06-18,Automatically extracted from INSP SitRep PDF; validated against total cumulative cases. Rows without dashboard geometry are retained in totals but hidden on the case map.
2026-06-18,2026-06,Ituri,Mambasa,RjHZChl5gJQ,2,,1.4290391459577108,28.62314089055854,SitRep N35/MVB,2026-06-18,Automatically extracted from INSP SitRep PDF; validated against total cumulative cases. Rows without dashboard geometry are retained in totals but hidden on the case map.
2026-06-18,2026-06,Ituri,Mongbwalu,nv8tx681Gjd,198,,2.120204140000084,29.46395014319073,SitRep N35/MVB,2026-06-18,Automatically extracted from INSP SitRep PDF; validated against total cumulative cases. Rows without dashboard geometry are retained in totals but hidden on the case map.
2026-06-18,2026-06,Ituri,Nizi,TCE5waEW7Fi,26,,1.7491092545000129,30.29386589242562,SitRep N35/MVB,2026-06-18,Automatically extracted from INSP SitRep PDF; validated against total cumulative cases. Rows without dashboard geometry are retained in totals but hidden on the case map.
2026-06-18,2026-06,Ituri,Nyankunde,mGTaa8TFifO,77,,1.4866449679154434,29.933917392135683,SitRep N35/MVB,2026-06-18,Automatically extracted from INSP SitRep PDF; validated against total cumulative cases. Rows without dashboard geometry are retained in totals but hidden on the case map.
2026-06-18,2026-06,Ituri,Rimba,a2aJcbwnjoK,3,,2.2214134000000456,30.706000954123333,SitRep N35/MVB,2026-06-18,Automatically extracted from INSP SitRep PDF; validated against total cumulative cases. Rows without dashboard geometry are retained in totals but hidden on the case map.
2026-06-18,2026-06,Ituri,Rwampara,vPxN2nZnBXK,199,,1.5710652340000308,30.08327315923981,SitRep N35/MVB,2026-06-18,Automatically extracted from INSP SitRep PDF; validated against total cumulative cases. Rows without dashboard geometry are retained in totals but hidden on the case map.
2026-06-18,2026-06,Ituri,Tchomia,rhj4btTd3i0,5,,1.5216207475000374,30.468986199294,SitRep N35/MVB,2026-06-18,Automatically extracted from INSP SitRep PDF; validated against total cumulative cases. Rows without dashboard geometry are retained in totals but hidden on the case map.
2026-06-18,2026-06,Nord-Kivu,Beni,msg2MyMGhKv,16,,0.493171248666955,29.51358389763662,SitRep N35/MVB,2026-06-18,Automatically extracted from INSP SitRep PDF; validated against total cumulative cases. Rows without dashboard geometry are retained in totals but hidden on the case map.
2026-06-18,2026-06,Nord-Kivu,Butembo,foR0DRLqtdJ,25,,0.1465342500003714,29.251277502423125,SitRep N35/MVB,2026-06-18,Automatically extracted from INSP SitRep PDF; validated against total cumulative cases. Rows without dashboard geometry are retained in totals but hidden on the case map.
2026-06-18,2026-06,Nord-Kivu,Goma,t8tjGKVhkl3,1,,-1.6528676989999551,29.17826328304752,SitRep N35/MVB,2026-06-18,Automatically extracted from INSP SitRep PDF; validated against total cumulative cases. Rows without dashboard geometry are retained in totals but hidden on the case map.
2026-06-18,2026-06,Nord-Kivu,Kalunguta,XoJ3dLz68aj,2,,0.3266166500000906,29.34622252068664,SitRep N35/MVB,2026-06-18,Automatically extracted from INSP SitRep PDF; validated against total cumulative cases. Rows without dashboard geometry are retained in totals but hidden on the case map.
2026-06-18,2026-06,Nord-Kivu,Katwa,woJBeEpIZdy,24,,0.1198993135112445,29.32416416638681,SitRep N35/MVB,2026-06-18,Automatically extracted from INSP SitRep PDF; validated against total cumulative cases. Rows without dashboard geometry are retained in totals but hidden on the case map.
2026-06-18,2026-06,Nord-Kivu,Kyondo,amGiV9h9C2I,2,,0.0132661619471709,29.50420270117476,SitRep N35/MVB,2026-06-18,Automatically extracted from INSP SitRep PDF; validated against total cumulative cases. Rows without dashboard geometry are retained in totals but hidden on the case map.
2026-06-18,2026-06,Nord-Kivu,Mabalako,svtAZQ9nVl0,1,,0.5045215710000548,29.19392959948652,SitRep N35/MVB,2026-06-18,Automatically extracted from INSP SitRep PDF; validated against total cumulative cases. Rows without dashboard geometry are retained in totals but hidden on the case map.
2026-06-18,2026-06,Nord-Kivu,Masereka,kQCMPbHKQ93,1,,-0.1092755664999742,29.327512197678764,SitRep N35/MVB,2026-06-18,Automatically extracted from INSP SitRep PDF; validated against total cumulative cases. Rows without dashboard geometry are retained in totals but hidden on the case map.
2026-06-18,2026-06,Nord-Kivu,Musienene,VooLsNf0dDB,1,,0.0725136590002364,28.35327518112168,SitRep N35/MVB,2026-06-18,Automatically extracted from INSP SitRep PDF; validated against total cumulative cases. Rows without dashboard geometry are retained in totals but hidden on the case map.
2026-06-18,2026-06,Nord-Kivu,Oicha,zOOAshOz4Cz,3,,0.7639879778753311,29.54704482375912,SitRep N35/MVB,2026-06-18,Automatically extracted from INSP SitRep PDF; validated against total cumulative cases. Rows without dashboard geometry are retained in totals but hidden on the case map.
2026-06-18,2026-06,,Mangala,,7,,,,SitRep N35/MVB,2026-06-18,Automatically extracted from INSP SitRep PDF; validated against total cumulative cases. Rows without dashboard geometry are retained in totals but hidden on the case map.
2026-06-18,2026-06,,Miti-Murhesa,,3,,,,SitRep N35/MVB,2026-06-18,Automatically extracted from INSP SitRep PDF; validated against total cumulative cases. Rows without dashboard geometry are retained in totals but hidden on the case map.
2026-06-18,2026-06,,Vuhovi,,1,,,,SitRep N35/MVB,2026-06-18,Automatically extracted from INSP SitRep PDF; validated against total cumulative cases. Rows without dashboard geometry are retained in totals but hidden on the case map.
2026-06-19,2026-06,Ituri,Aru,v8PqffapuVl,3,1.0,2.859042986322321,30.833681049566664,SitRep N36/MVB,2026-06-19,Automatically extracted from INSP SitRep PDF; validated against total cumulative cases. Rows without dashboard geometry are retained in totals but hidden on the case map. Parsed from vertically rendered table.
2026-06-19,2026-06,Ituri,Aungba,DFcltLEKLxj,6,2.0,2.5670708830760702,30.592536320311343,SitRep N36/MVB,2026-06-19,Automatically extracted from INSP SitRep PDF; validated against total cumulative cases. Rows without dashboard geometry are retained in totals but hidden on the case map. Parsed from vertically rendered table.
2026-06-19,2026-06,Ituri,Bambu,Uc3GqWS8C0w,9,2.0,1.8633970955000336,30.20627592724413,SitRep N36/MVB,2026-06-19,Automatically extracted from INSP SitRep PDF; validated against total cumulative cases. Rows without dashboard geometry are retained in totals but hidden on the case map. Parsed from vertically rendered table.
2026-06-19,2026-06,Ituri,Bunia,GPi6i83o7l6,259,42.0,1.607713140500067,30.282078091482003,SitRep N36/MVB,2026-06-19,Automatically extracted from INSP SitRep PDF; validated against total cumulative cases. Rows without dashboard geometry are retained in totals but hidden on the case map. Parsed from vertically rendered table.
2026-06-19,2026-06,Ituri,Damas,ApdB8z3Wrxt,4,0.0,2.1976361605001387,30.22934640858644,SitRep N36/MVB,2026-06-19,Automatically extracted from INSP SitRep PDF; validated against total cumulative cases. Rows without dashboard geometry are retained in totals but hidden on the case map. Parsed from vertically rendered table.
2026-06-19,2026-06,Ituri,Drodro,OIhgsXcZf6x,1,1.0,1.7484347510000475,30.586912835820826,SitRep N36/MVB,2026-06-19,Automatically extracted from INSP SitRep PDF; validated against total cumulative cases. Rows without dashboard geometry are retained in totals but hidden on the case map. Parsed from vertically rendered table.
2026-06-19,2026-06,Ituri,Fataki,FDNwbfrJhkA,1,0.0,1.9004797405000888,30.565348794325672,SitRep N36/MVB,2026-06-19,Automatically extracted from INSP SitRep PDF; validated against total cumulative cases. Rows without dashboard geometry are retained in totals but hidden on the case map. Parsed from vertically rendered table.
2026-06-19,2026-06,Ituri,Gety,X8zFJ7DJlRD,1,0.0,1.253148786140514,30.189368117956285,SitRep N36/MVB,2026-06-19,Automatically extracted from INSP SitRep PDF; validated against total cumulative cases. Rows without dashboard geometry are retained in totals but hidden on the case map. Parsed from vertically rendered table.
2026-06-19,2026-06,Ituri,Kambala,SkEKQLSulmp,1,1.0,2.313255370000064,30.54737129473464,SitRep N36/MVB,2026-06-19,Automatically extracted from INSP SitRep PDF; validated against total cumulative cases. Rows without dashboard geometry are retained in totals but hidden on the case map. Parsed from vertically rendered table.
2026-06-19,2026-06,Ituri,Kilo,sbyWSsdZ3tj,7,1.0,1.7598275375000298,30.080701985660504,SitRep N36/MVB,2026-06-19,Automatically extracted from INSP SitRep PDF; validated against total cumulative cases. Rows without dashboard geometry are retained in totals but hidden on the case map. Parsed from vertically rendered table.
2026-06-19,2026-06,Ituri,Komanda,i2mtQy4nTmD,10,3.0,1.1261791000000585,29.62557262065517,SitRep N36/MVB,2026-06-19,Automatically extracted from INSP SitRep PDF; validated against total cumulative cases. Rows without dashboard geometry are retained in totals but hidden on the case map. Parsed from vertically rendered table.
2026-06-19,2026-06,Ituri,Lita,xGWcGHazqtw,20,6.0,1.588332974500048,30.38710948970807,SitRep N36/MVB,2026-06-19,Automatically extracted from INSP SitRep PDF; validated against total cumulative cases. Rows without dashboard geometry are retained in totals but hidden on the case map. Parsed from vertically rendered table.
2026-06-19,2026-06,Ituri,Logo,qqGoQGSp1Dw,2,0.0,2.155727226000039,30.877556277526388,SitRep N36/MVB,2026-06-19,Automatically extracted from INSP SitRep PDF; validated against total cumulative cases. Rows without dashboard geometry are retained in totals but hidden on the case map. Parsed from vertically rendered table.
2026-06-19,2026-06,Ituri,Mambasa,RjHZChl5gJQ,2,1.0,1.4290391459577108,28.62314089055854,SitRep N36/MVB,2026-06-19,Automatically extracted from INSP SitRep PDF; validated against total cumulative cases. Rows without dashboard geometry are retained in totals but hidden on the case map. Parsed from vertically rendered table.
2026-06-19,2026-06,Ituri,Mongbwalu,nv8tx681Gjd,209,89.0,2.120204140000084,29.46395014319073,SitRep N36/MVB,2026-06-19,Automatically extracted from INSP SitRep PDF; validated against total cumulative cases. Rows without dashboard geometry are retained in totals but hidden on the case map. Parsed from vertically rendered table.
2026-06-19,2026-06,Ituri,Nizi,TCE5waEW7Fi,26,5.0,1.7491092545000129,30.29386589242562,SitRep N36/MVB,2026-06-19,Automatically extracted from INSP SitRep PDF; validated against total cumulative cases. Rows without dashboard geometry are retained in totals but hidden on the case map. Parsed from vertically rendered table.
2026-06-19,2026-06,Ituri,Nyankunde,mGTaa8TFifO,79,7.0,1.4866449679154434,29.933917392135683,SitRep N36/MVB,2026-06-19,Automatically extracted from INSP SitRep PDF; validated against total cumulative cases. Rows without dashboard geometry are retained in totals but hidden on the case map. Parsed from vertically rendered table.
2026-06-19,2026-06,Ituri,Rimba,a2aJcbwnjoK,3,0.0,2.2214134000000456,30.706000954123333,SitRep N36/MVB,2026-06-19,Automatically extracted from INSP SitRep PDF; validated against total cumulative cases. Rows without dashboard geometry are retained in totals but hidden on the case map. Parsed from vertically rendered table.
2026-06-19,2026-06,Ituri,Rwampara,vPxN2nZnBXK,201,35.0,1.5710652340000308,30.08327315923981,SitRep N36/MVB,2026-06-19,Automatically extracted from INSP SitRep PDF; validated against total cumulative cases. Rows without dashboard geometry are retained in totals but hidden on the case map. Parsed from vertically rendered table.
2026-06-19,2026-06,Ituri,Tchomia,rhj4btTd3i0,5,0.0,1.5216207475000374,30.468986199294,SitRep N36/MVB,2026-06-19,Automatically extracted from INSP SitRep PDF; validated against total cumulative cases. Rows without dashboard geometry are retained in totals but hidden on the case map. Parsed from vertically rendered table.
2026-06-19,2026-06,Nord-Kivu,Beni,msg2MyMGhKv,16,12.0,0.493171248666955,29.51358389763662,SitRep N36/MVB,2026-06-19,Automatically extracted from INSP SitRep PDF; validated against total cumulative cases. Rows without dashboard geometry are retained in totals but hidden on the case map. Parsed from vertically rendered table.
2026-06-19,2026-06,Nord-Kivu,Butembo,foR0DRLqtdJ,25,11.0,0.1465342500003714,29.251277502423125,SitRep N36/MVB,2026-06-19,Automatically extracted from INSP SitRep PDF; validated against total cumulative cases. Rows without dashboard geometry are retained in totals but hidden on the case map. Parsed from vertically rendered table.
2026-06-19,2026-06,Nord-Kivu,Goma,t8tjGKVhkl3,1,0.0,-1.6528676989999551,29.17826328304752,SitRep N36/MVB,2026-06-19,Automatically extracted from INSP SitRep PDF; validated against total cumulative cases. Rows without dashboard geometry are retained in totals but hidden on the case map. Parsed from vertically rendered table.
2026-06-19,2026-06,Nord-Kivu,Kalunguta,XoJ3dLz68aj,2,1.0,0.3266166500000906,29.34622252068664,SitRep N36/MVB,2026-06-19,Automatically extracted from INSP SitRep PDF; validated against total cumulative cases. Rows without dashboard geometry are retained in totals but hidden on the case map. Parsed from vertically rendered table.
2026-06-19,2026-06,Nord-Kivu,Katwa,woJBeEpIZdy,26,16.0,0.1198993135112445,29.32416416638681,SitRep N36/MVB,2026-06-19,Automatically extracted from INSP SitRep PDF; validated against total cumulative cases. Rows without dashboard geometry are retained in totals but hidden on the case map. Parsed from vertically rendered table.
2026-06-19,2026-06,Nord-Kivu,Kyondo,amGiV9h9C2I,2,1.0,0.0132661619471709,29.50420270117476,SitRep N36/MVB,2026-06-19,Automatically extracted from INSP SitRep PDF; validated against total cumulative cases. Rows without dashboard geometry are retained in totals but hidden on the case map. Parsed from vertically rendered table.
2026-06-19,2026-06,Nord-Kivu,Mabalako,svtAZQ9nVl0,1,0.0,0.5045215710000548,29.19392959948652,SitRep N36/MVB,2026-06-19,Automatically extracted from INSP SitRep PDF; validated against total cumulative cases. Rows without dashboard geometry are retained in totals but hidden on the case map. Parsed from vertically rendered table.
2026-06-19,2026-06,Nord-Kivu,Masereka,kQCMPbHKQ93,1,0.0,-0.1092755664999742,29.327512197678764,SitRep N36/MVB,2026-06-19,Automatically extracted from INSP SitRep PDF; validated against total cumulative cases. Rows without dashboard geometry are retained in totals but hidden on the case map. Parsed from vertically rendered table.
2026-06-19,2026-06,Nord-Kivu,Musienene,VooLsNf0dDB,1,1.0,0.0725136590002364,28.35327518112168,SitRep N36/MVB,2026-06-19,Automatically extracted from INSP SitRep PDF; validated against total cumulative cases. Rows without dashboard geometry are retained in totals but hidden on the case map. Parsed from vertically rendered table.
2026-06-19,2026-06,Nord-Kivu,Oicha,zOOAshOz4Cz,3,2.0,0.7639879778753311,29.54704482375912,SitRep N36/MVB,2026-06-19,Automatically extracted from INSP SitRep PDF; validated against total cumulative cases. Rows without dashboard geometry are retained in totals but hidden on the case map. Parsed from vertically rendered table.
2026-06-19,2026-06,,Mangala,,7,4.0,,,SitRep N36/MVB,2026-06-19,Automatically extracted from INSP SitRep PDF; validated against total cumulative cases. Rows without dashboard geometry are retained in totals but hidden on the case map. Parsed from vertically rendered table.
2026-06-19,2026-06,,Miti-Murhesa,,3,1.0,,,SitRep N36/MVB,2026-06-19,Automatically extracted from INSP SitRep PDF; validated against total cumulative cases. Rows without dashboard geometry are retained in totals but hidden on the case map. Parsed from vertically rendered table.
2026-06-19,2026-06,,Vuhovi,,1,1.0,,,SitRep N36/MVB,2026-06-19,Automatically extracted from INSP SitRep PDF; validated against total cumulative cases. Rows without dashboard geometry are retained in totals but hidden on the case map. Parsed from vertically rendered table.
2026-06-20,2026-06,Ituri,Aru,v8PqffapuVl,3,1.0,2.859042986322321,30.833681049566664,SitRep N37/MVB,2026-06-20,Automatically extracted from INSP SitRep PDF; validated against total cumulative cases. Rows without dashboard geometry are retained in totals but hidden on the case map. Parsed from vertically rendered table.
2026-06-20,2026-06,Ituri,Aungba,DFcltLEKLxj,6,2.0,2.5670708830760702,30.592536320311343,SitRep N37/MVB,2026-06-20,Automatically extracted from INSP SitRep PDF; validated against total cumulative cases. Rows without dashboard geometry are retained in totals but hidden on the case map. Parsed from vertically rendered table.
2026-06-20,2026-06,Ituri,Bambu,Uc3GqWS8C0w,14,2.0,1.8633970955000336,30.20627592724413,SitRep N37/MVB,2026-06-20,Automatically extracted from INSP SitRep PDF; validated against total cumulative cases. Rows without dashboard geometry are retained in totals but hidden on the case map. Parsed from vertically rendered table.
2026-06-20,2026-06,Ituri,Bunia,GPi6i83o7l6,275,44.0,1.607713140500067,30.282078091482003,SitRep N37/MVB,2026-06-20,Automatically extracted from INSP SitRep PDF; validated against total cumulative cases. Rows without dashboard geometry are retained in totals but hidden on the case map. Parsed from vertically rendered table.
2026-06-20,2026-06,Ituri,Damas,ApdB8z3Wrxt,4,0.0,2.1976361605001387,30.22934640858644,SitRep N37/MVB,2026-06-20,Automatically extracted from INSP SitRep PDF; validated against total cumulative cases. Rows without dashboard geometry are retained in totals but hidden on the case map. Parsed from vertically rendered table.
2026-06-20,2026-06,Ituri,Drodro,OIhgsXcZf6x,1,1.0,1.7484347510000475,30.586912835820826,SitRep N37/MVB,2026-06-20,Automatically extracted from INSP SitRep PDF; validated against total cumulative cases. Rows without dashboard geometry are retained in totals but hidden on the case map. Parsed from vertically rendered table.
2026-06-20,2026-06,Ituri,Fataki,FDNwbfrJhkA,1,0.0,1.9004797405000888,30.565348794325672,SitRep N37/MVB,2026-06-20,Automatically extracted from INSP SitRep PDF; validated against total cumulative cases. Rows without dashboard geometry are retained in totals but hidden on the case map. Parsed from vertically rendered table.
2026-06-20,2026-06,Ituri,Gety,X8zFJ7DJlRD,1,0.0,1.253148786140514,30.189368117956285,SitRep N37/MVB,2026-06-20,Automatically extracted from INSP SitRep PDF; validated against total cumulative cases. Rows without dashboard geometry are retained in totals but hidden on the case map. Parsed from vertically rendered table.
2026-06-20,2026-06,Ituri,Kambala,SkEKQLSulmp,1,1.0,2.313255370000064,30.54737129473464,SitRep N37/MVB,2026-06-20,Automatically extracted from INSP SitRep PDF; validated against total cumulative cases. Rows without dashboard geometry are retained in totals but hidden on the case map. Parsed from vertically rendered table.
2026-06-20,2026-06,Ituri,Kilo,sbyWSsdZ3tj,7,1.0,1.7598275375000298,30.080701985660504,SitRep N37/MVB,2026-06-20,Automatically extracted from INSP SitRep PDF; validated against total cumulative cases. Rows without dashboard geometry are retained in totals but hidden on the case map. Parsed from vertically rendered table.
2026-06-20,2026-06,Ituri,Komanda,i2mtQy4nTmD,10,3.0,1.1261791000000585,29.62557262065517,SitRep N37/MVB,2026-06-20,Automatically extracted from INSP SitRep PDF; validated against total cumulative cases. Rows without dashboard geometry are retained in totals but hidden on the case map. Parsed from vertically rendered table.
2026-06-20,2026-06,Ituri,Lita,xGWcGHazqtw,20,6.0,1.588332974500048,30.38710948970807,SitRep N37/MVB,2026-06-20,Automatically extracted from INSP SitRep PDF; validated against total cumulative cases. Rows without dashboard geometry are retained in totals but hidden on the case map. Parsed from vertically rendered table.
2026-06-20,2026-06,Ituri,Logo,qqGoQGSp1Dw,2,0.0,2.155727226000039,30.877556277526388,SitRep N37/MVB,2026-06-20,Automatically extracted from INSP SitRep PDF; validated against total cumulative cases. Rows without dashboard geometry are retained in totals but hidden on the case map. Parsed from vertically rendered table.
2026-06-20,2026-06,Ituri,Mambasa,RjHZChl5gJQ,2,1.0,1.4290391459577108,28.62314089055854,SitRep N37/MVB,2026-06-20,Automatically extracted from INSP SitRep PDF; validated against total cumulative cases. Rows without dashboard geometry are retained in totals but hidden on the case map. Parsed from vertically rendered table.
2026-06-20,2026-06,Ituri,Mongbwalu,nv8tx681Gjd,220,91.0,2.120204140000084,29.46395014319073,SitRep N37/MVB,2026-06-20,Automatically extracted from INSP SitRep PDF; validated against total cumulative cases. Rows without dashboard geometry are retained in totals but hidden on the case map. Parsed from vertically rendered table.
2026-06-20,2026-06,Ituri,Nizi,TCE5waEW7Fi,26,5.0,1.7491092545000129,30.29386589242562,SitRep N37/MVB,2026-06-20,Automatically extracted from INSP SitRep PDF; validated against total cumulative cases. Rows without dashboard geometry are retained in totals but hidden on the case map. Parsed from vertically rendered table.
2026-06-20,2026-06,Ituri,Nyankunde,mGTaa8TFifO,79,7.0,1.4866449679154434,29.933917392135683,SitRep N37/MVB,2026-06-20,Automatically extracted from INSP SitRep PDF; validated against total cumulative cases. Rows without dashboard geometry are retained in totals but hidden on the case map. Parsed from vertically rendered table.
2026-06-20,2026-06,Ituri,Rimba,a2aJcbwnjoK,3,0.0,2.2214134000000456,30.706000954123333,SitRep N37/MVB,2026-06-20,Automatically extracted from INSP SitRep PDF; validated against total cumulative cases. Rows without dashboard geometry are retained in totals but hidden on the case map. Parsed from vertically rendered table.
2026-06-20,2026-06,Ituri,Rwampara,vPxN2nZnBXK,211,35.0,1.5710652340000308,30.08327315923981,SitRep N37/MVB,2026-06-20,Automatically extracted from INSP SitRep PDF; validated against total cumulative cases. Rows without dashboard geometry are retained in totals but hidden on the case map. Parsed from vertically rendered table.
2026-06-20,2026-06,Ituri,Tchomia,rhj4btTd3i0,5,0.0,1.5216207475000374,30.468986199294,SitRep N37/MVB,2026-06-20,Automatically extracted from INSP SitRep PDF; validated against total cumulative cases. Rows without dashboard geometry are retained in totals but hidden on the case map. Parsed from vertically rendered table.
2026-06-20,2026-06,Nord-Kivu,Beni,msg2MyMGhKv,17,12.0,0.493171248666955,29.51358389763662,SitRep N37/MVB,2026-06-20,Automatically extracted from INSP SitRep PDF; validated against total cumulative cases. Rows without dashboard geometry are retained in totals but hidden on the case map. Parsed from vertically rendered table.
2026-06-20,2026-06,Nord-Kivu,Butembo,foR0DRLqtdJ,27,13.0,0.1465342500003714,29.251277502423125,SitRep N37/MVB,2026-06-20,Automatically extracted from INSP SitRep PDF; validated against total cumulative cases. Rows without dashboard geometry are retained in totals but hidden on the case map. Parsed from vertically rendered table.
2026-06-20,2026-06,Nord-Kivu,Goma,t8tjGKVhkl3,1,0.0,-1.6528676989999551,29.17826328304752,SitRep N37/MVB,2026-06-20,Automatically extracted from INSP SitRep PDF; validated against total cumulative cases. Rows without dashboard geometry are retained in totals but hidden on the case map. Parsed from vertically rendered table.
2026-06-20,2026-06,Nord-Kivu,Kalunguta,XoJ3dLz68aj,2,1.0,0.3266166500000906,29.34622252068664,SitRep N37/MVB,2026-06-20,Automatically extracted from INSP SitRep PDF; validated against total cumulative cases. Rows without dashboard geometry are retained in totals but hidden on the case map. Parsed from vertically rendered table.
2026-06-20,2026-06,Nord-Kivu,Katwa,woJBeEpIZdy,28,17.0,0.1198993135112445,29.32416416638681,SitRep N37/MVB,2026-06-20,Automatically extracted from INSP SitRep PDF; validated against total cumulative cases. Rows without dashboard geometry are retained in totals but hidden on the case map. Parsed from vertically rendered table.
2026-06-20,2026-06,Nord-Kivu,Kyondo,amGiV9h9C2I,2,1.0,0.0132661619471709,29.50420270117476,SitRep N37/MVB,2026-06-20,Automatically extracted from INSP SitRep PDF; validated against total cumulative cases. Rows without dashboard geometry are retained in totals but hidden on the case map. Parsed from vertically rendered table.
2026-06-20,2026-06,Nord-Kivu,Mabalako,svtAZQ9nVl0,1,0.0,0.5045215710000548,29.19392959948652,SitRep N37/MVB,2026-06-20,Automatically extracted from INSP SitRep PDF; validated against total cumulative cases. Rows without dashboard geometry are retained in totals but hidden on the case map. Parsed from vertically rendered table.
2026-06-20,2026-06,Nord-Kivu,Masereka,kQCMPbHKQ93,1,0.0,-0.1092755664999742,29.327512197678764,SitRep N37/MVB,2026-06-20,Automatically extracted from INSP SitRep PDF; validated against total cumulative cases. Rows without dashboard geometry are retained in totals but hidden on the case map. Parsed from vertically rendered table.
2026-06-20,2026-06,Nord-Kivu,Musienene,VooLsNf0dDB,1,1.0,0.0725136590002364,28.35327518112168,SitRep N37/MVB,2026-06-20,Automatically extracted from INSP SitRep PDF; validated against total cumulative cases. Rows without dashboard geometry are retained in totals but hidden on the case map. Parsed from vertically rendered table.
2026-06-20,2026-06,Nord-Kivu,Oicha,zOOAshOz4Cz,3,2.0,0.7639879778753311,29.54704482375912,SitRep N37/MVB,2026-06-20,Automatically extracted from INSP SitRep PDF; validated against total cumulative cases. Rows without dashboard geometry are retained in totals but hidden on the case map. Parsed from vertically rendered table.
2026-06-20,2026-06,,Mangala,,7,4.0,,,SitRep N37/MVB,2026-06-20,Automatically extracted from INSP SitRep PDF; validated against total cumulative cases. Rows without dashboard geometry are retained in totals but hidden on the case map. Parsed from vertically rendered table.
2026-06-20,2026-06,,Miti-Murhesa,,3,1.0,,,SitRep N37/MVB,2026-06-20,Automatically extracted from INSP SitRep PDF; validated against total cumulative cases. Rows without dashboard geometry are retained in totals but hidden on the case map. Parsed from vertically rendered table.
2026-06-20,2026-06,,Vuhovi,,1,1.0,,,SitRep N37/MVB,2026-06-20,Automatically extracted from INSP SitRep PDF; validated against total cumulative cases. Rows without dashboard geometry are retained in totals but hidden on the case map. Parsed from vertically rendered table.
2026-06-21,2026-06,Ituri,Aru,v8PqffapuVl,3,1.0,2.859042986322321,30.833681049566664,SitRep N38/MVB,2026-06-21,Automatically extracted from INSP SitRep PDF; validated against total cumulative cases. Rows without dashboard geometry are retained in totals but hidden on the case map. Parsed from vertically rendered table.
2026-06-21,2026-06,Ituri,Aungba,DFcltLEKLxj,6,2.0,2.5670708830760702,30.592536320311343,SitRep N38/MVB,2026-06-21,Automatically extracted from INSP SitRep PDF; validated against total cumulative cases. Rows without dashboard geometry are retained in totals but hidden on the case map. Parsed from vertically rendered table.
2026-06-21,2026-06,Ituri,Bambu,Uc3GqWS8C0w,14,2.0,1.8633970955000336,30.20627592724413,SitRep N38/MVB,2026-06-21,Automatically extracted from INSP SitRep PDF; validated against total cumulative cases. Rows without dashboard geometry are retained in totals but hidden on the case map. Parsed from vertically rendered table.
2026-06-21,2026-06,Ituri,Bunia,GPi6i83o7l6,285,45.0,1.607713140500067,30.282078091482003,SitRep N38/MVB,2026-06-21,Automatically extracted from INSP SitRep PDF; validated against total cumulative cases. Rows without dashboard geometry are retained in totals but hidden on the case map. Parsed from vertically rendered table.
2026-06-21,2026-06,Ituri,Damas,ApdB8z3Wrxt,4,0.0,2.1976361605001387,30.22934640858644,SitRep N38/MVB,2026-06-21,Automatically extracted from INSP SitRep PDF; validated against total cumulative cases. Rows without dashboard geometry are retained in totals but hidden on the case map. Parsed from vertically rendered table.
2026-06-21,2026-06,Ituri,Drodro,OIhgsXcZf6x,1,1.0,1.7484347510000475,30.586912835820826,SitRep N38/MVB,2026-06-21,Automatically extracted from INSP SitRep PDF; validated against total cumulative cases. Rows without dashboard geometry are retained in totals but hidden on the case map. Parsed from vertically rendered table.
2026-06-21,2026-06,Ituri,Fataki,FDNwbfrJhkA,1,0.0,1.9004797405000888,30.565348794325672,SitRep N38/MVB,2026-06-21,Automatically extracted from INSP SitRep PDF; validated against total cumulative cases. Rows without dashboard geometry are retained in totals but hidden on the case map. Parsed from vertically rendered table.
2026-06-21,2026-06,Ituri,Gety,X8zFJ7DJlRD,1,0.0,1.253148786140514,30.189368117956285,SitRep N38/MVB,2026-06-21,Automatically extracted from INSP SitRep PDF; validated against total cumulative cases. Rows without dashboard geometry are retained in totals but hidden on the case map. Parsed from vertically rendered table.
2026-06-21,2026-06,Ituri,Kambala,SkEKQLSulmp,1,1.0,2.313255370000064,30.54737129473464,SitRep N38/MVB,2026-06-21,Automatically extracted from INSP SitRep PDF; validated against total cumulative cases. Rows without dashboard geometry are retained in totals but hidden on the case map. Parsed from vertically rendered table.
2026-06-21,2026-06,Ituri,Kilo,sbyWSsdZ3tj,7,1.0,1.7598275375000298,30.080701985660504,SitRep N38/MVB,2026-06-21,Automatically extracted from INSP SitRep PDF; validated against total cumulative cases. Rows without dashboard geometry are retained in totals but hidden on the case map. Parsed from vertically rendered table.
2026-06-21,2026-06,Ituri,Komanda,i2mtQy4nTmD,10,3.0,1.1261791000000585,29.62557262065517,SitRep N38/MVB,2026-06-21,Automatically extracted from INSP SitRep PDF; validated against total cumulative cases. Rows without dashboard geometry are retained in totals but hidden on the case map. Parsed from vertically rendered table.
2026-06-21,2026-06,Ituri,Lita,xGWcGHazqtw,21,6.0,1.588332974500048,30.38710948970807,SitRep N38/MVB,2026-06-21,Automatically extracted from INSP SitRep PDF; validated against total cumulative cases. Rows without dashboard geometry are retained in totals but hidden on the case map. Parsed from vertically rendered table.
2026-06-21,2026-06,Ituri,Logo,qqGoQGSp1Dw,2,0.0,2.155727226000039,30.877556277526388,SitRep N38/MVB,2026-06-21,Automatically extracted from INSP SitRep PDF; validated against total cumulative cases. Rows without dashboard geometry are retained in totals but hidden on the case map. Parsed from vertically rendered table.
2026-06-21,2026-06,Ituri,Mambasa,RjHZChl5gJQ,2,1.0,1.4290391459577108,28.62314089055854,SitRep N38/MVB,2026-06-21,Automatically extracted from INSP SitRep PDF; validated against total cumulative cases. Rows without dashboard geometry are retained in totals but hidden on the case map. Parsed from vertically rendered table.
2026-06-21,2026-06,Ituri,Mongbwalu,nv8tx681Gjd,229,96.0,2.120204140000084,29.46395014319073,SitRep N38/MVB,2026-06-21,Automatically extracted from INSP SitRep PDF; validated against total cumulative cases. Rows without dashboard geometry are retained in totals but hidden on the case map. Parsed from vertically rendered table.
2026-06-21,2026-06,Ituri,Nizi,TCE5waEW7Fi,26,5.0,1.7491092545000129,30.29386589242562,SitRep N38/MVB,2026-06-21,Automatically extracted from INSP SitRep PDF; validated against total cumulative cases. Rows without dashboard geometry are retained in totals but hidden on the case map. Parsed from vertically rendered table.
2026-06-21,2026-06,Ituri,Nyankunde,mGTaa8TFifO,86,9.0,1.4866449679154434,29.933917392135683,SitRep N38/MVB,2026-06-21,Automatically extracted from INSP SitRep PDF; validated against total cumulative cases. Rows without dashboard geometry are retained in totals but hidden on the case map. Parsed from vertically rendered table.
2026-06-21,2026-06,Ituri,Rimba,a2aJcbwnjoK,3,0.0,2.2214134000000456,30.706000954123333,SitRep N38/MVB,2026-06-21,Automatically extracted from INSP SitRep PDF; validated against total cumulative cases. Rows without dashboard geometry are retained in totals but hidden on the case map. Parsed from vertically rendered table.
2026-06-21,2026-06,Ituri,Rwampara,vPxN2nZnBXK,215,36.0,1.5710652340000308,30.08327315923981,SitRep N38/MVB,2026-06-21,Automatically extracted from INSP SitRep PDF; validated against total cumulative cases. Rows without dashboard geometry are retained in totals but hidden on the case map. Parsed from vertically rendered table.
2026-06-21,2026-06,Ituri,Tchomia,rhj4btTd3i0,7,0.0,1.5216207475000374,30.468986199294,SitRep N38/MVB,2026-06-21,Automatically extracted from INSP SitRep PDF; validated against total cumulative cases. Rows without dashboard geometry are retained in totals but hidden on the case map. Parsed from vertically rendered table.
2026-06-21,2026-06,Nord-Kivu,Beni,msg2MyMGhKv,18,12.0,0.493171248666955,29.51358389763662,SitRep N38/MVB,2026-06-21,Automatically extracted from INSP SitRep PDF; validated against total cumulative cases. Rows without dashboard geometry are retained in totals but hidden on the case map. Parsed from vertically rendered table.
2026-06-21,2026-06,Nord-Kivu,Butembo,foR0DRLqtdJ,28,13.0,0.1465342500003714,29.251277502423125,SitRep N38/MVB,2026-06-21,Automatically extracted from INSP SitRep PDF; validated against total cumulative cases. Rows without dashboard geometry are retained in totals but hidden on the case map. Parsed from vertically rendered table.
2026-06-21,2026-06,Nord-Kivu,Goma,t8tjGKVhkl3,1,0.0,-1.6528676989999551,29.17826328304752,SitRep N38/MVB,2026-06-21,Automatically extracted from INSP SitRep PDF; validated against total cumulative cases. Rows without dashboard geometry are retained in totals but hidden on the case map. Parsed from vertically rendered table.
2026-06-21,2026-06,Nord-Kivu,Kalunguta,XoJ3dLz68aj,2,1.0,0.3266166500000906,29.34622252068664,SitRep N38/MVB,2026-06-21,Automatically extracted from INSP SitRep PDF; validated against total cumulative cases. Rows without dashboard geometry are retained in totals but hidden on the case map. Parsed from vertically rendered table.
2026-06-21,2026-06,Nord-Kivu,Katwa,woJBeEpIZdy,31,19.0,0.1198993135112445,29.32416416638681,SitRep N38/MVB,2026-06-21,Automatically extracted from INSP SitRep PDF; validated against total cumulative cases. Rows without dashboard geometry are retained in totals but hidden on the case map. Parsed from vertically rendered table.
2026-06-21,2026-06,Nord-Kivu,Kyondo,amGiV9h9C2I,3,1.0,0.0132661619471709,29.50420270117476,SitRep N38/MVB,2026-06-21,Automatically extracted from INSP SitRep PDF; validated against total cumulative cases. Rows without dashboard geometry are retained in totals but hidden on the case map. Parsed from vertically rendered table.
2026-06-21,2026-06,Nord-Kivu,Mabalako,svtAZQ9nVl0,1,0.0,0.5045215710000548,29.19392959948652,SitRep N38/MVB,2026-06-21,Automatically extracted from INSP SitRep PDF; validated against total cumulative cases. Rows without dashboard geometry are retained in totals but hidden on the case map. Parsed from vertically rendered table.
2026-06-21,2026-06,Nord-Kivu,Masereka,kQCMPbHKQ93,1,0.0,-0.1092755664999742,29.327512197678764,SitRep N38/MVB,2026-06-21,Automatically extracted from INSP SitRep PDF; validated against total cumulative cases. Rows without dashboard geometry are retained in totals but hidden on the case map. Parsed from vertically rendered table.
2026-06-21,2026-06,Nord-Kivu,Musienene,VooLsNf0dDB,2,1.0,0.0725136590002364,28.35327518112168,SitRep N38/MVB,2026-06-21,Automatically extracted from INSP SitRep PDF; validated against total cumulative cases. Rows without dashboard geometry are retained in totals but hidden on the case map. Parsed from vertically rendered table.
2026-06-21,2026-06,Nord-Kivu,Oicha,zOOAshOz4Cz,3,2.0,0.7639879778753311,29.54704482375912,SitRep N38/MVB,2026-06-21,Automatically extracted from INSP SitRep PDF; validated against total cumulative cases. Rows without dashboard geometry are retained in totals but hidden on the case map. Parsed from vertically rendered table.
2026-06-21,2026-06,,Mangala,,11,5.0,,,SitRep N38/MVB,2026-06-21,Automatically extracted from INSP SitRep PDF; validated against total cumulative cases. Rows without dashboard geometry are retained in totals but hidden on the case map. Parsed from vertically rendered table.
2026-06-21,2026-06,,Miti-Murhesa,,3,1.0,,,SitRep N38/MVB,2026-06-21,Automatically extracted from INSP SitRep PDF; validated against total cumulative cases. Rows without dashboard geometry are retained in totals but hidden on the case map. Parsed from vertically rendered table.
2026-06-21,2026-06,,Vuhovi,,1,1.0,,,SitRep N38/MVB,2026-06-21,Automatically extracted from INSP SitRep PDF; validated against total cumulative cases. Rows without dashboard geometry are retained in totals but hidden on the case map. Parsed from vertically rendered table.
2026-06-22,2026-06,Ituri,Aru,v8PqffapuVl,3,1.0,2.859042986322321,30.833681049566664,SitRep N39/MVB,2026-06-22,Automatically extracted from INSP SitRep PDF; validated against total cumulative cases. Rows without dashboard geometry are retained in totals but hidden on the case map. Parsed from vertically rendered table.
2026-06-22,2026-06,Ituri,Aungba,DFcltLEKLxj,6,2.0,2.5670708830760702,30.592536320311343,SitRep N39/MVB,2026-06-22,Automatically extracted from INSP SitRep PDF; validated against total cumulative cases. Rows without dashboard geometry are retained in totals but hidden on the case map. Parsed from vertically rendered table.
2026-06-22,2026-06,Ituri,Bambu,Uc3GqWS8C0w,14,2.0,1.8633970955000336,30.20627592724413,SitRep N39/MVB,2026-06-22,Automatically extracted from INSP SitRep PDF; validated against total cumulative cases. Rows without dashboard geometry are retained in totals but hidden on the case map. Parsed from vertically rendered table.
2026-06-22,2026-06,Ituri,Bunia,GPi6i83o7l6,296,48.0,1.607713140500067,30.282078091482003,SitRep N39/MVB,2026-06-22,Automatically extracted from INSP SitRep PDF; validated against total cumulative cases. Rows without dashboard geometry are retained in totals but hidden on the case map. Parsed from vertically rendered table.
2026-06-22,2026-06,Ituri,Damas,ApdB8z3Wrxt,4,0.0,2.1976361605001387,30.22934640858644,SitRep N39/MVB,2026-06-22,Automatically extracted from INSP SitRep PDF; validated against total cumulative cases. Rows without dashboard geometry are retained in totals but hidden on the case map. Parsed from vertically rendered table.
2026-06-22,2026-06,Ituri,Drodro,OIhgsXcZf6x,1,1.0,1.7484347510000475,30.586912835820826,SitRep N39/MVB,2026-06-22,Automatically extracted from INSP SitRep PDF; validated against total cumulative cases. Rows without dashboard geometry are retained in totals but hidden on the case map. Parsed from vertically rendered table.
2026-06-22,2026-06,Ituri,Fataki,FDNwbfrJhkA,1,0.0,1.9004797405000888,30.565348794325672,SitRep N39/MVB,2026-06-22,Automatically extracted from INSP SitRep PDF; validated against total cumulative cases. Rows without dashboard geometry are retained in totals but hidden on the case map. Parsed from vertically rendered table.
2026-06-22,2026-06,Ituri,Gety,X8zFJ7DJlRD,1,0.0,1.253148786140514,30.189368117956285,SitRep N39/MVB,2026-06-22,Automatically extracted from INSP SitRep PDF; validated against total cumulative cases. Rows without dashboard geometry are retained in totals but hidden on the case map. Parsed from vertically rendered table.
2026-06-22,2026-06,Ituri,Kambala,SkEKQLSulmp,1,1.0,2.313255370000064,30.54737129473464,SitRep N39/MVB,2026-06-22,Automatically extracted from INSP SitRep PDF; validated against total cumulative cases. Rows without dashboard geometry are retained in totals but hidden on the case map. Parsed from vertically rendered table.
2026-06-22,2026-06,Ituri,Kilo,sbyWSsdZ3tj,7,1.0,1.7598275375000298,30.080701985660504,SitRep N39/MVB,2026-06-22,Automatically extracted from INSP SitRep PDF; validated against total cumulative cases. Rows without dashboard geometry are retained in totals but hidden on the case map. Parsed from vertically rendered table.
2026-06-22,2026-06,Ituri,Komanda,i2mtQy4nTmD,10,3.0,1.1261791000000585,29.62557262065517,SitRep N39/MVB,2026-06-22,Automatically extracted from INSP SitRep PDF; validated against total cumulative cases. Rows without dashboard geometry are retained in totals but hidden on the case map. Parsed from vertically rendered table.
2026-06-22,2026-06,Ituri,Lita,xGWcGHazqtw,24,6.0,1.588332974500048,30.38710948970807,SitRep N39/MVB,2026-06-22,Automatically extracted from INSP SitRep PDF; validated against total cumulative cases. Rows without dashboard geometry are retained in totals but hidden on the case map. Parsed from vertically rendered table.
2026-06-22,2026-06,Ituri,Logo,qqGoQGSp1Dw,5,0.0,2.155727226000039,30.877556277526388,SitRep N39/MVB,2026-06-22,Automatically extracted from INSP SitRep PDF; validated against total cumulative cases. Rows without dashboard geometry are retained in totals but hidden on the case map. Parsed from vertically rendered table.
2026-06-22,2026-06,Ituri,Mambasa,RjHZChl5gJQ,2,1.0,1.4290391459577108,28.62314089055854,SitRep N39/MVB,2026-06-22,Automatically extracted from INSP SitRep PDF; validated against total cumulative cases. Rows without dashboard geometry are retained in totals but hidden on the case map. Parsed from vertically rendered table.
2026-06-22,2026-06,Ituri,Mongbwalu,nv8tx681Gjd,237,100.0,2.120204140000084,29.46395014319073,SitRep N39/MVB,2026-06-22,Automatically extracted from INSP SitRep PDF; validated against total cumulative cases. Rows without dashboard geometry are retained in totals but hidden on the case map. Parsed from vertically rendered table.
2026-06-22,2026-06,Ituri,Nizi,TCE5waEW7Fi,30,6.0,1.7491092545000129,30.29386589242562,SitRep N39/MVB,2026-06-22,Automatically extracted from INSP SitRep PDF; validated against total cumulative cases. Rows without dashboard geometry are retained in totals but hidden on the case map. Parsed from vertically rendered table.
2026-06-22,2026-06,Ituri,Nyankunde,mGTaa8TFifO,86,9.0,1.4866449679154434,29.933917392135683,SitRep N39/MVB,2026-06-22,Automatically extracted from INSP SitRep PDF; validated against total cumulative cases. Rows without dashboard geometry are retained in totals but hidden on the case map. Parsed from vertically rendered table.
2026-06-22,2026-06,Ituri,Rimba,a2aJcbwnjoK,3,0.0,2.2214134000000456,30.706000954123333,SitRep N39/MVB,2026-06-22,Automatically extracted from INSP SitRep PDF; validated against total cumulative cases. Rows without dashboard geometry are retained in totals but hidden on the case map. Parsed from vertically rendered table.
2026-06-22,2026-06,Ituri,Rwampara,vPxN2nZnBXK,225,37.0,1.5710652340000308,30.08327315923981,SitRep N39/MVB,2026-06-22,Automatically extracted from INSP SitRep PDF; validated against total cumulative cases. Rows without dashboard geometry are retained in totals but hidden on the case map. Parsed from vertically rendered table.
2026-06-22,2026-06,Ituri,Tchomia,rhj4btTd3i0,8,0.0,1.5216207475000374,30.468986199294,SitRep N39/MVB,2026-06-22,Automatically extracted from INSP SitRep PDF; validated against total cumulative cases. Rows without dashboard geometry are retained in totals but hidden on the case map. Parsed from vertically rendered table.
2026-06-22,2026-06,Nord-Kivu,Beni,msg2MyMGhKv,20,12.0,0.493171248666955,29.51358389763662,SitRep N39/MVB,2026-06-22,Automatically extracted from INSP SitRep PDF; validated against total cumulative cases. Rows without dashboard geometry are retained in totals but hidden on the case map. Parsed from vertically rendered table.
2026-06-22,2026-06,Nord-Kivu,Butembo,foR0DRLqtdJ,28,13.0,0.1465342500003714,29.251277502423125,SitRep N39/MVB,2026-06-22,Automatically extracted from INSP SitRep PDF; validated against total cumulative cases. Rows without dashboard geometry are retained in totals but hidden on the case map. Parsed from vertically rendered table.
2026-06-22,2026-06,Nord-Kivu,Goma,t8tjGKVhkl3,1,0.0,-1.6528676989999551,29.17826328304752,SitRep N39/MVB,2026-06-22,Automatically extracted from INSP SitRep PDF; validated against total cumulative cases. Rows without dashboard geometry are retained in totals but hidden on the case map. Parsed from vertically rendered table.
2026-06-22,2026-06,Nord-Kivu,Kalunguta,XoJ3dLz68aj,2,1.0,0.3266166500000906,29.34622252068664,SitRep N39/MVB,2026-06-22,Automatically extracted from INSP SitRep PDF; validated against total cumulative cases. Rows without dashboard geometry are retained in totals but hidden on the case map. Parsed from vertically rendered table.
2026-06-22,2026-06,Nord-Kivu,Katwa,woJBeEpIZdy,32,19.0,0.1198993135112445,29.32416416638681,SitRep N39/MVB,2026-06-22,Automatically extracted from INSP SitRep PDF; validated against total cumulative cases. Rows without dashboard geometry are retained in totals but hidden on the case map. Parsed from vertically rendered table.
2026-06-22,2026-06,Nord-Kivu,Kyondo,amGiV9h9C2I,3,1.0,0.0132661619471709,29.50420270117476,SitRep N39/MVB,2026-06-22,Automatically extracted from INSP SitRep PDF; validated against total cumulative cases. Rows without dashboard geometry are retained in totals but hidden on the case map. Parsed from vertically rendered table.
2026-06-22,2026-06,Nord-Kivu,Mabalako,svtAZQ9nVl0,1,0.0,0.5045215710000548,29.19392959948652,SitRep N39/MVB,2026-06-22,Automatically extracted from INSP SitRep PDF; validated against total cumulative cases. Rows without dashboard geometry are retained in totals but hidden on the case map. Parsed from vertically rendered table.
2026-06-22,2026-06,Nord-Kivu,Masereka,kQCMPbHKQ93,1,0.0,-0.1092755664999742,29.327512197678764,SitRep N39/MVB,2026-06-22,Automatically extracted from INSP SitRep PDF; validated against total cumulative cases. Rows without dashboard geometry are retained in totals but hidden on the case map. Parsed from vertically rendered table.
2026-06-22,2026-06,Nord-Kivu,Musienene,VooLsNf0dDB,2,1.0,0.0725136590002364,28.35327518112168,SitRep N39/MVB,2026-06-22,Automatically extracted from INSP SitRep PDF; validated against total cumulative cases. Rows without dashboard geometry are retained in totals but hidden on the case map. Parsed from vertically rendered table.
2026-06-22,2026-06,Nord-Kivu,Oicha,zOOAshOz4Cz,3,2.0,0.7639879778753311,29.54704482375912,SitRep N39/MVB,2026-06-22,Automatically extracted from INSP SitRep PDF; validated against total cumulative cases. Rows without dashboard geometry are retained in totals but hidden on the case map. Parsed from vertically rendered table.
2026-06-22,2026-06,,Mangala,,14,6.0,,,SitRep N39/MVB,2026-06-22,Automatically extracted from INSP SitRep PDF; validated against total cumulative cases. Rows without dashboard geometry are retained in totals but hidden on the case map. Parsed from vertically rendered table.
2026-06-22,2026-06,,Miti-Murhesa,,3,1.0,,,SitRep N39/MVB,2026-06-22,Automatically extracted from INSP SitRep PDF; validated against total cumulative cases. Rows without dashboard geometry are retained in totals but hidden on the case map. Parsed from vertically rendered table.
2026-06-22,2026-06,,Vuhovi,,1,1.0,,,SitRep N39/MVB,2026-06-22,Automatically extracted from INSP SitRep PDF; validated against total cumulative cases. Rows without dashboard geometry are retained in totals but hidden on the case map. Parsed from vertically rendered table.
2026-06-23,2026-06,Ituri,Aru,v8PqffapuVl,3,,2.859042986322321,30.833681049566664,SitRep N40/MVB,2026-06-23,Automatically extracted from INSP SitRep PDF; validated against total cumulative cases. Rows without dashboard geometry are retained in totals but hidden on the case map.
2026-06-23,2026-06,Ituri,Aungba,DFcltLEKLxj,6,,2.5670708830760702,30.592536320311343,SitRep N40/MVB,2026-06-23,Automatically extracted from INSP SitRep PDF; validated against total cumulative cases. Rows without dashboard geometry are retained in totals but hidden on the case map.
2026-06-23,2026-06,Ituri,Bambu,Uc3GqWS8C0w,14,,1.8633970955000336,30.20627592724413,SitRep N40/MVB,2026-06-23,Automatically extracted from INSP SitRep PDF; validated against total cumulative cases. Rows without dashboard geometry are retained in totals but hidden on the case map.
2026-06-23,2026-06,Ituri,Bunia,GPi6i83o7l6,304,,1.607713140500067,30.282078091482003,SitRep N40/MVB,2026-06-23,Automatically extracted from INSP SitRep PDF; validated against total cumulative cases. Rows without dashboard geometry are retained in totals but hidden on the case map.
2026-06-23,2026-06,Ituri,Damas,ApdB8z3Wrxt,4,,2.1976361605001387,30.22934640858644,SitRep N40/MVB,2026-06-23,Automatically extracted from INSP SitRep PDF; validated against total cumulative cases. Rows without dashboard geometry are retained in totals but hidden on the case map.
2026-06-23,2026-06,Ituri,Drodro,OIhgsXcZf6x,1,,1.7484347510000475,30.586912835820826,SitRep N40/MVB,2026-06-23,Automatically extracted from INSP SitRep PDF; validated against total cumulative cases. Rows without dashboard geometry are retained in totals but hidden on the case map.
2026-06-23,2026-06,Ituri,Fataki,FDNwbfrJhkA,1,,1.9004797405000888,30.565348794325672,SitRep N40/MVB,2026-06-23,Automatically extracted from INSP SitRep PDF; validated against total cumulative cases. Rows without dashboard geometry are retained in totals but hidden on the case map.
2026-06-23,2026-06,Ituri,Gety,X8zFJ7DJlRD,1,,1.253148786140514,30.189368117956285,SitRep N40/MVB,2026-06-23,Automatically extracted from INSP SitRep PDF; validated against total cumulative cases. Rows without dashboard geometry are retained in totals but hidden on the case map.
2026-06-23,2026-06,Ituri,Kambala,SkEKQLSulmp,1,,2.313255370000064,30.54737129473464,SitRep N40/MVB,2026-06-23,Automatically extracted from INSP SitRep PDF; validated against total cumulative cases. Rows without dashboard geometry are retained in totals but hidden on the case map.
2026-06-23,2026-06,Ituri,Kilo,sbyWSsdZ3tj,7,,1.7598275375000298,30.080701985660504,SitRep N40/MVB,2026-06-23,Automatically extracted from INSP SitRep PDF; validated against total cumulative cases. Rows without dashboard geometry are retained in totals but hidden on the case map.
2026-06-23,2026-06,Ituri,Komanda,i2mtQy4nTmD,13,,1.1261791000000585,29.62557262065517,SitRep N40/MVB,2026-06-23,Automatically extracted from INSP SitRep PDF; validated against total cumulative cases. Rows without dashboard geometry are retained in totals but hidden on the case map.
2026-06-23,2026-06,Ituri,Lita,xGWcGHazqtw,26,,1.588332974500048,30.38710948970807,SitRep N40/MVB,2026-06-23,Automatically extracted from INSP SitRep PDF; validated against total cumulative cases. Rows without dashboard geometry are retained in totals but hidden on the case map.
2026-06-23,2026-06,Ituri,Logo,qqGoQGSp1Dw,5,,2.155727226000039,30.877556277526388,SitRep N40/MVB,2026-06-23,Automatically extracted from INSP SitRep PDF; validated against total cumulative cases. Rows without dashboard geometry are retained in totals but hidden on the case map.
2026-06-23,2026-06,Ituri,Mambasa,RjHZChl5gJQ,2,,1.4290391459577108,28.62314089055854,SitRep N40/MVB,2026-06-23,Automatically extracted from INSP SitRep PDF; validated against total cumulative cases. Rows without dashboard geometry are retained in totals but hidden on the case map.
2026-06-23,2026-06,Ituri,Mongbwalu,nv8tx681Gjd,241,,2.120204140000084,29.46395014319073,SitRep N40/MVB,2026-06-23,Automatically extracted from INSP SitRep PDF; validated against total cumulative cases. Rows without dashboard geometry are retained in totals but hidden on the case map.
2026-06-23,2026-06,Ituri,Nizi,TCE5waEW7Fi,30,,1.7491092545000129,30.29386589242562,SitRep N40/MVB,2026-06-23,Automatically extracted from INSP SitRep PDF; validated against total cumulative cases. Rows without dashboard geometry are retained in totals but hidden on the case map.
2026-06-23,2026-06,Ituri,Nyankunde,mGTaa8TFifO,86,,1.4866449679154434,29.933917392135683,SitRep N40/MVB,2026-06-23,Automatically extracted from INSP SitRep PDF; validated against total cumulative cases. Rows without dashboard geometry are retained in totals but hidden on the case map.
2026-06-23,2026-06,Ituri,Rimba,a2aJcbwnjoK,3,,2.2214134000000456,30.706000954123333,SitRep N40/MVB,2026-06-23,Automatically extracted from INSP SitRep PDF; validated against total cumulative cases. Rows without dashboard geometry are retained in totals but hidden on the case map.
2026-06-23,2026-06,Ituri,Rwampara,vPxN2nZnBXK,225,,1.5710652340000308,30.08327315923981,SitRep N40/MVB,2026-06-23,Automatically extracted from INSP SitRep PDF; validated against total cumulative cases. Rows without dashboard geometry are retained in totals but hidden on the case map.
2026-06-23,2026-06,Ituri,Tchomia,rhj4btTd3i0,8,,1.5216207475000374,30.468986199294,SitRep N40/MVB,2026-06-23,Automatically extracted from INSP SitRep PDF; validated against total cumulative cases. Rows without dashboard geometry are retained in totals but hidden on the case map.
2026-06-23,2026-06,Nord-Kivu,Beni,msg2MyMGhKv,20,,0.493171248666955,29.51358389763662,SitRep N40/MVB,2026-06-23,Automatically extracted from INSP SitRep PDF; validated against total cumulative cases. Rows without dashboard geometry are retained in totals but hidden on the case map.
2026-06-23,2026-06,Nord-Kivu,Butembo,foR0DRLqtdJ,29,,0.1465342500003714,29.251277502423125,SitRep N40/MVB,2026-06-23,Automatically extracted from INSP SitRep PDF; validated against total cumulative cases. Rows without dashboard geometry are retained in totals but hidden on the case map.
2026-06-23,2026-06,Nord-Kivu,Goma,t8tjGKVhkl3,1,,-1.6528676989999551,29.17826328304752,SitRep N40/MVB,2026-06-23,Automatically extracted from INSP SitRep PDF; validated against total cumulative cases. Rows without dashboard geometry are retained in totals but hidden on the case map.
2026-06-23,2026-06,Nord-Kivu,Kalunguta,XoJ3dLz68aj,2,,0.3266166500000906,29.34622252068664,SitRep N40/MVB,2026-06-23,Automatically extracted from INSP SitRep PDF; validated against total cumulative cases. Rows without dashboard geometry are retained in totals but hidden on the case map.
2026-06-23,2026-06,Nord-Kivu,Katwa,woJBeEpIZdy,32,,0.1198993135112445,29.32416416638681,SitRep N40/MVB,2026-06-23,Automatically extracted from INSP SitRep PDF; validated against total cumulative cases. Rows without dashboard geometry are retained in totals but hidden on the case map.
2026-06-23,2026-06,Nord-Kivu,Kyondo,amGiV9h9C2I,3,,0.0132661619471709,29.50420270117476,SitRep N40/MVB,2026-06-23,Automatically extracted from INSP SitRep PDF; validated against total cumulative cases. Rows without dashboard geometry are retained in totals but hidden on the case map.
2026-06-23,2026-06,Nord-Kivu,Mabalako,svtAZQ9nVl0,1,,0.5045215710000548,29.19392959948652,SitRep N40/MVB,2026-06-23,Automatically extracted from INSP SitRep PDF; validated against total cumulative cases. Rows without dashboard geometry are retained in totals but hidden on the case map.
2026-06-23,2026-06,Nord-Kivu,Masereka,kQCMPbHKQ93,1,,-0.1092755664999742,29.327512197678764,SitRep N40/MVB,2026-06-23,Automatically extracted from INSP SitRep PDF; validated against total cumulative cases. Rows without dashboard geometry are retained in totals but hidden on the case map.
2026-06-23,2026-06,Nord-Kivu,Musienene,VooLsNf0dDB,2,,0.0725136590002364,28.35327518112168,SitRep N40/MVB,2026-06-23,Automatically extracted from INSP SitRep PDF; validated against total cumulative cases. Rows without dashboard geometry are retained in totals but hidden on the case map.
2026-06-23,2026-06,Nord-Kivu,Oicha,zOOAshOz4Cz,3,,0.7639879778753311,29.54704482375912,SitRep N40/MVB,2026-06-23,Automatically extracted from INSP SitRep PDF; validated against total cumulative cases. Rows without dashboard geometry are retained in totals but hidden on the case map.
2026-06-23,2026-06,,Mangala,,17,,,,SitRep N40/MVB,2026-06-23,Automatically extracted from INSP SitRep PDF; validated against total cumulative cases. Rows without dashboard geometry are retained in totals but hidden on the case map.
2026-06-23,2026-06,,Miti-Murhesa,,3,,,,SitRep N40/MVB,2026-06-23,Automatically extracted from INSP SitRep PDF; validated against total cumulative cases. Rows without dashboard geometry are retained in totals but hidden on the case map.
2026-06-23,2026-06,,Vuhovi,,1,,,,SitRep N40/MVB,2026-06-23,Automatically extracted from INSP SitRep PDF; validated against total cumulative cases. Rows without dashboard geometry are retained in totals but hidden on the case map.
2026-06-24,2026-06,Ituri,Aru,v8PqffapuVl,3,1.0,2.859042986322321,30.833681049566664,SitRep N41/MVB,2026-06-24,Automatically extracted from INSP SitRep PDF; validated against total cumulative cases. Rows without dashboard geometry are retained in totals but hidden on the case map. Parsed from vertically rendered table.
2026-06-24,2026-06,Ituri,Aungba,DFcltLEKLxj,6,2.0,2.5670708830760702,30.592536320311343,SitRep N41/MVB,2026-06-24,Automatically extracted from INSP SitRep PDF; validated against total cumulative cases. Rows without dashboard geometry are retained in totals but hidden on the case map. Parsed from vertically rendered table.
2026-06-24,2026-06,Ituri,Bambu,Uc3GqWS8C0w,14,2.0,1.8633970955000336,30.20627592724413,SitRep N41/MVB,2026-06-24,Automatically extracted from INSP SitRep PDF; validated against total cumulative cases. Rows without dashboard geometry are retained in totals but hidden on the case map. Parsed from vertically rendered table.
2026-06-24,2026-06,Ituri,Bunia,GPi6i83o7l6,314,60.0,1.607713140500067,30.282078091482003,SitRep N41/MVB,2026-06-24,Automatically extracted from INSP SitRep PDF; validated against total cumulative cases. Rows without dashboard geometry are retained in totals but hidden on the case map. Parsed from vertically rendered table.
2026-06-24,2026-06,Ituri,Damas,ApdB8z3Wrxt,4,0.0,2.1976361605001387,30.22934640858644,SitRep N41/MVB,2026-06-24,Automatically extracted from INSP SitRep PDF; validated against total cumulative cases. Rows without dashboard geometry are retained in totals but hidden on the case map. Parsed from vertically rendered table.
2026-06-24,2026-06,Ituri,Drodro,OIhgsXcZf6x,1,1.0,1.7484347510000475,30.586912835820826,SitRep N41/MVB,2026-06-24,Automatically extracted from INSP SitRep PDF; validated against total cumulative cases. Rows without dashboard geometry are retained in totals but hidden on the case map. Parsed from vertically rendered table.
2026-06-24,2026-06,Ituri,Fataki,FDNwbfrJhkA,1,0.0,1.9004797405000888,30.565348794325672,SitRep N41/MVB,2026-06-24,Automatically extracted from INSP SitRep PDF; validated against total cumulative cases. Rows without dashboard geometry are retained in totals but hidden on the case map. Parsed from vertically rendered table.
2026-06-24,2026-06,Ituri,Gety,X8zFJ7DJlRD,1,0.0,1.253148786140514,30.189368117956285,SitRep N41/MVB,2026-06-24,Automatically extracted from INSP SitRep PDF; validated against total cumulative cases. Rows without dashboard geometry are retained in totals but hidden on the case map. Parsed from vertically rendered table.
2026-06-24,2026-06,Ituri,Kambala,SkEKQLSulmp,1,1.0,2.313255370000064,30.54737129473464,SitRep N41/MVB,2026-06-24,Automatically extracted from INSP SitRep PDF; validated against total cumulative cases. Rows without dashboard geometry are retained in totals but hidden on the case map. Parsed from vertically rendered table.
2026-06-24,2026-06,Ituri,Kilo,sbyWSsdZ3tj,9,1.0,1.7598275375000298,30.080701985660504,SitRep N41/MVB,2026-06-24,Automatically extracted from INSP SitRep PDF; validated against total cumulative cases. Rows without dashboard geometry are retained in totals but hidden on the case map. Parsed from vertically rendered table.
2026-06-24,2026-06,Ituri,Komanda,i2mtQy4nTmD,13,3.0,1.1261791000000585,29.62557262065517,SitRep N41/MVB,2026-06-24,Automatically extracted from INSP SitRep PDF; validated against total cumulative cases. Rows without dashboard geometry are retained in totals but hidden on the case map. Parsed from vertically rendered table.
2026-06-24,2026-06,Ituri,Lita,xGWcGHazqtw,26,6.0,1.588332974500048,30.38710948970807,SitRep N41/MVB,2026-06-24,Automatically extracted from INSP SitRep PDF; validated against total cumulative cases. Rows without dashboard geometry are retained in totals but hidden on the case map. Parsed from vertically rendered table.
2026-06-24,2026-06,Ituri,Logo,qqGoQGSp1Dw,5,0.0,2.155727226000039,30.877556277526388,SitRep N41/MVB,2026-06-24,Automatically extracted from INSP SitRep PDF; validated against total cumulative cases. Rows without dashboard geometry are retained in totals but hidden on the case map. Parsed from vertically rendered table.
2026-06-24,2026-06,Ituri,Mambasa,RjHZChl5gJQ,2,1.0,1.4290391459577108,28.62314089055854,SitRep N41/MVB,2026-06-24,Automatically extracted from INSP SitRep PDF; validated against total cumulative cases. Rows without dashboard geometry are retained in totals but hidden on the case map. Parsed from vertically rendered table.
2026-06-24,2026-06,Ituri,Mongbwalu,nv8tx681Gjd,245,105.0,2.120204140000084,29.46395014319073,SitRep N41/MVB,2026-06-24,Automatically extracted from INSP SitRep PDF; validated against total cumulative cases. Rows without dashboard geometry are retained in totals but hidden on the case map. Parsed from vertically rendered table.
2026-06-24,2026-06,Ituri,Nizi,TCE5waEW7Fi,30,6.0,1.7491092545000129,30.29386589242562,SitRep N41/MVB,2026-06-24,Automatically extracted from INSP SitRep PDF; validated against total cumulative cases. Rows without dashboard geometry are retained in totals but hidden on the case map. Parsed from vertically rendered table.
2026-06-24,2026-06,Ituri,Nyankunde,mGTaa8TFifO,91,10.0,1.4866449679154434,29.933917392135683,SitRep N41/MVB,2026-06-24,Automatically extracted from INSP SitRep PDF; validated against total cumulative cases. Rows without dashboard geometry are retained in totals but hidden on the case map. Parsed from vertically rendered table.
2026-06-24,2026-06,Ituri,Rimba,a2aJcbwnjoK,3,0.0,2.2214134000000456,30.706000954123333,SitRep N41/MVB,2026-06-24,Automatically extracted from INSP SitRep PDF; validated against total cumulative cases. Rows without dashboard geometry are retained in totals but hidden on the case map. Parsed from vertically rendered table.
2026-06-24,2026-06,Ituri,Rwampara,vPxN2nZnBXK,237,40.0,1.5710652340000308,30.08327315923981,SitRep N41/MVB,2026-06-24,Automatically extracted from INSP SitRep PDF; validated against total cumulative cases. Rows without dashboard geometry are retained in totals but hidden on the case map. Parsed from vertically rendered table.
2026-06-24,2026-06,Ituri,Tchomia,rhj4btTd3i0,9,0.0,1.5216207475000374,30.468986199294,SitRep N41/MVB,2026-06-24,Automatically extracted from INSP SitRep PDF; validated against total cumulative cases. Rows without dashboard geometry are retained in totals but hidden on the case map. Parsed from vertically rendered table.
2026-06-24,2026-06,Nord-Kivu,Beni,msg2MyMGhKv,20,12.0,0.493171248666955,29.51358389763662,SitRep N41/MVB,2026-06-24,Automatically extracted from INSP SitRep PDF; validated against total cumulative cases. Rows without dashboard geometry are retained in totals but hidden on the case map. Parsed from vertically rendered table.
2026-06-24,2026-06,Nord-Kivu,Butembo,foR0DRLqtdJ,31,13.0,0.1465342500003714,29.251277502423125,SitRep N41/MVB,2026-06-24,Automatically extracted from INSP SitRep PDF; validated against total cumulative cases. Rows without dashboard geometry are retained in totals but hidden on the case map. Parsed from vertically rendered table.
2026-06-24,2026-06,Nord-Kivu,Goma,t8tjGKVhkl3,1,0.0,-1.6528676989999551,29.17826328304752,SitRep N41/MVB,2026-06-24,Automatically extracted from INSP SitRep PDF; validated against total cumulative cases. Rows without dashboard geometry are retained in totals but hidden on the case map. Parsed from vertically rendered table.
2026-06-24,2026-06,Nord-Kivu,Kalunguta,XoJ3dLz68aj,2,1.0,0.3266166500000906,29.34622252068664,SitRep N41/MVB,2026-06-24,Automatically extracted from INSP SitRep PDF; validated against total cumulative cases. Rows without dashboard geometry are retained in totals but hidden on the case map. Parsed from vertically rendered table.
2026-06-24,2026-06,Nord-Kivu,Katwa,woJBeEpIZdy,33,20.0,0.1198993135112445,29.32416416638681,SitRep N41/MVB,2026-06-24,Automatically extracted from INSP SitRep PDF; validated against total cumulative cases. Rows without dashboard geometry are retained in totals but hidden on the case map. Parsed from vertically rendered table.
2026-06-24,2026-06,Nord-Kivu,Kyondo,amGiV9h9C2I,3,2.0,0.0132661619471709,29.50420270117476,SitRep N41/MVB,2026-06-24,Automatically extracted from INSP SitRep PDF; validated against total cumulative cases. Rows without dashboard geometry are retained in totals but hidden on the case map. Parsed from vertically rendered table.
2026-06-24,2026-06,Nord-Kivu,Mabalako,svtAZQ9nVl0,1,0.0,0.5045215710000548,29.19392959948652,SitRep N41/MVB,2026-06-24,Automatically extracted from INSP SitRep PDF; validated against total cumulative cases. Rows without dashboard geometry are retained in totals but hidden on the case map. Parsed from vertically rendered table.
2026-06-24,2026-06,Nord-Kivu,Masereka,kQCMPbHKQ93,1,0.0,-0.1092755664999742,29.327512197678764,SitRep N41/MVB,2026-06-24,Automatically extracted from INSP SitRep PDF; validated against total cumulative cases. Rows without dashboard geometry are retained in totals but hidden on the case map. Parsed from vertically rendered table.
2026-06-24,2026-06,Nord-Kivu,Musienene,VooLsNf0dDB,2,2.0,0.0725136590002364,28.35327518112168,SitRep N41/MVB,2026-06-24,Automatically extracted from INSP SitRep PDF; validated against total cumulative cases. Rows without dashboard geometry are retained in totals but hidden on the case map. Parsed from vertically rendered table.
2026-06-24,2026-06,Nord-Kivu,Oicha,zOOAshOz4Cz,3,2.0,0.7639879778753311,29.54704482375912,SitRep N41/MVB,2026-06-24,Automatically extracted from INSP SitRep PDF; validated against total cumulative cases. Rows without dashboard geometry are retained in totals but hidden on the case map. Parsed from vertically rendered table.
2026-06-24,2026-06,,Mangala,,17,8.0,,,SitRep N41/MVB,2026-06-24,Automatically extracted from INSP SitRep PDF; validated against total cumulative cases. Rows without dashboard geometry are retained in totals but hidden on the case map. Parsed from vertically rendered table.
2026-06-24,2026-06,,Miti-Murhesa,,3,1.0,,,SitRep N41/MVB,2026-06-24,Automatically extracted from INSP SitRep PDF; validated against total cumulative cases. Rows without dashboard geometry are retained in totals but hidden on the case map. Parsed from vertically rendered table.
2026-06-24,2026-06,,Vuhovi,,1,1.0,,,SitRep N41/MVB,2026-06-24,Automatically extracted from INSP SitRep PDF; validated against total cumulative cases. Rows without dashboard geometry are retained in totals but hidden on the case map. Parsed from vertically rendered table.
2026-06-25,2026-06,Ituri,Aru,v8PqffapuVl,3,1.0,2.859042986322321,30.833681049566664,SitRep N42/MVB,2026-06-25,Automatically extracted from INSP SitRep PDF; validated against total cumulative cases. Rows without dashboard geometry are retained in totals but hidden on the case map. Parsed from vertically rendered table.
2026-06-25,2026-06,Ituri,Aungba,DFcltLEKLxj,6,2.0,2.5670708830760702,30.592536320311343,SitRep N42/MVB,2026-06-25,Automatically extracted from INSP SitRep PDF; validated against total cumulative cases. Rows without dashboard geometry are retained in totals but hidden on the case map. Parsed from vertically rendered table.
2026-06-25,2026-06,Ituri,Bambu,Uc3GqWS8C0w,14,3.0,1.8633970955000336,30.20627592724413,SitRep N42/MVB,2026-06-25,Automatically extracted from INSP SitRep PDF; validated against total cumulative cases. Rows without dashboard geometry are retained in totals but hidden on the case map. Parsed from vertically rendered table.
2026-06-25,2026-06,Ituri,Bunia,GPi6i83o7l6,323,64.0,1.607713140500067,30.282078091482003,SitRep N42/MVB,2026-06-25,Automatically extracted from INSP SitRep PDF; validated against total cumulative cases. Rows without dashboard geometry are retained in totals but hidden on the case map. Parsed from vertically rendered table.
2026-06-25,2026-06,Ituri,Damas,ApdB8z3Wrxt,4,0.0,2.1976361605001387,30.22934640858644,SitRep N42/MVB,2026-06-25,Automatically extracted from INSP SitRep PDF; validated against total cumulative cases. Rows without dashboard geometry are retained in totals but hidden on the case map. Parsed from vertically rendered table.
2026-06-25,2026-06,Ituri,Drodro,OIhgsXcZf6x,1,1.0,1.7484347510000475,30.586912835820826,SitRep N42/MVB,2026-06-25,Automatically extracted from INSP SitRep PDF; validated against total cumulative cases. Rows without dashboard geometry are retained in totals but hidden on the case map. Parsed from vertically rendered table.
2026-06-25,2026-06,Ituri,Fataki,FDNwbfrJhkA,1,0.0,1.9004797405000888,30.565348794325672,SitRep N42/MVB,2026-06-25,Automatically extracted from INSP SitRep PDF; validated against total cumulative cases. Rows without dashboard geometry are retained in totals but hidden on the case map. Parsed from vertically rendered table.
2026-06-25,2026-06,Ituri,Gety,X8zFJ7DJlRD,1,0.0,1.253148786140514,30.189368117956285,SitRep N42/MVB,2026-06-25,Automatically extracted from INSP SitRep PDF; validated against total cumulative cases. Rows without dashboard geometry are retained in totals but hidden on the case map. Parsed from vertically rendered table.
2026-06-25,2026-06,Ituri,Kambala,SkEKQLSulmp,1,1.0,2.313255370000064,30.54737129473464,SitRep N42/MVB,2026-06-25,Automatically extracted from INSP SitRep PDF; validated against total cumulative cases. Rows without dashboard geometry are retained in totals but hidden on the case map. Parsed from vertically rendered table.
2026-06-25,2026-06,Ituri,Kilo,sbyWSsdZ3tj,9,1.0,1.7598275375000298,30.080701985660504,SitRep N42/MVB,2026-06-25,Automatically extracted from INSP SitRep PDF; validated against total cumulative cases. Rows without dashboard geometry are retained in totals but hidden on the case map. Parsed from vertically rendered table.
2026-06-25,2026-06,Ituri,Komanda,i2mtQy4nTmD,13,3.0,1.1261791000000585,29.62557262065517,SitRep N42/MVB,2026-06-25,Automatically extracted from INSP SitRep PDF; validated against total cumulative cases. Rows without dashboard geometry are retained in totals but hidden on the case map. Parsed from vertically rendered table.
2026-06-25,2026-06,Ituri,Lita,xGWcGHazqtw,26,6.0,1.588332974500048,30.38710948970807,SitRep N42/MVB,2026-06-25,Automatically extracted from INSP SitRep PDF; validated against total cumulative cases. Rows without dashboard geometry are retained in totals but hidden on the case map. Parsed from vertically rendered table.
2026-06-25,2026-06,Ituri,Logo,qqGoQGSp1Dw,7,0.0,2.155727226000039,30.877556277526388,SitRep N42/MVB,2026-06-25,Automatically extracted from INSP SitRep PDF; validated against total cumulative cases. Rows without dashboard geometry are retained in totals but hidden on the case map. Parsed from vertically rendered table.
2026-06-25,2026-06,Ituri,Mambasa,RjHZChl5gJQ,2,1.0,1.4290391459577108,28.62314089055854,SitRep N42/MVB,2026-06-25,Automatically extracted from INSP SitRep PDF; validated against total cumulative cases. Rows without dashboard geometry are retained in totals but hidden on the case map. Parsed from vertically rendered table.
2026-06-25,2026-06,Ituri,Mongbwalu,nv8tx681Gjd,250,109.0,2.120204140000084,29.46395014319073,SitRep N42/MVB,2026-06-25,Automatically extracted from INSP SitRep PDF; validated against total cumulative cases. Rows without dashboard geometry are retained in totals but hidden on the case map. Parsed from vertically rendered table.
2026-06-25,2026-06,Ituri,Nizi,TCE5waEW7Fi,32,6.0,1.7491092545000129,30.29386589242562,SitRep N42/MVB,2026-06-25,Automatically extracted from INSP SitRep PDF; validated against total cumulative cases. Rows without dashboard geometry are retained in totals but hidden on the case map. Parsed from vertically rendered table.
2026-06-25,2026-06,Ituri,Nyankunde,mGTaa8TFifO,93,11.0,1.4866449679154434,29.933917392135683,SitRep N42/MVB,2026-06-25,Automatically extracted from INSP SitRep PDF; validated against total cumulative cases. Rows without dashboard geometry are retained in totals but hidden on the case map. Parsed from vertically rendered table.
2026-06-25,2026-06,Ituri,Rimba,a2aJcbwnjoK,3,0.0,2.2214134000000456,30.706000954123333,SitRep N42/MVB,2026-06-25,Automatically extracted from INSP SitRep PDF; validated against total cumulative cases. Rows without dashboard geometry are retained in totals but hidden on the case map. Parsed from vertically rendered table.
2026-06-25,2026-06,Ituri,Rwampara,vPxN2nZnBXK,258,43.0,1.5710652340000308,30.08327315923981,SitRep N42/MVB,2026-06-25,Automatically extracted from INSP SitRep PDF; validated against total cumulative cases. Rows without dashboard geometry are retained in totals but hidden on the case map. Parsed from vertically rendered table.
2026-06-25,2026-06,Ituri,Tchomia,rhj4btTd3i0,10,0.0,1.5216207475000374,30.468986199294,SitRep N42/MVB,2026-06-25,Automatically extracted from INSP SitRep PDF; validated against total cumulative cases. Rows without dashboard geometry are retained in totals but hidden on the case map. Parsed from vertically rendered table.
2026-06-25,2026-06,Nord-Kivu,Beni,msg2MyMGhKv,22,13.0,0.493171248666955,29.51358389763662,SitRep N42/MVB,2026-06-25,Automatically extracted from INSP SitRep PDF; validated against total cumulative cases. Rows without dashboard geometry are retained in totals but hidden on the case map. Parsed from vertically rendered table.
2026-06-25,2026-06,Nord-Kivu,Butembo,foR0DRLqtdJ,33,14.0,0.1465342500003714,29.251277502423125,SitRep N42/MVB,2026-06-25,Automatically extracted from INSP SitRep PDF; validated against total cumulative cases. Rows without dashboard geometry are retained in totals but hidden on the case map. Parsed from vertically rendered table.
2026-06-25,2026-06,Nord-Kivu,Goma,t8tjGKVhkl3,1,0.0,-1.6528676989999551,29.17826328304752,SitRep N42/MVB,2026-06-25,Automatically extracted from INSP SitRep PDF; validated against total cumulative cases. Rows without dashboard geometry are retained in totals but hidden on the case map. Parsed from vertically rendered table.
2026-06-25,2026-06,Nord-Kivu,Kalunguta,XoJ3dLz68aj,2,1.0,0.3266166500000906,29.34622252068664,SitRep N42/MVB,2026-06-25,Automatically extracted from INSP SitRep PDF; validated against total cumulative cases. Rows without dashboard geometry are retained in totals but hidden on the case map. Parsed from vertically rendered table.
2026-06-25,2026-06,Nord-Kivu,Katwa,woJBeEpIZdy,35,22.0,0.1198993135112445,29.32416416638681,SitRep N42/MVB,2026-06-25,Automatically extracted from INSP SitRep PDF; validated against total cumulative cases. Rows without dashboard geometry are retained in totals but hidden on the case map. Parsed from vertically rendered table.
2026-06-25,2026-06,Nord-Kivu,Kyondo,amGiV9h9C2I,3,2.0,0.0132661619471709,29.50420270117476,SitRep N42/MVB,2026-06-25,Automatically extracted from INSP SitRep PDF; validated against total cumulative cases. Rows without dashboard geometry are retained in totals but hidden on the case map. Parsed from vertically rendered table.
2026-06-25,2026-06,Nord-Kivu,Mabalako,svtAZQ9nVl0,1,0.0,0.5045215710000548,29.19392959948652,SitRep N42/MVB,2026-06-25,Automatically extracted from INSP SitRep PDF; validated against total cumulative cases. Rows without dashboard geometry are retained in totals but hidden on the case map. Parsed from vertically rendered table.
2026-06-25,2026-06,Nord-Kivu,Masereka,kQCMPbHKQ93,1,0.0,-0.1092755664999742,29.327512197678764,SitRep N42/MVB,2026-06-25,Automatically extracted from INSP SitRep PDF; validated against total cumulative cases. Rows without dashboard geometry are retained in totals but hidden on the case map. Parsed from vertically rendered table.
2026-06-25,2026-06,Nord-Kivu,Musienene,VooLsNf0dDB,2,2.0,0.0725136590002364,28.35327518112168,SitRep N42/MVB,2026-06-25,Automatically extracted from INSP SitRep PDF; validated against total cumulative cases. Rows without dashboard geometry are retained in totals but hidden on the case map. Parsed from vertically rendered table.
2026-06-25,2026-06,Nord-Kivu,Oicha,zOOAshOz4Cz,3,2.0,0.7639879778753311,29.54704482375912,SitRep N42/MVB,2026-06-25,Automatically extracted from INSP SitRep PDF; validated against total cumulative cases. Rows without dashboard geometry are retained in totals but hidden on the case map. Parsed from vertically rendered table.
2026-06-25,2026-06,,Mangala,,17,8.0,,,SitRep N42/MVB,2026-06-25,Automatically extracted from INSP SitRep PDF; validated against total cumulative cases. Rows without dashboard geometry are retained in totals but hidden on the case map. Parsed from vertically rendered table.
2026-06-25,2026-06,,Miti-Murhesa,,3,1.0,,,SitRep N42/MVB,2026-06-25,Automatically extracted from INSP SitRep PDF; validated against total cumulative cases. Rows without dashboard geometry are retained in totals but hidden on the case map. Parsed from vertically rendered table.
2026-06-25,2026-06,,Vuhovi,,1,1.0,,,SitRep N42/MVB,2026-06-25,Automatically extracted from INSP SitRep PDF; validated against total cumulative cases. Rows without dashboard geometry are retained in totals but hidden on the case map. Parsed from vertically rendered table.
2026-06-27,2026-06,Ituri,Aru,v8PqffapuVl,3,1.0,2.859042986322321,30.833681049566664,SitRep N44/MVB,2026-06-27,Verified from uploaded SitRep health-zone table; corrected historical values.
2026-06-27,2026-06,Ituri,Aungba,DFcltLEKLxj,6,2.0,2.5670708830760702,30.592536320311343,SitRep N44/MVB,2026-06-27,Verified from uploaded SitRep health-zone table; corrected historical values.
2026-06-27,2026-06,Ituri,Bambu,Uc3GqWS8C0w,16,4.0,1.8633970955000336,30.20627592724413,SitRep N44/MVB,2026-06-27,Verified from uploaded SitRep health-zone table; corrected historical values.
2026-06-27,2026-06,Ituri,Bunia,GPi6i83o7l6,338,71.0,1.607713140500067,30.282078091482003,SitRep N44/MVB,2026-06-27,Verified from uploaded SitRep health-zone table; corrected historical values.
2026-06-27,2026-06,Ituri,Damas,ApdB8z3Wrxt,5,0.0,2.1976361605001387,30.22934640858644,SitRep N44/MVB,2026-06-27,Verified from uploaded SitRep health-zone table; corrected historical values.
2026-06-27,2026-06,Ituri,Drodro,OIhgsXcZf6x,3,3.0,1.7484347510000475,30.586912835820826,SitRep N44/MVB,2026-06-27,Verified from uploaded SitRep health-zone table; corrected historical values.
2026-06-27,2026-06,Ituri,Fataki,FDNwbfrJhkA,1,0.0,1.9004797405000888,30.565348794325672,SitRep N44/MVB,2026-06-27,Verified from uploaded SitRep health-zone table; corrected historical values.
2026-06-27,2026-06,Ituri,Gety,X8zFJ7DJlRD,1,0.0,1.253148786140514,30.189368117956285,SitRep N44/MVB,2026-06-27,Verified from uploaded SitRep health-zone table; corrected historical values.
2026-06-27,2026-06,Ituri,Kambala,SkEKQLSulmp,1,1.0,2.313255370000064,30.54737129473464,SitRep N44/MVB,2026-06-27,Verified from uploaded SitRep health-zone table; corrected historical values.
2026-06-27,2026-06,Ituri,Kilo,sbyWSsdZ3tj,9,1.0,1.7598275375000298,30.080701985660504,SitRep N44/MVB,2026-06-27,Verified from uploaded SitRep health-zone table; corrected historical values.
2026-06-27,2026-06,Ituri,Komanda,i2mtQy4nTmD,16,5.0,1.1261791000000585,29.62557262065517,SitRep N44/MVB,2026-06-27,Verified from uploaded SitRep health-zone table; corrected historical values.
2026-06-27,2026-06,Ituri,Lita,xGWcGHazqtw,27,7.0,1.588332974500048,30.38710948970807,SitRep N44/MVB,2026-06-27,Verified from uploaded SitRep health-zone table; corrected historical values.
2026-06-27,2026-06,Ituri,Logo,qqGoQGSp1Dw,7,0.0,2.155727226000039,30.877556277526388,SitRep N44/MVB,2026-06-27,Verified from uploaded SitRep health-zone table; corrected historical values.
2026-06-27,2026-06,Ituri,Mambasa,RjHZChl5gJQ,2,1.0,1.4290391459577108,28.62314089055854,SitRep N44/MVB,2026-06-27,Verified from uploaded SitRep health-zone table; corrected historical values.
2026-06-27,2026-06,Ituri,Mandima,YpXUkTbtAPA,1,0.0,0.9848691425853816,29.17200687013976,SitRep N44/MVB,2026-06-27,Verified from uploaded SitRep health-zone table; corrected historical values.
2026-06-27,2026-06,Ituri,Mangala,,20,9.0,,,SitRep N44/MVB,2026-06-27,Verified from uploaded SitRep health-zone table; corrected historical values.
2026-06-27,2026-06,Ituri,Mongbwalu,nv8tx681Gjd,258,118.0,2.120204140000084,29.46395014319073,SitRep N44/MVB,2026-06-27,Verified from uploaded SitRep health-zone table; corrected historical values.
2026-06-27,2026-06,Ituri,Nia-Nia,,7,4.0,,,SitRep N44/MVB,2026-06-27,Verified from uploaded SitRep health-zone table; corrected historical values.
2026-06-27,2026-06,Ituri,Nizi,TCE5waEW7Fi,37,9.0,1.7491092545000129,30.29386589242562,SitRep N44/MVB,2026-06-27,Verified from uploaded SitRep health-zone table; corrected historical values.
2026-06-27,2026-06,Ituri,Nyankunde,mGTaa8TFifO,94,13.0,1.4866449679154434,29.933917392135683,SitRep N44/MVB,2026-06-27,Verified from uploaded SitRep health-zone table; corrected historical values.
2026-06-27,2026-06,Ituri,Rimba,a2aJcbwnjoK,3,0.0,2.2214134000000456,30.706000954123333,SitRep N44/MVB,2026-06-27,Verified from uploaded SitRep health-zone table; corrected historical values.
2026-06-27,2026-06,Ituri,Rwampara,vPxN2nZnBXK,282,52.0,1.5710652340000308,30.08327315923981,SitRep N44/MVB,2026-06-27,Verified from uploaded SitRep health-zone table; corrected historical values.
2026-06-27,2026-06,Ituri,Tchomia,rhj4btTd3i0,11,0.0,1.5216207475000374,30.468986199294,SitRep N44/MVB,2026-06-27,Verified from uploaded SitRep health-zone table; corrected historical values.
2026-06-27,2026-06,Nord-Kivu,Beni,msg2MyMGhKv,22,13.0,0.493171248666955,29.51358389763662,SitRep N44/MVB,2026-06-27,Verified from uploaded SitRep health-zone table; corrected historical values.
2026-06-27,2026-06,Nord-Kivu,Butembo,foR0DRLqtdJ,33,14.0,0.1465342500003714,29.251277502423125,SitRep N44/MVB,2026-06-27,Verified from uploaded SitRep health-zone table; corrected historical values.
2026-06-27,2026-06,Nord-Kivu,Goma,t8tjGKVhkl3,1,0.0,-1.6528676989999551,29.17826328304752,SitRep N44/MVB,2026-06-27,Verified from uploaded SitRep health-zone table; corrected historical values.
2026-06-27,2026-06,Nord-Kivu,Kalunguta,XoJ3dLz68aj,2,1.0,0.3266166500000906,29.34622252068664,SitRep N44/MVB,2026-06-27,Verified from uploaded SitRep health-zone table; corrected historical values.
2026-06-27,2026-06,Nord-Kivu,Katwa,woJBeEpIZdy,37,23.0,0.1198993135112445,29.32416416638681,SitRep N44/MVB,2026-06-27,Verified from uploaded SitRep health-zone table; corrected historical values.
2026-06-27,2026-06,Nord-Kivu,Kyondo,amGiV9h9C2I,3,2.0,0.0132661619471709,29.50420270117476,SitRep N44/MVB,2026-06-27,Verified from uploaded SitRep health-zone table; corrected historical values.
2026-06-27,2026-06,Nord-Kivu,Mabalako,svtAZQ9nVl0,1,0.0,0.5045215710000548,29.19392959948652,SitRep N44/MVB,2026-06-27,Verified from uploaded SitRep health-zone table; corrected historical values.
2026-06-27,2026-06,Nord-Kivu,Masereka,kQCMPbHKQ93,1,0.0,-0.1092755664999742,29.327512197678764,SitRep N44/MVB,2026-06-27,Verified from uploaded SitRep health-zone table; corrected historical values.
2026-06-27,2026-06,Nord-Kivu,Musienene,VooLsNf0dDB,2,2.0,0.0725136590002364,28.35327518112168,SitRep N44/MVB,2026-06-27,Verified from uploaded SitRep health-zone table; corrected historical values.
2026-06-27,2026-06,Nord-Kivu,Oicha,zOOAshOz4Cz,3,2.0,0.7639879778753311,29.54704482375912,SitRep N44/MVB,2026-06-27,Verified from uploaded SitRep health-zone table; corrected historical values.
2026-06-27,2026-06,Nord-Kivu,Vuhovi,,1,1.0,,,SitRep N44/MVB,2026-06-27,Verified from uploaded SitRep health-zone table; corrected historical values.
2026-06-27,2026-06,Sud-Kivu,Miti-Murhesa,cXkCT53xxfk,3,1.0,-2.39067,28.72098,SitRep N44/MVB,2026-06-27,Verified from uploaded SitRep health-zone table; corrected historical values.
2026-06-29,2026-06,Ituri,Aru,v8PqffapuVl,3,1.0,2.859042986322321,30.833681049566664,SitRep N46/MVB,2026-06-29,Verified from uploaded SitRep health-zone table; corrected historical values.
2026-06-29,2026-06,Ituri,Aungba,DFcltLEKLxj,6,2.0,2.5670708830760702,30.592536320311343,SitRep N46/MVB,2026-06-29,Verified from uploaded SitRep health-zone table; corrected historical values.
2026-06-29,2026-06,Ituri,Bambu,Uc3GqWS8C0w,16,4.0,1.8633970955000336,30.20627592724413,SitRep N46/MVB,2026-06-29,Verified from uploaded SitRep health-zone table; corrected historical values.
2026-06-29,2026-06,Ituri,Bunia,GPi6i83o7l6,358,82.0,1.607713140500067,30.282078091482003,SitRep N46/MVB,2026-06-29,Verified from uploaded SitRep health-zone table; corrected historical values.
2026-06-29,2026-06,Ituri,Damas,ApdB8z3Wrxt,5,0.0,2.1976361605001387,30.22934640858644,SitRep N46/MVB,2026-06-29,Verified from uploaded SitRep health-zone table; corrected historical values.
2026-06-29,2026-06,Ituri,Drodro,OIhgsXcZf6x,3,3.0,1.7484347510000475,30.586912835820826,SitRep N46/MVB,2026-06-29,Verified from uploaded SitRep health-zone table; corrected historical values.
2026-06-29,2026-06,Ituri,Fataki,FDNwbfrJhkA,1,0.0,1.9004797405000888,30.565348794325672,SitRep N46/MVB,2026-06-29,Verified from uploaded SitRep health-zone table; corrected historical values.
2026-06-29,2026-06,Ituri,Gety,X8zFJ7DJlRD,1,0.0,1.253148786140514,30.189368117956285,SitRep N46/MVB,2026-06-29,Verified from uploaded SitRep health-zone table; corrected historical values.
2026-06-29,2026-06,Ituri,Kambala,SkEKQLSulmp,1,1.0,2.313255370000064,30.54737129473464,SitRep N46/MVB,2026-06-29,Verified from uploaded SitRep health-zone table; corrected historical values.
2026-06-29,2026-06,Ituri,Kilo,sbyWSsdZ3tj,9,1.0,1.7598275375000298,30.080701985660504,SitRep N46/MVB,2026-06-29,Verified from uploaded SitRep health-zone table; corrected historical values.
2026-06-29,2026-06,Ituri,Komanda,i2mtQy4nTmD,16,5.0,1.1261791000000585,29.62557262065517,SitRep N46/MVB,2026-06-29,Verified from uploaded SitRep health-zone table; corrected historical values.
2026-06-29,2026-06,Ituri,Lita,xGWcGHazqtw,29,9.0,1.588332974500048,30.38710948970807,SitRep N46/MVB,2026-06-29,Verified from uploaded SitRep health-zone table; corrected historical values.
2026-06-29,2026-06,Ituri,Logo,qqGoQGSp1Dw,7,0.0,2.155727226000039,30.877556277526388,SitRep N46/MVB,2026-06-29,Verified from uploaded SitRep health-zone table; corrected historical values.
2026-06-29,2026-06,Ituri,Mambasa,RjHZChl5gJQ,2,1.0,1.4290391459577108,28.62314089055854,SitRep N46/MVB,2026-06-29,Verified from uploaded SitRep health-zone table; corrected historical values.
2026-06-29,2026-06,Ituri,Mandima,YpXUkTbtAPA,1,0.0,0.9848691425853816,29.17200687013976,SitRep N46/MVB,2026-06-29,Verified from uploaded SitRep health-zone table; corrected historical values.
2026-06-29,2026-06,Ituri,Mangala,,24,12.0,,,SitRep N46/MVB,2026-06-29,Verified from uploaded SitRep health-zone table; corrected historical values.
2026-06-29,2026-06,Ituri,Mongbwalu,nv8tx681Gjd,258,123.0,2.120204140000084,29.46395014319073,SitRep N46/MVB,2026-06-29,Verified from uploaded SitRep health-zone table; corrected historical values.
2026-06-29,2026-06,Ituri,Nia-Nia,,11,5.0,,,SitRep N46/MVB,2026-06-29,Verified from uploaded SitRep health-zone table; corrected historical values.
2026-06-29,2026-06,Ituri,Nizi,TCE5waEW7Fi,41,9.0,1.7491092545000129,30.29386589242562,SitRep N46/MVB,2026-06-29,Verified from uploaded SitRep health-zone table; corrected historical values.
2026-06-29,2026-06,Ituri,Nyankunde,mGTaa8TFifO,94,15.0,1.4866449679154434,29.933917392135683,SitRep N46/MVB,2026-06-29,Verified from uploaded SitRep health-zone table; corrected historical values.
2026-06-29,2026-06,Ituri,Rimba,a2aJcbwnjoK,3,0.0,2.2214134000000456,30.706000954123333,SitRep N46/MVB,2026-06-29,Verified from uploaded SitRep health-zone table; corrected historical values.
2026-06-29,2026-06,Ituri,Rwampara,vPxN2nZnBXK,295,60.0,1.5710652340000308,30.08327315923981,SitRep N46/MVB,2026-06-29,Verified from uploaded SitRep health-zone table; corrected historical values.
2026-06-29,2026-06,Ituri,Tchomia,rhj4btTd3i0,13,2.0,1.5216207475000374,30.468986199294,SitRep N46/MVB,2026-06-29,Verified from uploaded SitRep health-zone table; corrected historical values.
2026-06-29,2026-06,Nord-Kivu,Beni,msg2MyMGhKv,22,14.0,0.493171248666955,29.51358389763662,SitRep N46/MVB,2026-06-29,Verified from uploaded SitRep health-zone table; corrected historical values.
2026-06-29,2026-06,Nord-Kivu,Butembo,foR0DRLqtdJ,34,14.0,0.1465342500003714,29.251277502423125,SitRep N46/MVB,2026-06-29,Verified from uploaded SitRep health-zone table; corrected historical values.
2026-06-29,2026-06,Nord-Kivu,Goma,t8tjGKVhkl3,1,0.0,-1.6528676989999551,29.17826328304752,SitRep N46/MVB,2026-06-29,Verified from uploaded SitRep health-zone table; corrected historical values.
2026-06-29,2026-06,Nord-Kivu,Kalunguta,XoJ3dLz68aj,2,1.0,0.3266166500000906,29.34622252068664,SitRep N46/MVB,2026-06-29,Verified from uploaded SitRep health-zone table; corrected historical values.
2026-06-29,2026-06,Nord-Kivu,Katwa,woJBeEpIZdy,45,27.0,0.1198993135112445,29.32416416638681,SitRep N46/MVB,2026-06-29,Verified from uploaded SitRep health-zone table; corrected historical values.
2026-06-29,2026-06,Nord-Kivu,Kyondo,amGiV9h9C2I,3,2.0,0.0132661619471709,29.50420270117476,SitRep N46/MVB,2026-06-29,Verified from uploaded SitRep health-zone table; corrected historical values.
2026-06-29,2026-06,Nord-Kivu,Mabalako,svtAZQ9nVl0,1,0.0,0.5045215710000548,29.19392959948652,SitRep N46/MVB,2026-06-29,Verified from uploaded SitRep health-zone table; corrected historical values.
2026-06-29,2026-06,Nord-Kivu,Masereka,kQCMPbHKQ93,1,0.0,-0.1092755664999742,29.327512197678764,SitRep N46/MVB,2026-06-29,Verified from uploaded SitRep health-zone table; corrected historical values.
2026-06-29,2026-06,Nord-Kivu,Musienene,VooLsNf0dDB,3,2.0,0.0725136590002364,28.35327518112168,SitRep N46/MVB,2026-06-29,Verified from uploaded SitRep health-zone table; corrected historical values.
2026-06-29,2026-06,Nord-Kivu,Oicha,zOOAshOz4Cz,3,2.0,0.7639879778753311,29.54704482375912,SitRep N46/MVB,2026-06-29,Verified from uploaded SitRep health-zone table; corrected historical values.
2026-06-29,2026-06,Nord-Kivu,Vuhovi,,1,1.0,,,SitRep N46/MVB,2026-06-29,Verified from uploaded SitRep health-zone table; corrected historical values.
2026-06-29,2026-06,Sud-Kivu,Miti-Murhesa,cXkCT53xxfk,3,1.0,-2.39067,28.72098,SitRep N46/MVB,2026-06-29,Verified from uploaded SitRep health-zone table; corrected historical values.
2026-06-30,2026-06,Ituri,Aru,v8PqffapuVl,3,1.0,2.859042986322321,30.833681049566664,SitRep N47/MVB,2026-06-30,Verified from uploaded SitRep health-zone table; corrected historical values.
2026-06-30,2026-06,Ituri,Aungba,DFcltLEKLxj,6,2.0,2.5670708830760702,30.592536320311343,SitRep N47/MVB,2026-06-30,Verified from uploaded SitRep health-zone table; corrected historical values.
2026-06-30,2026-06,Ituri,Bambu,Uc3GqWS8C0w,16,5.0,1.8633970955000336,30.20627592724413,SitRep N47/MVB,2026-06-30,Verified from uploaded SitRep health-zone table; corrected historical values.
2026-06-30,2026-06,Ituri,Bunia,GPi6i83o7l6,387,94.0,1.607713140500067,30.282078091482003,SitRep N47/MVB,2026-06-30,Verified from uploaded SitRep health-zone table; corrected historical values.
2026-06-30,2026-06,Ituri,Damas,ApdB8z3Wrxt,5,0.0,2.1976361605001387,30.22934640858644,SitRep N47/MVB,2026-06-30,Verified from uploaded SitRep health-zone table; corrected historical values.
2026-06-30,2026-06,Ituri,Drodro,OIhgsXcZf6x,3,3.0,1.7484347510000475,30.586912835820826,SitRep N47/MVB,2026-06-30,Verified from uploaded SitRep health-zone table; corrected historical values.
2026-06-30,2026-06,Ituri,Fataki,FDNwbfrJhkA,1,0.0,1.9004797405000888,30.565348794325672,SitRep N47/MVB,2026-06-30,Verified from uploaded SitRep health-zone table; corrected historical values.
2026-06-30,2026-06,Ituri,Gety,X8zFJ7DJlRD,1,0.0,1.253148786140514,30.189368117956285,SitRep N47/MVB,2026-06-30,Verified from uploaded SitRep health-zone table; corrected historical values.
2026-06-30,2026-06,Ituri,Kambala,SkEKQLSulmp,2,2.0,2.313255370000064,30.54737129473464,SitRep N47/MVB,2026-06-30,Verified from uploaded SitRep health-zone table; corrected historical values.
2026-06-30,2026-06,Ituri,Kilo,sbyWSsdZ3tj,9,1.0,1.7598275375000298,30.080701985660504,SitRep N47/MVB,2026-06-30,Verified from uploaded SitRep health-zone table; corrected historical values.
2026-06-30,2026-06,Ituri,Komanda,i2mtQy4nTmD,18,5.0,1.1261791000000585,29.62557262065517,SitRep N47/MVB,2026-06-30,Verified from uploaded SitRep health-zone table; corrected historical values.
2026-06-30,2026-06,Ituri,Lita,xGWcGHazqtw,29,9.0,1.588332974500048,30.38710948970807,SitRep N47/MVB,2026-06-30,Verified from uploaded SitRep health-zone table; corrected historical values.
2026-06-30,2026-06,Ituri,Logo,qqGoQGSp1Dw,7,0.0,2.155727226000039,30.877556277526388,SitRep N47/MVB,2026-06-30,Verified from uploaded SitRep health-zone table; corrected historical values.
2026-06-30,2026-06,Ituri,Lolwa,xp3Y1OXHZLj,1,1.0,1.4666692450000482,29.46470993607435,SitRep N47/MVB,2026-06-30,Verified from uploaded SitRep health-zone table; corrected historical values.
2026-06-30,2026-06,Ituri,Mambasa,RjHZChl5gJQ,2,1.0,1.4290391459577108,28.62314089055854,SitRep N47/MVB,2026-06-30,Verified from uploaded SitRep health-zone table; corrected historical values.
2026-06-30,2026-06,Ituri,Mandima,YpXUkTbtAPA,2,1.0,0.9848691425853816,29.17200687013976,SitRep N47/MVB,2026-06-30,Verified from uploaded SitRep health-zone table; corrected historical values.
2026-06-30,2026-06,Ituri,Mangala,,24,12.0,,,SitRep N47/MVB,2026-06-30,Verified from uploaded SitRep health-zone table; corrected historical values.
2026-06-30,2026-06,Ituri,Mongbwalu,nv8tx681Gjd,264,126.0,2.120204140000084,29.46395014319073,SitRep N47/MVB,2026-06-30,Verified from uploaded SitRep health-zone table; corrected historical values.
2026-06-30,2026-06,Ituri,Nia-Nia,,12,5.0,,,SitRep N47/MVB,2026-06-30,Verified from uploaded SitRep health-zone table; corrected historical values.
2026-06-30,2026-06,Ituri,Nizi,TCE5waEW7Fi,61,19.0,1.7491092545000129,30.29386589242562,SitRep N47/MVB,2026-06-30,Verified from uploaded SitRep health-zone table; corrected historical values.
2026-06-30,2026-06,Ituri,Nyankunde,mGTaa8TFifO,95,16.0,1.4866449679154434,29.933917392135683,SitRep N47/MVB,2026-06-30,Verified from uploaded SitRep health-zone table; corrected historical values.
2026-06-30,2026-06,Ituri,Rimba,a2aJcbwnjoK,3,0.0,2.2214134000000456,30.706000954123333,SitRep N47/MVB,2026-06-30,Verified from uploaded SitRep health-zone table; corrected historical values.
2026-06-30,2026-06,Ituri,Rwampara,vPxN2nZnBXK,301,61.0,1.5710652340000308,30.08327315923981,SitRep N47/MVB,2026-06-30,Verified from uploaded SitRep health-zone table; corrected historical values.
2026-06-30,2026-06,Ituri,Tchomia,rhj4btTd3i0,14,2.0,1.5216207475000374,30.468986199294,SitRep N47/MVB,2026-06-30,Verified from uploaded SitRep health-zone table; corrected historical values.
2026-06-30,2026-06,Nord-Kivu,Beni,msg2MyMGhKv,24,15.0,0.493171248666955,29.51358389763662,SitRep N47/MVB,2026-06-30,Verified from uploaded SitRep health-zone table; corrected historical values.
2026-06-30,2026-06,Nord-Kivu,Butembo,foR0DRLqtdJ,34,15.0,0.1465342500003714,29.251277502423125,SitRep N47/MVB,2026-06-30,Verified from uploaded SitRep health-zone table; corrected historical values.
2026-06-30,2026-06,Nord-Kivu,Goma,t8tjGKVhkl3,1,0.0,-1.6528676989999551,29.17826328304752,SitRep N47/MVB,2026-06-30,Verified from uploaded SitRep health-zone table; corrected historical values.
2026-06-30,2026-06,Nord-Kivu,Kalunguta,XoJ3dLz68aj,2,1.0,0.3266166500000906,29.34622252068664,SitRep N47/MVB,2026-06-30,Verified from uploaded SitRep health-zone table; corrected historical values.
2026-06-30,2026-06,Nord-Kivu,Katwa,woJBeEpIZdy,47,33.0,0.1198993135112445,29.32416416638681,SitRep N47/MVB,2026-06-30,Verified from uploaded SitRep health-zone table; corrected historical values.
2026-06-30,2026-06,Nord-Kivu,Kyondo,amGiV9h9C2I,3,2.0,0.0132661619471709,29.50420270117476,SitRep N47/MVB,2026-06-30,Verified from uploaded SitRep health-zone table; corrected historical values.
2026-06-30,2026-06,Nord-Kivu,Mabalako,svtAZQ9nVl0,1,0.0,0.5045215710000548,29.19392959948652,SitRep N47/MVB,2026-06-30,Verified from uploaded SitRep health-zone table; corrected historical values.
2026-06-30,2026-06,Nord-Kivu,Masereka,kQCMPbHKQ93,1,0.0,-0.1092755664999742,29.327512197678764,SitRep N47/MVB,2026-06-30,Verified from uploaded SitRep health-zone table; corrected historical values.
2026-06-30,2026-06,Nord-Kivu,Musienene,VooLsNf0dDB,3,2.0,0.0725136590002364,28.35327518112168,SitRep N47/MVB,2026-06-30,Verified from uploaded SitRep health-zone table; corrected historical values.
2026-06-30,2026-06,Nord-Kivu,Oicha,zOOAshOz4Cz,3,2.0,0.7639879778753311,29.54704482375912,SitRep N47/MVB,2026-06-30,Verified from uploaded SitRep health-zone table; corrected historical values.
2026-06-30,2026-06,Nord-Kivu,Vuhovi,,1,1.0,,,SitRep N47/MVB,2026-06-30,Verified from uploaded SitRep health-zone table; corrected historical values.
2026-06-30,2026-06,Sud-Kivu,Miti-Murhesa,cXkCT53xxfk,3,1.0,-2.39067,28.72098,SitRep N47/MVB,2026-06-30,Verified from uploaded SitRep health-zone table; corrected historical values.
2026-07-01,2026-07,Ituri,Aru,v8PqffapuVl,3,1.0,2.859042986322321,30.833681049566664,SitRep N48/MVB,2026-07-01,Verified from uploaded SitRep health-zone table; corrected historical values.
2026-07-01,2026-07,Ituri,Aungba,DFcltLEKLxj,6,2.0,2.5670708830760702,30.592536320311343,SitRep N48/MVB,2026-07-01,Verified from uploaded SitRep health-zone table; corrected historical values.
2026-07-01,2026-07,Ituri,Bambu,Uc3GqWS8C0w,16,5.0,1.8633970955000336,30.20627592724413,SitRep N48/MVB,2026-07-01,Verified from uploaded SitRep health-zone table; corrected historical values.
2026-07-01,2026-07,Ituri,Bunia,GPi6i83o7l6,416,103.0,1.607713140500067,30.282078091482003,SitRep N48/MVB,2026-07-01,Verified from uploaded SitRep health-zone table; corrected historical values.
2026-07-01,2026-07,Ituri,Damas,ApdB8z3Wrxt,5,0.0,2.1976361605001387,30.22934640858644,SitRep N48/MVB,2026-07-01,Verified from uploaded SitRep health-zone table; corrected historical values.
2026-07-01,2026-07,Ituri,Drodro,OIhgsXcZf6x,3,3.0,1.7484347510000475,30.586912835820826,SitRep N48/MVB,2026-07-01,Verified from uploaded SitRep health-zone table; corrected historical values.
2026-07-01,2026-07,Ituri,Fataki,FDNwbfrJhkA,1,0.0,1.9004797405000888,30.565348794325672,SitRep N48/MVB,2026-07-01,Verified from uploaded SitRep health-zone table; corrected historical values.
2026-07-01,2026-07,Ituri,Gety,X8zFJ7DJlRD,1,0.0,1.253148786140514,30.189368117956285,SitRep N48/MVB,2026-07-01,Verified from uploaded SitRep health-zone table; corrected historical values.
2026-07-01,2026-07,Ituri,Kambala,SkEKQLSulmp,2,2.0,2.313255370000064,30.54737129473464,SitRep N48/MVB,2026-07-01,Verified from uploaded SitRep health-zone table; corrected historical values.
2026-07-01,2026-07,Ituri,Kilo,sbyWSsdZ3tj,9,1.0,1.7598275375000298,30.080701985660504,SitRep N48/MVB,2026-07-01,Verified from uploaded SitRep health-zone table; corrected historical values.
2026-07-01,2026-07,Ituri,Komanda,i2mtQy4nTmD,19,5.0,1.1261791000000585,29.62557262065517,SitRep N48/MVB,2026-07-01,Verified from uploaded SitRep health-zone table; corrected historical values.
2026-07-01,2026-07,Ituri,Lita,xGWcGHazqtw,32,11.0,1.588332974500048,30.38710948970807,SitRep N48/MVB,2026-07-01,Verified from uploaded SitRep health-zone table; corrected historical values.
2026-07-01,2026-07,Ituri,Logo,qqGoQGSp1Dw,7,0.0,2.155727226000039,30.877556277526388,SitRep N48/MVB,2026-07-01,Verified from uploaded SitRep health-zone table; corrected historical values.
2026-07-01,2026-07,Ituri,Lolwa,xp3Y1OXHZLj,1,1.0,1.4666692450000482,29.46470993607435,SitRep N48/MVB,2026-07-01,Verified from uploaded SitRep health-zone table; corrected historical values.
2026-07-01,2026-07,Ituri,Mambasa,RjHZChl5gJQ,2,1.0,1.4290391459577108,28.62314089055854,SitRep N48/MVB,2026-07-01,Verified from uploaded SitRep health-zone table; corrected historical values.
2026-07-01,2026-07,Ituri,Mandima,YpXUkTbtAPA,2,1.0,0.9848691425853816,29.17200687013976,SitRep N48/MVB,2026-07-01,Verified from uploaded SitRep health-zone table; corrected historical values.
2026-07-01,2026-07,Ituri,Mangala,,24,12.0,,,SitRep N48/MVB,2026-07-01,Verified from uploaded SitRep health-zone table; corrected historical values.
2026-07-01,2026-07,Ituri,Mongbwalu,nv8tx681Gjd,270,127.0,2.120204140000084,29.46395014319073,SitRep N48/MVB,2026-07-01,Verified from uploaded SitRep health-zone table; corrected historical values.
2026-07-01,2026-07,Ituri,Nia-Nia,,12,5.0,,,SitRep N48/MVB,2026-07-01,Verified from uploaded SitRep health-zone table; corrected historical values.
2026-07-01,2026-07,Ituri,Nizi,TCE5waEW7Fi,65,19.0,1.7491092545000129,30.29386589242562,SitRep N48/MVB,2026-07-01,Verified from uploaded SitRep health-zone table; corrected historical values.
2026-07-01,2026-07,Ituri,Nyankunde,mGTaa8TFifO,95,16.0,1.4866449679154434,29.933917392135683,SitRep N48/MVB,2026-07-01,Verified from uploaded SitRep health-zone table; corrected historical values.
2026-07-01,2026-07,Ituri,Rimba,a2aJcbwnjoK,3,0.0,2.2214134000000456,30.706000954123333,SitRep N48/MVB,2026-07-01,Verified from uploaded SitRep health-zone table; corrected historical values.
2026-07-01,2026-07,Ituri,Rwampara,vPxN2nZnBXK,308,63.0,1.5710652340000308,30.08327315923981,SitRep N48/MVB,2026-07-01,Verified from uploaded SitRep health-zone table; corrected historical values.
2026-07-01,2026-07,Ituri,Tchomia,rhj4btTd3i0,14,2.0,1.5216207475000374,30.468986199294,SitRep N48/MVB,2026-07-01,Verified from uploaded SitRep health-zone table; corrected historical values.
2026-07-01,2026-07,Nord-Kivu,Beni,msg2MyMGhKv,26,15.0,0.493171248666955,29.51358389763662,SitRep N48/MVB,2026-07-01,Verified from uploaded SitRep health-zone table; corrected historical values.
2026-07-01,2026-07,Nord-Kivu,Butembo,foR0DRLqtdJ,34,15.0,0.1465342500003714,29.251277502423125,SitRep N48/MVB,2026-07-01,Verified from uploaded SitRep health-zone table; corrected historical values.
2026-07-01,2026-07,Nord-Kivu,Goma,t8tjGKVhkl3,1,0.0,-1.6528676989999551,29.17826328304752,SitRep N48/MVB,2026-07-01,Verified from uploaded SitRep health-zone table; corrected historical values.
2026-07-01,2026-07,Nord-Kivu,Kalunguta,XoJ3dLz68aj,2,1.0,0.3266166500000906,29.34622252068664,SitRep N48/MVB,2026-07-01,Verified from uploaded SitRep health-zone table; corrected historical values.
2026-07-01,2026-07,Nord-Kivu,Katwa,woJBeEpIZdy,49,33.0,0.1198993135112445,29.32416416638681,SitRep N48/MVB,2026-07-01,Verified from uploaded SitRep health-zone table; corrected historical values.
2026-07-01,2026-07,Nord-Kivu,Kyondo,amGiV9h9C2I,3,2.0,0.0132661619471709,29.50420270117476,SitRep N48/MVB,2026-07-01,Verified from uploaded SitRep health-zone table; corrected historical values.
2026-07-01,2026-07,Nord-Kivu,Mabalako,svtAZQ9nVl0,1,0.0,0.5045215710000548,29.19392959948652,SitRep N48/MVB,2026-07-01,Verified from uploaded SitRep health-zone table; corrected historical values.
2026-07-01,2026-07,Nord-Kivu,Masereka,kQCMPbHKQ93,1,0.0,-0.1092755664999742,29.327512197678764,SitRep N48/MVB,2026-07-01,Verified from uploaded SitRep health-zone table; corrected historical values.
2026-07-01,2026-07,Nord-Kivu,Musienene,VooLsNf0dDB,3,2.0,0.0725136590002364,28.35327518112168,SitRep N48/MVB,2026-07-01,Verified from uploaded SitRep health-zone table; corrected historical values.
2026-07-01,2026-07,Nord-Kivu,Oicha,zOOAshOz4Cz,3,2.0,0.7639879778753311,29.54704482375912,SitRep N48/MVB,2026-07-01,Verified from uploaded SitRep health-zone table; corrected historical values.
2026-07-01,2026-07,Nord-Kivu,Vuhovi,,1,1.0,,,SitRep N48/MVB,2026-07-01,Verified from uploaded SitRep health-zone table; corrected historical values.
2026-07-01,2026-07,Sud-Kivu,Miti-Murhesa,cXkCT53xxfk,3,1.0,-2.39067,28.72098,SitRep N48/MVB,2026-07-01,Verified from uploaded SitRep health-zone table; corrected historical values.
2026-07-02,2026-07,Ituri,Aru,v8PqffapuVl,3,1.0,2.859042986322321,30.833681049566664,SitRep N49/MVB,2026-07-02,Verified from uploaded SitRep health-zone table; corrected historical values.
2026-07-02,2026-07,Ituri,Aungba,DFcltLEKLxj,6,2.0,2.5670708830760702,30.592536320311343,SitRep N49/MVB,2026-07-02,Verified from uploaded SitRep health-zone table; corrected historical values.
2026-07-02,2026-07,Ituri,Bambu,Uc3GqWS8C0w,18,5.0,1.8633970955000336,30.20627592724413,SitRep N49/MVB,2026-07-02,Verified from uploaded SitRep health-zone table; corrected historical values.
2026-07-02,2026-07,Ituri,Bunia,GPi6i83o7l6,426,106.0,1.607713140500067,30.282078091482003,SitRep N49/MVB,2026-07-02,Verified from uploaded SitRep health-zone table; corrected historical values.
2026-07-02,2026-07,Ituri,Damas,ApdB8z3Wrxt,5,0.0,2.1976361605001387,30.22934640858644,SitRep N49/MVB,2026-07-02,Verified from uploaded SitRep health-zone table; corrected historical values.
2026-07-02,2026-07,Ituri,Drodro,OIhgsXcZf6x,3,3.0,1.7484347510000475,30.586912835820826,SitRep N49/MVB,2026-07-02,Verified from uploaded SitRep health-zone table; corrected historical values.
2026-07-02,2026-07,Ituri,Fataki,FDNwbfrJhkA,1,0.0,1.9004797405000888,30.565348794325672,SitRep N49/MVB,2026-07-02,Verified from uploaded SitRep health-zone table; corrected historical values.
2026-07-02,2026-07,Ituri,Gety,X8zFJ7DJlRD,1,0.0,1.253148786140514,30.189368117956285,SitRep N49/MVB,2026-07-02,Verified from uploaded SitRep health-zone table; corrected historical values.
2026-07-02,2026-07,Ituri,Kambala,SkEKQLSulmp,2,2.0,2.313255370000064,30.54737129473464,SitRep N49/MVB,2026-07-02,Verified from uploaded SitRep health-zone table; corrected historical values.
2026-07-02,2026-07,Ituri,Kilo,sbyWSsdZ3tj,9,1.0,1.7598275375000298,30.080701985660504,SitRep N49/MVB,2026-07-02,Verified from uploaded SitRep health-zone table; corrected historical values.
2026-07-02,2026-07,Ituri,Komanda,i2mtQy4nTmD,19,5.0,1.1261791000000585,29.62557262065517,SitRep N49/MVB,2026-07-02,Verified from uploaded SitRep health-zone table; corrected historical values.
2026-07-02,2026-07,Ituri,Lita,xGWcGHazqtw,33,12.0,1.588332974500048,30.38710948970807,SitRep N49/MVB,2026-07-02,Verified from uploaded SitRep health-zone table; corrected historical values.
2026-07-02,2026-07,Ituri,Logo,qqGoQGSp1Dw,7,0.0,2.155727226000039,30.877556277526388,SitRep N49/MVB,2026-07-02,Verified from uploaded SitRep health-zone table; corrected historical values.
2026-07-02,2026-07,Ituri,Lolwa,xp3Y1OXHZLj,1,1.0,1.4666692450000482,29.46470993607435,SitRep N49/MVB,2026-07-02,Verified from uploaded SitRep health-zone table; corrected historical values.
2026-07-02,2026-07,Ituri,Mambasa,RjHZChl5gJQ,2,1.0,1.4290391459577108,28.62314089055854,SitRep N49/MVB,2026-07-02,Verified from uploaded SitRep health-zone table; corrected historical values.
2026-07-02,2026-07,Ituri,Mandima,YpXUkTbtAPA,4,1.0,0.9848691425853816,29.17200687013976,SitRep N49/MVB,2026-07-02,Verified from uploaded SitRep health-zone table; corrected historical values.
2026-07-02,2026-07,Ituri,Mangala,,24,12.0,,,SitRep N49/MVB,2026-07-02,Verified from uploaded SitRep health-zone table; corrected historical values.
2026-07-02,2026-07,Ituri,Mongbwalu,nv8tx681Gjd,273,136.0,2.120204140000084,29.46395014319073,SitRep N49/MVB,2026-07-02,Verified from uploaded SitRep health-zone table; corrected historical values.
2026-07-02,2026-07,Ituri,Nia-Nia,,12,5.0,,,SitRep N49/MVB,2026-07-02,Verified from uploaded SitRep health-zone table; corrected historical values.
2026-07-02,2026-07,Ituri,Nizi,TCE5waEW7Fi,65,19.0,1.7491092545000129,30.29386589242562,SitRep N49/MVB,2026-07-02,Verified from uploaded SitRep health-zone table; corrected historical values.
2026-07-02,2026-07,Ituri,Nyankunde,mGTaa8TFifO,95,16.0,1.4866449679154434,29.933917392135683,SitRep N49/MVB,2026-07-02,Verified from uploaded SitRep health-zone table; corrected historical values.
2026-07-02,2026-07,Ituri,Rimba,a2aJcbwnjoK,3,0.0,2.2214134000000456,30.706000954123333,SitRep N49/MVB,2026-07-02,Verified from uploaded SitRep health-zone table; corrected historical values.
2026-07-02,2026-07,Ituri,Rwampara,vPxN2nZnBXK,322,67.0,1.5710652340000308,30.08327315923981,SitRep N49/MVB,2026-07-02,Verified from uploaded SitRep health-zone table; corrected historical values.
2026-07-02,2026-07,Ituri,Tchomia,rhj4btTd3i0,15,2.0,1.5216207475000374,30.468986199294,SitRep N49/MVB,2026-07-02,Verified from uploaded SitRep health-zone table; corrected historical values.
2026-07-02,2026-07,Nord-Kivu,Beni,msg2MyMGhKv,28,16.0,0.493171248666955,29.51358389763662,SitRep N49/MVB,2026-07-02,Verified from uploaded SitRep health-zone table; corrected historical values.
2026-07-02,2026-07,Nord-Kivu,Butembo,foR0DRLqtdJ,38,16.0,0.1465342500003714,29.251277502423125,SitRep N49/MVB,2026-07-02,Verified from uploaded SitRep health-zone table; corrected historical values.
2026-07-02,2026-07,Nord-Kivu,Goma,t8tjGKVhkl3,2,0.0,-1.6528676989999551,29.17826328304752,SitRep N49/MVB,2026-07-02,Verified from uploaded SitRep health-zone table; corrected historical values.
2026-07-02,2026-07,Nord-Kivu,Kalunguta,XoJ3dLz68aj,2,1.0,0.3266166500000906,29.34622252068664,SitRep N49/MVB,2026-07-02,Verified from uploaded SitRep health-zone table; corrected historical values.
2026-07-02,2026-07,Nord-Kivu,Katwa,woJBeEpIZdy,51,35.0,0.1198993135112445,29.32416416638681,SitRep N49/MVB,2026-07-02,Verified from uploaded SitRep health-zone table; corrected historical values.
2026-07-02,2026-07,Nord-Kivu,Kyondo,amGiV9h9C2I,3,2.0,0.0132661619471709,29.50420270117476,SitRep N49/MVB,2026-07-02,Verified from uploaded SitRep health-zone table; corrected historical values.
2026-07-02,2026-07,Nord-Kivu,Mabalako,svtAZQ9nVl0,1,0.0,0.5045215710000548,29.19392959948652,SitRep N49/MVB,2026-07-02,Verified from uploaded SitRep health-zone table; corrected historical values.
2026-07-02,2026-07,Nord-Kivu,Masereka,kQCMPbHKQ93,1,0.0,-0.1092755664999742,29.327512197678764,SitRep N49/MVB,2026-07-02,Verified from uploaded SitRep health-zone table; corrected historical values.
2026-07-02,2026-07,Nord-Kivu,Musienene,VooLsNf0dDB,3,2.0,0.0725136590002364,28.35327518112168,SitRep N49/MVB,2026-07-02,Verified from uploaded SitRep health-zone table; corrected historical values.
2026-07-02,2026-07,Nord-Kivu,Oicha,zOOAshOz4Cz,3,2.0,0.7639879778753311,29.54704482375912,SitRep N49/MVB,2026-07-02,Verified from uploaded SitRep health-zone table; corrected historical values.
2026-07-02,2026-07,Nord-Kivu,Vuhovi,,1,1.0,,,SitRep N49/MVB,2026-07-02,Verified from uploaded SitRep health-zone table; corrected historical values.
2026-07-02,2026-07,Sud-Kivu,Miti-Murhesa,cXkCT53xxfk,3,1.0,-2.39067,28.72098,SitRep N49/MVB,2026-07-02,Verified from uploaded SitRep health-zone table; corrected historical values.
2026-07-03,2026-07,Ituri,Aru,v8PqffapuVl,3,1.0,2.859042986322321,30.833681049566664,SitRep N50/MVB,2026-07-03,Verified from uploaded SitRep health-zone table; corrected historical values.
2026-07-03,2026-07,Ituri,Aungba,DFcltLEKLxj,6,2.0,2.5670708830760702,30.592536320311343,SitRep N50/MVB,2026-07-03,Verified from uploaded SitRep health-zone table; corrected historical values.
2026-07-03,2026-07,Ituri,Bambu,Uc3GqWS8C0w,18,5.0,1.8633970955000336,30.20627592724413,SitRep N50/MVB,2026-07-03,Verified from uploaded SitRep health-zone table; corrected historical values.
2026-07-03,2026-07,Ituri,Bunia,GPi6i83o7l6,431,112.0,1.607713140500067,30.282078091482003,SitRep N50/MVB,2026-07-03,Verified from uploaded SitRep health-zone table; corrected historical values.
2026-07-03,2026-07,Ituri,Damas,ApdB8z3Wrxt,5,0.0,2.1976361605001387,30.22934640858644,SitRep N50/MVB,2026-07-03,Verified from uploaded SitRep health-zone table; corrected historical values.
2026-07-03,2026-07,Ituri,Drodro,OIhgsXcZf6x,3,3.0,1.7484347510000475,30.586912835820826,SitRep N50/MVB,2026-07-03,Verified from uploaded SitRep health-zone table; corrected historical values.
2026-07-03,2026-07,Ituri,Fataki,FDNwbfrJhkA,1,0.0,1.9004797405000888,30.565348794325672,SitRep N50/MVB,2026-07-03,Verified from uploaded SitRep health-zone table; corrected historical values.
2026-07-03,2026-07,Ituri,Gety,X8zFJ7DJlRD,1,0.0,1.253148786140514,30.189368117956285,SitRep N50/MVB,2026-07-03,Verified from uploaded SitRep health-zone table; corrected historical values.
2026-07-03,2026-07,Ituri,Kambala,SkEKQLSulmp,2,2.0,2.313255370000064,30.54737129473464,SitRep N50/MVB,2026-07-03,Verified from uploaded SitRep health-zone table; corrected historical values.
2026-07-03,2026-07,Ituri,Kilo,sbyWSsdZ3tj,9,1.0,1.7598275375000298,30.080701985660504,SitRep N50/MVB,2026-07-03,Verified from uploaded SitRep health-zone table; corrected historical values.
2026-07-03,2026-07,Ituri,Komanda,i2mtQy4nTmD,19,5.0,1.1261791000000585,29.62557262065517,SitRep N50/MVB,2026-07-03,Verified from uploaded SitRep health-zone table; corrected historical values.
2026-07-03,2026-07,Ituri,Lita,xGWcGHazqtw,33,12.0,1.588332974500048,30.38710948970807,SitRep N50/MVB,2026-07-03,Verified from uploaded SitRep health-zone table; corrected historical values.
2026-07-03,2026-07,Ituri,Logo,qqGoQGSp1Dw,7,0.0,2.155727226000039,30.877556277526388,SitRep N50/MVB,2026-07-03,Verified from uploaded SitRep health-zone table; corrected historical values.
2026-07-03,2026-07,Ituri,Lolwa,xp3Y1OXHZLj,1,1.0,1.4666692450000482,29.46470993607435,SitRep N50/MVB,2026-07-03,Verified from uploaded SitRep health-zone table; corrected historical values.
2026-07-03,2026-07,Ituri,Mambasa,RjHZChl5gJQ,2,1.0,1.4290391459577108,28.62314089055854,SitRep N50/MVB,2026-07-03,Verified from uploaded SitRep health-zone table; corrected historical values.
2026-07-03,2026-07,Ituri,Mandima,YpXUkTbtAPA,4,1.0,0.9848691425853816,29.17200687013976,SitRep N50/MVB,2026-07-03,Verified from uploaded SitRep health-zone table; corrected historical values.
2026-07-03,2026-07,Ituri,Mangala,,26,14.0,,,SitRep N50/MVB,2026-07-03,Verified from uploaded SitRep health-zone table; corrected historical values.
2026-07-03,2026-07,Ituri,Mongbwalu,nv8tx681Gjd,276,139.0,2.120204140000084,29.46395014319073,SitRep N50/MVB,2026-07-03,Verified from uploaded SitRep health-zone table; corrected historical values.
2026-07-03,2026-07,Ituri,Nia-Nia,,12,5.0,,,SitRep N50/MVB,2026-07-03,Verified from uploaded SitRep health-zone table; corrected historical values.
2026-07-03,2026-07,Ituri,Nizi,TCE5waEW7Fi,65,19.0,1.7491092545000129,30.29386589242562,SitRep N50/MVB,2026-07-03,Verified from uploaded SitRep health-zone table; corrected historical values.
2026-07-03,2026-07,Ituri,Nyankunde,mGTaa8TFifO,95,17.0,1.4866449679154434,29.933917392135683,SitRep N50/MVB,2026-07-03,Verified from uploaded SitRep health-zone table; corrected historical values.
2026-07-03,2026-07,Ituri,Rimba,a2aJcbwnjoK,3,0.0,2.2214134000000456,30.706000954123333,SitRep N50/MVB,2026-07-03,Verified from uploaded SitRep health-zone table; corrected historical values.
2026-07-03,2026-07,Ituri,Rwampara,vPxN2nZnBXK,333,69.0,1.5710652340000308,30.08327315923981,SitRep N50/MVB,2026-07-03,Verified from uploaded SitRep health-zone table; corrected historical values.
2026-07-03,2026-07,Ituri,Tchomia,rhj4btTd3i0,15,2.0,1.5216207475000374,30.468986199294,SitRep N50/MVB,2026-07-03,Verified from uploaded SitRep health-zone table; corrected historical values.
2026-07-03,2026-07,Nord-Kivu,Beni,msg2MyMGhKv,29,17.0,0.493171248666955,29.51358389763662,SitRep N50/MVB,2026-07-03,Verified from uploaded SitRep health-zone table; corrected historical values.
2026-07-03,2026-07,Nord-Kivu,Butembo,foR0DRLqtdJ,40,18.0,0.1465342500003714,29.251277502423125,SitRep N50/MVB,2026-07-03,Verified from uploaded SitRep health-zone table; corrected historical values.
2026-07-03,2026-07,Nord-Kivu,Goma,t8tjGKVhkl3,1,0.0,-1.6528676989999551,29.17826328304752,SitRep N50/MVB,2026-07-03,Verified from uploaded SitRep health-zone table; corrected historical values.
2026-07-03,2026-07,Nord-Kivu,Kalunguta,XoJ3dLz68aj,2,1.0,0.3266166500000906,29.34622252068664,SitRep N50/MVB,2026-07-03,Verified from uploaded SitRep health-zone table; corrected historical values.
2026-07-03,2026-07,Nord-Kivu,Katwa,woJBeEpIZdy,51,37.0,0.1198993135112445,29.32416416638681,SitRep N50/MVB,2026-07-03,Verified from uploaded SitRep health-zone table; corrected historical values.
2026-07-03,2026-07,Nord-Kivu,Kyondo,amGiV9h9C2I,4,2.0,0.0132661619471709,29.50420270117476,SitRep N50/MVB,2026-07-03,Verified from uploaded SitRep health-zone table; corrected historical values.
2026-07-03,2026-07,Nord-Kivu,Mabalako,svtAZQ9nVl0,1,0.0,0.5045215710000548,29.19392959948652,SitRep N50/MVB,2026-07-03,Verified from uploaded SitRep health-zone table; corrected historical values.
2026-07-03,2026-07,Nord-Kivu,Masereka,kQCMPbHKQ93,2,0.0,-0.1092755664999742,29.327512197678764,SitRep N50/MVB,2026-07-03,Verified from uploaded SitRep health-zone table; corrected historical values.
2026-07-03,2026-07,Nord-Kivu,Musienene,VooLsNf0dDB,4,2.0,0.0725136590002364,28.35327518112168,SitRep N50/MVB,2026-07-03,Verified from uploaded SitRep health-zone table; corrected historical values.
2026-07-03,2026-07,Nord-Kivu,Oicha,zOOAshOz4Cz,3,2.0,0.7639879778753311,29.54704482375912,SitRep N50/MVB,2026-07-03,Verified from uploaded SitRep health-zone table; corrected historical values.
2026-07-03,2026-07,Nord-Kivu,Vuhovi,,1,1.0,,,SitRep N50/MVB,2026-07-03,Verified from uploaded SitRep health-zone table; corrected historical values.
2026-07-03,2026-07,Sud-Kivu,Miti-Murhesa,cXkCT53xxfk,3,1.0,-2.39067,28.72098,SitRep N50/MVB,2026-07-03,Verified from uploaded SitRep health-zone table; corrected historical values.
2026-07-04,2026-07,Ituri,Aru,v8PqffapuVl,3,1.0,2.859042986322321,30.833681049566664,SitRep N51/MVB,2026-07-04,Verified from uploaded SitRep N51 health-zone table; corrected to avoid reporting-year/hospitalised-count extraction errors.
2026-07-04,2026-07,Ituri,Aungba,DFcltLEKLxj,6,2.0,2.5670708830760702,30.592536320311343,SitRep N51/MVB,2026-07-04,Verified from uploaded SitRep N51 health-zone table; corrected to avoid reporting-year/hospitalised-count extraction errors.
2026-07-04,2026-07,Ituri,Bambu,Uc3GqWS8C0w,18,5.0,1.8633970955000336,30.20627592724413,SitRep N51/MVB,2026-07-04,Verified from uploaded SitRep N51 health-zone table; corrected to avoid reporting-year/hospitalised-count extraction errors.
2026-07-04,2026-07,Ituri,Bunia,GPi6i83o7l6,438,118.0,1.607713140500067,30.282078091482003,SitRep N51/MVB,2026-07-04,Verified from uploaded SitRep N51 health-zone table; corrected to avoid reporting-year/hospitalised-count extraction errors.
2026-07-04,2026-07,Ituri,Damas,ApdB8z3Wrxt,5,0.0,2.1976361605001387,30.22934640858644,SitRep N51/MVB,2026-07-04,Verified from uploaded SitRep N51 health-zone table; corrected to avoid reporting-year/hospitalised-count extraction errors.
2026-07-04,2026-07,Ituri,Drodro,OIhgsXcZf6x,3,3.0,1.7484347510000475,30.586912835820826,SitRep N51/MVB,2026-07-04,Verified from uploaded SitRep N51 health-zone table; corrected to avoid reporting-year/hospitalised-count extraction errors.
2026-07-04,2026-07,Ituri,Fataki,FDNwbfrJhkA,1,0.0,1.9004797405000888,30.565348794325672,SitRep N51/MVB,2026-07-04,Verified from uploaded SitRep N51 health-zone table; corrected to avoid reporting-year/hospitalised-count extraction errors.
2026-07-04,2026-07,Ituri,Gety,X8zFJ7DJlRD,1,0.0,1.253148786140514,30.189368117956285,SitRep N51/MVB,2026-07-04,Verified from uploaded SitRep N51 health-zone table; corrected to avoid reporting-year/hospitalised-count extraction errors.
2026-07-04,2026-07,Ituri,Kambala,SkEKQLSulmp,2,2.0,2.313255370000064,30.54737129473464,SitRep N51/MVB,2026-07-04,Verified from uploaded SitRep N51 health-zone table; corrected to avoid reporting-year/hospitalised-count extraction errors.
2026-07-04,2026-07,Ituri,Kilo,sbyWSsdZ3tj,9,1.0,1.7598275375000298,30.080701985660504,SitRep N51/MVB,2026-07-04,Verified from uploaded SitRep N51 health-zone table; corrected to avoid reporting-year/hospitalised-count extraction errors.
2026-07-04,2026-07,Ituri,Komanda,i2mtQy4nTmD,22,8.0,1.1261791000000585,29.62557262065517,SitRep N51/MVB,2026-07-04,Verified from uploaded SitRep N51 health-zone table; corrected to avoid reporting-year/hospitalised-count extraction errors.
2026-07-04,2026-07,Ituri,Lita,xGWcGHazqtw,33,12.0,1.588332974500048,30.38710948970807,SitRep N51/MVB,2026-07-04,Verified from uploaded SitRep N51 health-zone table; corrected to avoid reporting-year/hospitalised-count extraction errors.
2026-07-04,2026-07,Ituri,Logo,qqGoQGSp1Dw,7,0.0,2.155727226000039,30.877556277526388,SitRep N51/MVB,2026-07-04,Verified from uploaded SitRep N51 health-zone table; corrected to avoid reporting-year/hospitalised-count extraction errors.
2026-07-04,2026-07,Ituri,Lolwa,xp3Y1OXHZLj,1,1.0,1.4666692450000482,29.46470993607435,SitRep N51/MVB,2026-07-04,Verified from uploaded SitRep N51 health-zone table; corrected to avoid reporting-year/hospitalised-count extraction errors.
2026-07-04,2026-07,Ituri,Mambasa,RjHZChl5gJQ,2,1.0,1.4290391459577108,28.62314089055854,SitRep N51/MVB,2026-07-04,Verified from uploaded SitRep N51 health-zone table; corrected to avoid reporting-year/hospitalised-count extraction errors.
2026-07-04,2026-07,Ituri,Mandima,YpXUkTbtAPA,4,1.0,0.9848691425853816,29.17200687013976,SitRep N51/MVB,2026-07-04,Verified from uploaded SitRep N51 health-zone table; corrected to avoid reporting-year/hospitalised-count extraction errors.
2026-07-04,2026-07,Ituri,Mangala,,26,14.0,,,SitRep N51/MVB,2026-07-04,Verified from uploaded SitRep N51 health-zone table; corrected to avoid reporting-year/hospitalised-count extraction errors.
2026-07-04,2026-07,Ituri,Mongbwalu,nv8tx681Gjd,278,141.0,2.120204140000084,29.46395014319073,SitRep N51/MVB,2026-07-04,Verified from uploaded SitRep N51 health-zone table; corrected to avoid reporting-year/hospitalised-count extraction errors.
2026-07-04,2026-07,Ituri,Nia-Nia,,12,5.0,,,SitRep N51/MVB,2026-07-04,Verified from uploaded SitRep N51 health-zone table; corrected to avoid reporting-year/hospitalised-count extraction errors.
2026-07-04,2026-07,Ituri,Nizi,TCE5waEW7Fi,72,19.0,1.7491092545000129,30.29386589242562,SitRep N51/MVB,2026-07-04,Verified from uploaded SitRep N51 health-zone table; corrected to avoid reporting-year/hospitalised-count extraction errors.
2026-07-04,2026-07,Ituri,Nyankunde,mGTaa8TFifO,95,17.0,1.4866449679154434,29.933917392135683,SitRep N51/MVB,2026-07-04,Verified from uploaded SitRep N51 health-zone table; corrected to avoid reporting-year/hospitalised-count extraction errors.
2026-07-04,2026-07,Ituri,Rimba,a2aJcbwnjoK,3,0.0,2.2214134000000456,30.706000954123333,SitRep N51/MVB,2026-07-04,Verified from uploaded SitRep N51 health-zone table; corrected to avoid reporting-year/hospitalised-count extraction errors.
2026-07-04,2026-07,Ituri,Rwampara,vPxN2nZnBXK,344,71.0,1.5710652340000308,30.08327315923981,SitRep N51/MVB,2026-07-04,Verified from uploaded SitRep N51 health-zone table; corrected to avoid reporting-year/hospitalised-count extraction errors.
2026-07-04,2026-07,Ituri,Tchomia,rhj4btTd3i0,15,2.0,1.5216207475000374,30.468986199294,SitRep N51/MVB,2026-07-04,Verified from uploaded SitRep N51 health-zone table; corrected to avoid reporting-year/hospitalised-count extraction errors.
2026-07-04,2026-07,Nord-Kivu,Beni,msg2MyMGhKv,29,17.0,0.493171248666955,29.51358389763662,SitRep N51/MVB,2026-07-04,Verified from uploaded SitRep N51 health-zone table; corrected to avoid reporting-year/hospitalised-count extraction errors.
2026-07-04,2026-07,Nord-Kivu,Butembo,foR0DRLqtdJ,40,18.0,0.1465342500003714,29.251277502423125,SitRep N51/MVB,2026-07-04,Verified from uploaded SitRep N51 health-zone table; corrected to avoid reporting-year/hospitalised-count extraction errors.
2026-07-04,2026-07,Nord-Kivu,Goma,t8tjGKVhkl3,1,0.0,-1.6528676989999551,29.17826328304752,SitRep N51/MVB,2026-07-04,Verified from uploaded SitRep N51 health-zone table; corrected to avoid reporting-year/hospitalised-count extraction errors.
2026-07-04,2026-07,Nord-Kivu,Kalunguta,XoJ3dLz68aj,2,1.0,0.3266166500000906,29.34622252068664,SitRep N51/MVB,2026-07-04,Verified from uploaded SitRep N51 health-zone table; corrected to avoid reporting-year/hospitalised-count extraction errors.
2026-07-04,2026-07,Nord-Kivu,Katwa,woJBeEpIZdy,52,38.0,0.1198993135112445,29.32416416638681,SitRep N51/MVB,2026-07-04,Verified from uploaded SitRep N51 health-zone table; corrected to avoid reporting-year/hospitalised-count extraction errors.
2026-07-04,2026-07,Nord-Kivu,Kyondo,amGiV9h9C2I,4,2.0,0.0132661619471709,29.50420270117476,SitRep N51/MVB,2026-07-04,Verified from uploaded SitRep N51 health-zone table; corrected to avoid reporting-year/hospitalised-count extraction errors.
2026-07-04,2026-07,Nord-Kivu,Mabalako,svtAZQ9nVl0,1,0.0,0.5045215710000548,29.19392959948652,SitRep N51/MVB,2026-07-04,Verified from uploaded SitRep N51 health-zone table; corrected to avoid reporting-year/hospitalised-count extraction errors.
2026-07-04,2026-07,Nord-Kivu,Masereka,kQCMPbHKQ93,2,0.0,-0.1092755664999742,29.327512197678764,SitRep N51/MVB,2026-07-04,Verified from uploaded SitRep N51 health-zone table; corrected to avoid reporting-year/hospitalised-count extraction errors.
2026-07-04,2026-07,Nord-Kivu,Musienene,VooLsNf0dDB,6,2.0,0.0725136590002364,28.35327518112168,SitRep N51/MVB,2026-07-04,Verified from uploaded SitRep N51 health-zone table; corrected to avoid reporting-year/hospitalised-count extraction errors.
2026-07-04,2026-07,Nord-Kivu,Oicha,zOOAshOz4Cz,3,2.0,0.7639879778753311,29.54704482375912,SitRep N51/MVB,2026-07-04,Verified from uploaded SitRep N51 health-zone table; corrected to avoid reporting-year/hospitalised-count extraction errors.
2026-07-04,2026-07,Nord-Kivu,Vuhovi,,1,1.0,,,SitRep N51/MVB,2026-07-04,Verified from uploaded SitRep N51 health-zone table; corrected to avoid reporting-year/hospitalised-count extraction errors.
2026-07-04,2026-07,Sud-Kivu,Miti-Murhesa,cXkCT53xxfk,3,1.0,-2.39067,28.72098,SitRep N51/MVB,2026-07-04,Verified from uploaded SitRep N51 health-zone table; corrected to avoid reporting-year/hospitalised-count extraction errors.
2026-07-05,2026-07,Ituri,Aru,v8PqffapuVl,3,1.0,2.859042986322321,30.833681049566664,SitRep N52/MVB,2026-07-05,Automatically extracted from INSP SitRep PDF; validated against total cumulative cases. Rows without dashboard geometry are retained in totals but hidden on the case map. Parsed from vertically rendered table.
2026-07-05,2026-07,Ituri,Aungba,DFcltLEKLxj,6,2.0,2.5670708830760702,30.592536320311343,SitRep N52/MVB,2026-07-05,Automatically extracted from INSP SitRep PDF; validated against total cumulative cases. Rows without dashboard geometry are retained in totals but hidden on the case map. Parsed from vertically rendered table.
2026-07-05,2026-07,Ituri,Bambu,Uc3GqWS8C0w,25,6.0,1.8633970955000336,30.20627592724413,SitRep N52/MVB,2026-07-05,Automatically extracted from INSP SitRep PDF; validated against total cumulative cases. Rows without dashboard geometry are retained in totals but hidden on the case map. Parsed from vertically rendered table.
2026-07-05,2026-07,Ituri,Bunia,GPi6i83o7l6,452,121.0,1.607713140500067,30.282078091482003,SitRep N52/MVB,2026-07-05,Automatically extracted from INSP SitRep PDF; validated against total cumulative cases. Rows without dashboard geometry are retained in totals but hidden on the case map. Parsed from vertically rendered table.
2026-07-05,2026-07,Ituri,Damas,ApdB8z3Wrxt,5,0.0,2.1976361605001387,30.22934640858644,SitRep N52/MVB,2026-07-05,Automatically extracted from INSP SitRep PDF; validated against total cumulative cases. Rows without dashboard geometry are retained in totals but hidden on the case map. Parsed from vertically rendered table.
2026-07-05,2026-07,Ituri,Drodro,OIhgsXcZf6x,3,3.0,1.7484347510000475,30.586912835820826,SitRep N52/MVB,2026-07-05,Automatically extracted from INSP SitRep PDF; validated against total cumulative cases. Rows without dashboard geometry are retained in totals but hidden on the case map. Parsed from vertically rendered table.
2026-07-05,2026-07,Ituri,Fataki,FDNwbfrJhkA,2,0.0,1.9004797405000888,30.565348794325672,SitRep N52/MVB,2026-07-05,Automatically extracted from INSP SitRep PDF; validated against total cumulative cases. Rows without dashboard geometry are retained in totals but hidden on the case map. Parsed from vertically rendered table.
2026-07-05,2026-07,Ituri,Gety,X8zFJ7DJlRD,1,0.0,1.253148786140514,30.189368117956285,SitRep N52/MVB,2026-07-05,Automatically extracted from INSP SitRep PDF; validated against total cumulative cases. Rows without dashboard geometry are retained in totals but hidden on the case map. Parsed from vertically rendered table.
2026-07-05,2026-07,Ituri,Kambala,SkEKQLSulmp,2,2.0,2.313255370000064,30.54737129473464,SitRep N52/MVB,2026-07-05,Automatically extracted from INSP SitRep PDF; validated against total cumulative cases. Rows without dashboard geometry are retained in totals but hidden on the case map. Parsed from vertically rendered table.
2026-07-05,2026-07,Ituri,Kilo,sbyWSsdZ3tj,9,1.0,1.7598275375000298,30.080701985660504,SitRep N52/MVB,2026-07-05,Automatically extracted from INSP SitRep PDF; validated against total cumulative cases. Rows without dashboard geometry are retained in totals but hidden on the case map. Parsed from vertically rendered table.
2026-07-05,2026-07,Ituri,Komanda,i2mtQy4nTmD,22,8.0,1.1261791000000585,29.62557262065517,SitRep N52/MVB,2026-07-05,Automatically extracted from INSP SitRep PDF; validated against total cumulative cases. Rows without dashboard geometry are retained in totals but hidden on the case map. Parsed from vertically rendered table.
2026-07-05,2026-07,Ituri,Lita,xGWcGHazqtw,33,12.0,1.588332974500048,30.38710948970807,SitRep N52/MVB,2026-07-05,Automatically extracted from INSP SitRep PDF; validated against total cumulative cases. Rows without dashboard geometry are retained in totals but hidden on the case map. Parsed from vertically rendered table.
2026-07-05,2026-07,Ituri,Logo,qqGoQGSp1Dw,7,0.0,2.155727226000039,30.877556277526388,SitRep N52/MVB,2026-07-05,Automatically extracted from INSP SitRep PDF; validated against total cumulative cases. Rows without dashboard geometry are retained in totals but hidden on the case map. Parsed from vertically rendered table.
2026-07-05,2026-07,Ituri,Lolwa,xp3Y1OXHZLj,1,1.0,1.4666692450000482,29.46470993607435,SitRep N52/MVB,2026-07-05,Automatically extracted from INSP SitRep PDF; validated against total cumulative cases. Rows without dashboard geometry are retained in totals but hidden on the case map. Parsed from vertically rendered table.
2026-07-05,2026-07,Ituri,Mambasa,RjHZChl5gJQ,2,1.0,1.4290391459577108,28.62314089055854,SitRep N52/MVB,2026-07-05,Automatically extracted from INSP SitRep PDF; validated against total cumulative cases. Rows without dashboard geometry are retained in totals but hidden on the case map. Parsed from vertically rendered table.
2026-07-05,2026-07,Ituri,Mandima,YpXUkTbtAPA,4,1.0,0.9848691425853816,29.17200687013976,SitRep N52/MVB,2026-07-05,Automatically extracted from INSP SitRep PDF; validated against total cumulative cases. Rows without dashboard geometry are retained in totals but hidden on the case map. Parsed from vertically rendered table.
2026-07-05,2026-07,Ituri,Mongbwalu,nv8tx681Gjd,288,149.0,2.120204140000084,29.46395014319073,SitRep N52/MVB,2026-07-05,Automatically extracted from INSP SitRep PDF; validated against total cumulative cases. Rows without dashboard geometry are retained in totals but hidden on the case map. Parsed from vertically rendered table.
2026-07-05,2026-07,Ituri,Nizi,TCE5waEW7Fi,78,19.0,1.7491092545000129,30.29386589242562,SitRep N52/MVB,2026-07-05,Automatically extracted from INSP SitRep PDF; validated against total cumulative cases. Rows without dashboard geometry are retained in totals but hidden on the case map. Parsed from vertically rendered table.
2026-07-05,2026-07,Ituri,Nyankunde,mGTaa8TFifO,96,19.0,1.4866449679154434,29.933917392135683,SitRep N52/MVB,2026-07-05,Automatically extracted from INSP SitRep PDF; validated against total cumulative cases. Rows without dashboard geometry are retained in totals but hidden on the case map. Parsed from vertically rendered table.
2026-07-05,2026-07,Ituri,Rimba,a2aJcbwnjoK,4,0.0,2.2214134000000456,30.706000954123333,SitRep N52/MVB,2026-07-05,Automatically extracted from INSP SitRep PDF; validated against total cumulative cases. Rows without dashboard geometry are retained in totals but hidden on the case map. Parsed from vertically rendered table.
2026-07-05,2026-07,Ituri,Rwampara,vPxN2nZnBXK,349,72.0,1.5710652340000308,30.08327315923981,SitRep N52/MVB,2026-07-05,Automatically extracted from INSP SitRep PDF; validated against total cumulative cases. Rows without dashboard geometry are retained in totals but hidden on the case map. Parsed from vertically rendered table.
2026-07-05,2026-07,Ituri,Tchomia,rhj4btTd3i0,15,2.0,1.5216207475000374,30.468986199294,SitRep N52/MVB,2026-07-05,Automatically extracted from INSP SitRep PDF; validated against total cumulative cases. Rows without dashboard geometry are retained in totals but hidden on the case map. Parsed from vertically rendered table.
2026-07-05,2026-07,Nord-Kivu,Beni,msg2MyMGhKv,29,17.0,0.493171248666955,29.51358389763662,SitRep N52/MVB,2026-07-05,Automatically extracted from INSP SitRep PDF; validated against total cumulative cases. Rows without dashboard geometry are retained in totals but hidden on the case map. Parsed from vertically rendered table.
2026-07-05,2026-07,Nord-Kivu,Butembo,foR0DRLqtdJ,40,18.0,0.1465342500003714,29.251277502423125,SitRep N52/MVB,2026-07-05,Automatically extracted from INSP SitRep PDF; validated against total cumulative cases. Rows without dashboard geometry are retained in totals but hidden on the case map. Parsed from vertically rendered table.
2026-07-05,2026-07,Nord-Kivu,Goma,t8tjGKVhkl3,1,0.0,-1.6528676989999551,29.17826328304752,SitRep N52/MVB,2026-07-05,Automatically extracted from INSP SitRep PDF; validated against total cumulative cases. Rows without dashboard geometry are retained in totals but hidden on the case map. Parsed from vertically rendered table.
2026-07-05,2026-07,Nord-Kivu,Kalunguta,XoJ3dLz68aj,2,1.0,0.3266166500000906,29.34622252068664,SitRep N52/MVB,2026-07-05,Automatically extracted from INSP SitRep PDF; validated against total cumulative cases. Rows without dashboard geometry are retained in totals but hidden on the case map. Parsed from vertically rendered table.
2026-07-05,2026-07,Nord-Kivu,Katwa,woJBeEpIZdy,52,38.0,0.1198993135112445,29.32416416638681,SitRep N52/MVB,2026-07-05,Automatically extracted from INSP SitRep PDF; validated against total cumulative cases. Rows without dashboard geometry are retained in totals but hidden on the case map. Parsed from vertically rendered table.
2026-07-05,2026-07,Nord-Kivu,Kyondo,amGiV9h9C2I,4,2.0,0.0132661619471709,29.50420270117476,SitRep N52/MVB,2026-07-05,Automatically extracted from INSP SitRep PDF; validated against total cumulative cases. Rows without dashboard geometry are retained in totals but hidden on the case map. Parsed from vertically rendered table.
2026-07-05,2026-07,Nord-Kivu,Mabalako,svtAZQ9nVl0,1,0.0,0.5045215710000548,29.19392959948652,SitRep N52/MVB,2026-07-05,Automatically extracted from INSP SitRep PDF; validated against total cumulative cases. Rows without dashboard geometry are retained in totals but hidden on the case map. Parsed from vertically rendered table.
2026-07-05,2026-07,Nord-Kivu,Masereka,kQCMPbHKQ93,3,0.0,-0.1092755664999742,29.327512197678764,SitRep N52/MVB,2026-07-05,Automatically extracted from INSP SitRep PDF; validated against total cumulative cases. Rows without dashboard geometry are retained in totals but hidden on the case map. Parsed from vertically rendered table.
2026-07-05,2026-07,Nord-Kivu,Musienene,VooLsNf0dDB,8,2.0,0.0725136590002364,28.35327518112168,SitRep N52/MVB,2026-07-05,Automatically extracted from INSP SitRep PDF; validated against total cumulative cases. Rows without dashboard geometry are retained in totals but hidden on the case map. Parsed from vertically rendered table.
2026-07-05,2026-07,Nord-Kivu,Oicha,zOOAshOz4Cz,3,2.0,0.7639879778753311,29.54704482375912,SitRep N52/MVB,2026-07-05,Automatically extracted from INSP SitRep PDF; validated against total cumulative cases. Rows without dashboard geometry are retained in totals but hidden on the case map. Parsed from vertically rendered table.
2026-07-05,2026-07,,Mangala,,33,14.0,,,SitRep N52/MVB,2026-07-05,Automatically extracted from INSP SitRep PDF; validated against total cumulative cases. Rows without dashboard geometry are retained in totals but hidden on the case map. Parsed from vertically rendered table.
2026-07-05,2026-07,,Miti-Murhesa,,3,1.0,,,SitRep N52/MVB,2026-07-05,Automatically extracted from INSP SitRep PDF; validated against total cumulative cases. Rows without dashboard geometry are retained in totals but hidden on the case map. Parsed from vertically rendered table.
2026-07-05,2026-07,,Vuhovi,,1,1.0,,,SitRep N52/MVB,2026-07-05,Automatically extracted from INSP SitRep PDF; validated against total cumulative cases. Rows without dashboard geometry are retained in totals but hidden on the case map. Parsed from vertically rendered table.
2026-07-06,2026-07,Ituri,Aru,v8PqffapuVl,3,1.0,2.859042986322321,30.833681049566664,SitRep N53/MVB,2026-07-06,Verified from uploaded SitRep N53 Table 2. Rows without dashboard geometry are retained in totals but hidden on the case map.
2026-07-06,2026-07,Ituri,Aungba,DFcltLEKLxj,6,2.0,2.5670708830760702,30.592536320311343,SitRep N53/MVB,2026-07-06,Verified from uploaded SitRep N53 Table 2. Rows without dashboard geometry are retained in totals but hidden on the case map.
2026-07-06,2026-07,Ituri,Bambu,Uc3GqWS8C0w,28,9.0,1.8633970955000336,30.20627592724413,SitRep N53/MVB,2026-07-06,Verified from uploaded SitRep N53 Table 2. Rows without dashboard geometry are retained in totals but hidden on the case map.
2026-07-06,2026-07,Ituri,Boga,rLadlFjzCh7,1,1.0,0.9822493237397868,30.00346149291752,SitRep N53/MVB,2026-07-06,Verified from uploaded SitRep N53 Table 2. Rows without dashboard geometry are retained in totals but hidden on the case map.
2026-07-06,2026-07,Ituri,Bunia,GPi6i83o7l6,472,134.0,1.607713140500067,30.282078091482003,SitRep N53/MVB,2026-07-06,Verified from uploaded SitRep N53 Table 2. Rows without dashboard geometry are retained in totals but hidden on the case map.
2026-07-06,2026-07,Ituri,Damas,ApdB8z3Wrxt,5,0.0,2.1976361605001387,30.22934640858644,SitRep N53/MVB,2026-07-06,Verified from uploaded SitRep N53 Table 2. Rows without dashboard geometry are retained in totals but hidden on the case map.
2026-07-06,2026-07,Ituri,Drodro,OIhgsXcZf6x,3,3.0,1.7484347510000475,30.586912835820826,SitRep N53/MVB,2026-07-06,Verified from uploaded SitRep N53 Table 2. Rows without dashboard geometry are retained in totals but hidden on the case map.
2026-07-06,2026-07,Ituri,Fataki,FDNwbfrJhkA,3,1.0,1.9004797405000888,30.565348794325672,SitRep N53/MVB,2026-07-06,Verified from uploaded SitRep N53 Table 2. Rows without dashboard geometry are retained in totals but hidden on the case map.
2026-07-06,2026-07,Ituri,Gety,X8zFJ7DJlRD,1,0.0,1.253148786140514,30.189368117956285,SitRep N53/MVB,2026-07-06,Verified from uploaded SitRep N53 Table 2. Rows without dashboard geometry are retained in totals but hidden on the case map.
2026-07-06,2026-07,Ituri,Kambala,SkEKQLSulmp,2,2.0,2.313255370000064,30.54737129473464,SitRep N53/MVB,2026-07-06,Verified from uploaded SitRep N53 Table 2. Rows without dashboard geometry are retained in totals but hidden on the case map.
2026-07-06,2026-07,Ituri,Kilo,sbyWSsdZ3tj,9,1.0,1.7598275375000298,30.080701985660504,SitRep N53/MVB,2026-07-06,Verified from uploaded SitRep N53 Table 2. Rows without dashboard geometry are retained in totals but hidden on the case map.
2026-07-06,2026-07,Ituri,Komanda,i2mtQy4nTmD,23,8.0,1.1261791000000585,29.62557262065517,SitRep N53/MVB,2026-07-06,Verified from uploaded SitRep N53 Table 2. Rows without dashboard geometry are retained in totals but hidden on the case map.
2026-07-06,2026-07,Ituri,Lita,xGWcGHazqtw,40,16.0,1.588332974500048,30.38710948970807,SitRep N53/MVB,2026-07-06,Verified from uploaded SitRep N53 Table 2. Rows without dashboard geometry are retained in totals but hidden on the case map.
2026-07-06,2026-07,Ituri,Logo,qqGoQGSp1Dw,7,0.0,2.155727226000039,30.877556277526388,SitRep N53/MVB,2026-07-06,Verified from uploaded SitRep N53 Table 2. Rows without dashboard geometry are retained in totals but hidden on the case map.
2026-07-06,2026-07,Ituri,Lolwa,xp3Y1OXHZLj,1,1.0,1.4666692450000482,29.46470993607435,SitRep N53/MVB,2026-07-06,Verified from uploaded SitRep N53 Table 2. Rows without dashboard geometry are retained in totals but hidden on the case map.
2026-07-06,2026-07,Ituri,Mambasa,RjHZChl5gJQ,4,3.0,1.4290391459577108,28.62314089055854,SitRep N53/MVB,2026-07-06,Verified from uploaded SitRep N53 Table 2. Rows without dashboard geometry are retained in totals but hidden on the case map.
2026-07-06,2026-07,Ituri,Mandima,YpXUkTbtAPA,5,2.0,0.9848691425853816,29.17200687013976,SitRep N53/MVB,2026-07-06,Verified from uploaded SitRep N53 Table 2. Rows without dashboard geometry are retained in totals but hidden on the case map.
2026-07-06,2026-07,Ituri,Mangala,,39,20.0,,,SitRep N53/MVB,2026-07-06,Verified from uploaded SitRep N53 Table 2. Rows without dashboard geometry are retained in totals but hidden on the case map.
2026-07-06,2026-07,Ituri,Mongbwalu,nv8tx681Gjd,298,154.0,2.120204140000084,29.46395014319073,SitRep N53/MVB,2026-07-06,Verified from uploaded SitRep N53 Table 2. Rows without dashboard geometry are retained in totals but hidden on the case map.
2026-07-06,2026-07,Ituri,Nia-Nia,,33,12.0,,,SitRep N53/MVB,2026-07-06,Verified from uploaded SitRep N53 Table 2. Rows without dashboard geometry are retained in totals but hidden on the case map.
2026-07-06,2026-07,Ituri,Nizi,TCE5waEW7Fi,84,24.0,1.7491092545000129,30.29386589242562,SitRep N53/MVB,2026-07-06,Verified from uploaded SitRep N53 Table 2. Rows without dashboard geometry are retained in totals but hidden on the case map.
2026-07-06,2026-07,Ituri,Nyankunde,mGTaa8TFifO,96,20.0,1.4866449679154434,29.933917392135683,SitRep N53/MVB,2026-07-06,Verified from uploaded SitRep N53 Table 2. Rows without dashboard geometry are retained in totals but hidden on the case map.
2026-07-06,2026-07,Ituri,Rimba,a2aJcbwnjoK,4,0.0,2.2214134000000456,30.706000954123333,SitRep N53/MVB,2026-07-06,Verified from uploaded SitRep N53 Table 2. Rows without dashboard geometry are retained in totals but hidden on the case map.
2026-07-06,2026-07,Ituri,Rwampara,vPxN2nZnBXK,357,75.0,1.5710652340000308,30.08327315923981,SitRep N53/MVB,2026-07-06,Verified from uploaded SitRep N53 Table 2. Rows without dashboard geometry are retained in totals but hidden on the case map.
2026-07-06,2026-07,Ituri,Tchomia,rhj4btTd3i0,15,2.0,1.5216207475000374,30.468986199294,SitRep N53/MVB,2026-07-06,Verified from uploaded SitRep N53 Table 2. Rows without dashboard geometry are retained in totals but hidden on the case map.
2026-07-06,2026-07,Nord-Kivu,Beni,msg2MyMGhKv,29,19.0,0.493171248666955,29.51358389763662,SitRep N53/MVB,2026-07-06,Verified from uploaded SitRep N53 Table 2. Rows without dashboard geometry are retained in totals but hidden on the case map.
2026-07-06,2026-07,Nord-Kivu,Butembo,foR0DRLqtdJ,41,20.0,0.1465342500003714,29.251277502423125,SitRep N53/MVB,2026-07-06,Verified from uploaded SitRep N53 Table 2. Rows without dashboard geometry are retained in totals but hidden on the case map.
2026-07-06,2026-07,Nord-Kivu,Goma,t8tjGKVhkl3,1,0.0,-1.6528676989999551,29.17826328304752,SitRep N53/MVB,2026-07-06,Verified from uploaded SitRep N53 Table 2. Rows without dashboard geometry are retained in totals but hidden on the case map.
2026-07-06,2026-07,Nord-Kivu,Kalunguta,XoJ3dLz68aj,2,1.0,0.3266166500000906,29.34622252068664,SitRep N53/MVB,2026-07-06,Verified from uploaded SitRep N53 Table 2. Rows without dashboard geometry are retained in totals but hidden on the case map.
2026-07-06,2026-07,Nord-Kivu,Katwa,woJBeEpIZdy,56,41.0,0.1198993135112445,29.32416416638681,SitRep N53/MVB,2026-07-06,Verified from uploaded SitRep N53 Table 2. Rows without dashboard geometry are retained in totals but hidden on the case map.
2026-07-06,2026-07,Nord-Kivu,Kyondo,amGiV9h9C2I,4,2.0,0.0132661619471709,29.50420270117476,SitRep N53/MVB,2026-07-06,Verified from uploaded SitRep N53 Table 2. Rows without dashboard geometry are retained in totals but hidden on the case map.
2026-07-06,2026-07,Nord-Kivu,Mabalako,svtAZQ9nVl0,1,0.0,0.5045215710000548,29.19392959948652,SitRep N53/MVB,2026-07-06,Verified from uploaded SitRep N53 Table 2. Rows without dashboard geometry are retained in totals but hidden on the case map.
2026-07-06,2026-07,Nord-Kivu,Masereka,kQCMPbHKQ93,3,0.0,-0.1092755664999742,29.327512197678764,SitRep N53/MVB,2026-07-06,Verified from uploaded SitRep N53 Table 2. Rows without dashboard geometry are retained in totals but hidden on the case map.
2026-07-06,2026-07,Nord-Kivu,Musienene,VooLsNf0dDB,8,2.0,0.0725136590002364,28.35327518112168,SitRep N53/MVB,2026-07-06,Verified from uploaded SitRep N53 Table 2. Rows without dashboard geometry are retained in totals but hidden on the case map.
2026-07-06,2026-07,Nord-Kivu,Oicha,zOOAshOz4Cz,3,2.0,0.7639879778753311,29.54704482375912,SitRep N53/MVB,2026-07-06,Verified from uploaded SitRep N53 Table 2. Rows without dashboard geometry are retained in totals but hidden on the case map.
2026-07-06,2026-07,Nord-Kivu,Vuhovi,,1,1.0,,,SitRep N53/MVB,2026-07-06,Verified from uploaded SitRep N53 Table 2. Rows without dashboard geometry are retained in totals but hidden on the case map.
2026-07-06,2026-07,Sud-Kivu,Miti-Murhesa,cXkCT53xxfk,3,1.0,-2.39067,28.72098,SitRep N53/MVB,2026-07-06,Verified from uploaded SitRep N53 Table 2. Rows without dashboard geometry are retained in totals but hidden on the case map.
2026-07-07,2026-07,Ituri,Aru,v8PqffapuVl,3,1.0,2.859042986322321,30.833681049566664,SitRep N54/MVB,2026-07-07,Automatically extracted from INSP SitRep PDF; validated against total cumulative cases. Rows without dashboard geometry are retained in totals but hidden on the case map. Parsed from vertically rendered table.
2026-07-07,2026-07,Ituri,Aungba,DFcltLEKLxj,6,2.0,2.5670708830760702,30.592536320311343,SitRep N54/MVB,2026-07-07,Automatically extracted from INSP SitRep PDF; validated against total cumulative cases. Rows without dashboard geometry are retained in totals but hidden on the case map. Parsed from vertically rendered table.
2026-07-07,2026-07,Ituri,Bambu,Uc3GqWS8C0w,28,9.0,1.8633970955000336,30.20627592724413,SitRep N54/MVB,2026-07-07,Automatically extracted from INSP SitRep PDF; validated against total cumulative cases. Rows without dashboard geometry are retained in totals but hidden on the case map. Parsed from vertically rendered table.
2026-07-07,2026-07,Ituri,Boga,rLadlFjzCh7,1,1.0,0.9822493237397868,30.00346149291752,SitRep N54/MVB,2026-07-07,Automatically extracted from INSP SitRep PDF; validated against total cumulative cases. Rows without dashboard geometry are retained in totals but hidden on the case map. Parsed from vertically rendered table.
2026-07-07,2026-07,Ituri,Bunia,GPi6i83o7l6,483,137.0,1.607713140500067,30.282078091482003,SitRep N54/MVB,2026-07-07,Automatically extracted from INSP SitRep PDF; validated against total cumulative cases. Rows without dashboard geometry are retained in totals but hidden on the case map. Parsed from vertically rendered table.
2026-07-07,2026-07,Ituri,Damas,ApdB8z3Wrxt,5,0.0,2.1976361605001387,30.22934640858644,SitRep N54/MVB,2026-07-07,Automatically extracted from INSP SitRep PDF; validated against total cumulative cases. Rows without dashboard geometry are retained in totals but hidden on the case map. Parsed from vertically rendered table.
2026-07-07,2026-07,Ituri,Drodro,OIhgsXcZf6x,3,3.0,1.7484347510000475,30.586912835820826,SitRep N54/MVB,2026-07-07,Automatically extracted from INSP SitRep PDF; validated against total cumulative cases. Rows without dashboard geometry are retained in totals but hidden on the case map. Parsed from vertically rendered table.
2026-07-07,2026-07,Ituri,Fataki,FDNwbfrJhkA,4,1.0,1.9004797405000888,30.565348794325672,SitRep N54/MVB,2026-07-07,Automatically extracted from INSP SitRep PDF; validated against total cumulative cases. Rows without dashboard geometry are retained in totals but hidden on the case map. Parsed from vertically rendered table.
2026-07-07,2026-07,Ituri,Gety,X8zFJ7DJlRD,1,0.0,1.253148786140514,30.189368117956285,SitRep N54/MVB,2026-07-07,Automatically extracted from INSP SitRep PDF; validated against total cumulative cases. Rows without dashboard geometry are retained in totals but hidden on the case map. Parsed from vertically rendered table.
2026-07-07,2026-07,Ituri,Kambala,SkEKQLSulmp,2,2.0,2.313255370000064,30.54737129473464,SitRep N54/MVB,2026-07-07,Automatically extracted from INSP SitRep PDF; validated against total cumulative cases. Rows without dashboard geometry are retained in totals but hidden on the case map. Parsed from vertically rendered table.
2026-07-07,2026-07,Ituri,Kilo,sbyWSsdZ3tj,9,1.0,1.7598275375000298,30.080701985660504,SitRep N54/MVB,2026-07-07,Automatically extracted from INSP SitRep PDF; validated against total cumulative cases. Rows without dashboard geometry are retained in totals but hidden on the case map. Parsed from vertically rendered table.
2026-07-07,2026-07,Ituri,Komanda,i2mtQy4nTmD,23,8.0,1.1261791000000585,29.62557262065517,SitRep N54/MVB,2026-07-07,Automatically extracted from INSP SitRep PDF; validated against total cumulative cases. Rows without dashboard geometry are retained in totals but hidden on the case map. Parsed from vertically rendered table.
2026-07-07,2026-07,Ituri,Lita,xGWcGHazqtw,40,16.0,1.588332974500048,30.38710948970807,SitRep N54/MVB,2026-07-07,Automatically extracted from INSP SitRep PDF; validated against total cumulative cases. Rows without dashboard geometry are retained in totals but hidden on the case map. Parsed from vertically rendered table.
2026-07-07,2026-07,Ituri,Logo,qqGoQGSp1Dw,7,0.0,2.155727226000039,30.877556277526388,SitRep N54/MVB,2026-07-07,Automatically extracted from INSP SitRep PDF; validated against total cumulative cases. Rows without dashboard geometry are retained in totals but hidden on the case map. Parsed from vertically rendered table.
2026-07-07,2026-07,Ituri,Lolwa,xp3Y1OXHZLj,1,1.0,1.4666692450000482,29.46470993607435,SitRep N54/MVB,2026-07-07,Automatically extracted from INSP SitRep PDF; validated against total cumulative cases. Rows without dashboard geometry are retained in totals but hidden on the case map. Parsed from vertically rendered table.
2026-07-07,2026-07,Ituri,Mambasa,RjHZChl5gJQ,4,3.0,1.4290391459577108,28.62314089055854,SitRep N54/MVB,2026-07-07,Automatically extracted from INSP SitRep PDF; validated against total cumulative cases. Rows without dashboard geometry are retained in totals but hidden on the case map. Parsed from vertically rendered table.
2026-07-07,2026-07,Ituri,Mandima,YpXUkTbtAPA,5,2.0,0.9848691425853816,29.17200687013976,SitRep N54/MVB,2026-07-07,Automatically extracted from INSP SitRep PDF; validated against total cumulative cases. Rows without dashboard geometry are retained in totals but hidden on the case map. Parsed from vertically rendered table.
2026-07-07,2026-07,Ituri,Mongbwalu,nv8tx681Gjd,310,165.0,2.120204140000084,29.46395014319073,SitRep N54/MVB,2026-07-07,Automatically extracted from INSP SitRep PDF; validated against total cumulative cases. Rows without dashboard geometry are retained in totals but hidden on the case map. Parsed from vertically rendered table.
2026-07-07,2026-07,Ituri,Nizi,TCE5waEW7Fi,94,28.0,1.7491092545000129,30.29386589242562,SitRep N54/MVB,2026-07-07,Automatically extracted from INSP SitRep PDF; validated against total cumulative cases. Rows without dashboard geometry are retained in totals but hidden on the case map. Parsed from vertically rendered table.
2026-07-07,2026-07,Ituri,Nyankunde,mGTaa8TFifO,97,20.0,1.4866449679154434,29.933917392135683,SitRep N54/MVB,2026-07-07,Automatically extracted from INSP SitRep PDF; validated against total cumulative cases. Rows without dashboard geometry are retained in totals but hidden on the case map. Parsed from vertically rendered table.
2026-07-07,2026-07,Ituri,Rimba,a2aJcbwnjoK,4,0.0,2.2214134000000456,30.706000954123333,SitRep N54/MVB,2026-07-07,Automatically extracted from INSP SitRep PDF; validated against total cumulative cases. Rows without dashboard geometry are retained in totals but hidden on the case map. Parsed from vertically rendered table.
2026-07-07,2026-07,Ituri,Rwampara,vPxN2nZnBXK,364,76.0,1.5710652340000308,30.08327315923981,SitRep N54/MVB,2026-07-07,Automatically extracted from INSP SitRep PDF; validated against total cumulative cases. Rows without dashboard geometry are retained in totals but hidden on the case map. Parsed from vertically rendered table.
2026-07-07,2026-07,Ituri,Tchomia,rhj4btTd3i0,15,2.0,1.5216207475000374,30.468986199294,SitRep N54/MVB,2026-07-07,Automatically extracted from INSP SitRep PDF; validated against total cumulative cases. Rows without dashboard geometry are retained in totals but hidden on the case map. Parsed from vertically rendered table.
2026-07-07,2026-07,Nord-Kivu,Beni,msg2MyMGhKv,29,19.0,0.493171248666955,29.51358389763662,SitRep N54/MVB,2026-07-07,Automatically extracted from INSP SitRep PDF; validated against total cumulative cases. Rows without dashboard geometry are retained in totals but hidden on the case map. Parsed from vertically rendered table.
2026-07-07,2026-07,Nord-Kivu,Butembo,foR0DRLqtdJ,42,20.0,0.1465342500003714,29.251277502423125,SitRep N54/MVB,2026-07-07,Automatically extracted from INSP SitRep PDF; validated against total cumulative cases. Rows without dashboard geometry are retained in totals but hidden on the case map. Parsed from vertically rendered table.
2026-07-07,2026-07,Nord-Kivu,Goma,t8tjGKVhkl3,1,0.0,-1.6528676989999551,29.17826328304752,SitRep N54/MVB,2026-07-07,Automatically extracted from INSP SitRep PDF; validated against total cumulative cases. Rows without dashboard geometry are retained in totals but hidden on the case map. Parsed from vertically rendered table.
2026-07-07,2026-07,Nord-Kivu,Kalunguta,XoJ3dLz68aj,2,1.0,0.3266166500000906,29.34622252068664,SitRep N54/MVB,2026-07-07,Automatically extracted from INSP SitRep PDF; validated against total cumulative cases. Rows without dashboard geometry are retained in totals but hidden on the case map. Parsed from vertically rendered table.
2026-07-07,2026-07,Nord-Kivu,Katwa,woJBeEpIZdy,61,41.0,0.1198993135112445,29.32416416638681,SitRep N54/MVB,2026-07-07,Automatically extracted from INSP SitRep PDF; validated against total cumulative cases. Rows without dashboard geometry are retained in totals but hidden on the case map. Parsed from vertically rendered table.
2026-07-07,2026-07,Nord-Kivu,Kyondo,amGiV9h9C2I,4,2.0,0.0132661619471709,29.50420270117476,SitRep N54/MVB,2026-07-07,Automatically extracted from INSP SitRep PDF; validated against total cumulative cases. Rows without dashboard geometry are retained in totals but hidden on the case map. Parsed from vertically rendered table.
2026-07-07,2026-07,Nord-Kivu,Mabalako,svtAZQ9nVl0,1,0.0,0.5045215710000548,29.19392959948652,SitRep N54/MVB,2026-07-07,Automatically extracted from INSP SitRep PDF; validated against total cumulative cases. Rows without dashboard geometry are retained in totals but hidden on the case map. Parsed from vertically rendered table.
2026-07-07,2026-07,Nord-Kivu,Masereka,kQCMPbHKQ93,3,0.0,-0.1092755664999742,29.327512197678764,SitRep N54/MVB,2026-07-07,Automatically extracted from INSP SitRep PDF; validated against total cumulative cases. Rows without dashboard geometry are retained in totals but hidden on the case map. Parsed from vertically rendered table.
2026-07-07,2026-07,Nord-Kivu,Musienene,VooLsNf0dDB,8,2.0,0.0725136590002364,28.35327518112168,SitRep N54/MVB,2026-07-07,Automatically extracted from INSP SitRep PDF; validated against total cumulative cases. Rows without dashboard geometry are retained in totals but hidden on the case map. Parsed from vertically rendered table.
2026-07-07,2026-07,Nord-Kivu,Oicha,zOOAshOz4Cz,3,2.0,0.7639879778753311,29.54704482375912,SitRep N54/MVB,2026-07-07,Automatically extracted from INSP SitRep PDF; validated against total cumulative cases. Rows without dashboard geometry are retained in totals but hidden on the case map. Parsed from vertically rendered table.
2026-07-07,2026-07,,Mangala,,40,20.0,,,SitRep N54/MVB,2026-07-07,Automatically extracted from INSP SitRep PDF; validated against total cumulative cases. Rows without dashboard geometry are retained in totals but hidden on the case map. Parsed from vertically rendered table.
2026-07-07,2026-07,,Miti-Murhesa,,3,1.0,,,SitRep N54/MVB,2026-07-07,Automatically extracted from INSP SitRep PDF; validated against total cumulative cases. Rows without dashboard geometry are retained in totals but hidden on the case map. Parsed from vertically rendered table.
2026-07-07,2026-07,,Vuhovi,,1,1.0,,,SitRep N54/MVB,2026-07-07,Automatically extracted from INSP SitRep PDF; validated against total cumulative cases. Rows without dashboard geometry are retained in totals but hidden on the case map. Parsed from vertically rendered table.
2026-07-08,2026-07,Ituri,Aru,v8PqffapuVl,3,1.0,2.859042986322321,30.833681049566664,SitRep N55/MVB,2026-07-08,Automatically extracted from INSP SitRep PDF; validated against total cumulative cases. Rows without dashboard geometry are retained in totals but hidden on the case map. Parsed from vertically rendered table.
2026-07-08,2026-07,Ituri,Aungba,DFcltLEKLxj,6,2.0,2.5670708830760702,30.592536320311343,SitRep N55/MVB,2026-07-08,Automatically extracted from INSP SitRep PDF; validated against total cumulative cases. Rows without dashboard geometry are retained in totals but hidden on the case map. Parsed from vertically rendered table.
2026-07-08,2026-07,Ituri,Bambu,Uc3GqWS8C0w,29,10.0,1.8633970955000336,30.20627592724413,SitRep N55/MVB,2026-07-08,Automatically extracted from INSP SitRep PDF; validated against total cumulative cases. Rows without dashboard geometry are retained in totals but hidden on the case map. Parsed from vertically rendered table.
2026-07-08,2026-07,Ituri,Boga,rLadlFjzCh7,1,1.0,0.9822493237397868,30.00346149291752,SitRep N55/MVB,2026-07-08,Automatically extracted from INSP SitRep PDF; validated against total cumulative cases. Rows without dashboard geometry are retained in totals but hidden on the case map. Parsed from vertically rendered table.
2026-07-08,2026-07,Ituri,Bunia,GPi6i83o7l6,487,141.0,1.607713140500067,30.282078091482003,SitRep N55/MVB,2026-07-08,Automatically extracted from INSP SitRep PDF; validated against total cumulative cases. Rows without dashboard geometry are retained in totals but hidden on the case map. Parsed from vertically rendered table.
2026-07-08,2026-07,Ituri,Damas,ApdB8z3Wrxt,5,0.0,2.1976361605001387,30.22934640858644,SitRep N55/MVB,2026-07-08,Automatically extracted from INSP SitRep PDF; validated against total cumulative cases. Rows without dashboard geometry are retained in totals but hidden on the case map. Parsed from vertically rendered table.
2026-07-08,2026-07,Ituri,Drodro,OIhgsXcZf6x,3,3.0,1.7484347510000475,30.586912835820826,SitRep N55/MVB,2026-07-08,Automatically extracted from INSP SitRep PDF; validated against total cumulative cases. Rows without dashboard geometry are retained in totals but hidden on the case map. Parsed from vertically rendered table.
2026-07-08,2026-07,Ituri,Fataki,FDNwbfrJhkA,4,1.0,1.9004797405000888,30.565348794325672,SitRep N55/MVB,2026-07-08,Automatically extracted from INSP SitRep PDF; validated against total cumulative cases. Rows without dashboard geometry are retained in totals but hidden on the case map. Parsed from vertically rendered table.
2026-07-08,2026-07,Ituri,Gety,X8zFJ7DJlRD,1,0.0,1.253148786140514,30.189368117956285,SitRep N55/MVB,2026-07-08,Automatically extracted from INSP SitRep PDF; validated against total cumulative cases. Rows without dashboard geometry are retained in totals but hidden on the case map. Parsed from vertically rendered table.
2026-07-08,2026-07,Ituri,Kambala,SkEKQLSulmp,2,2.0,2.313255370000064,30.54737129473464,SitRep N55/MVB,2026-07-08,Automatically extracted from INSP SitRep PDF; validated against total cumulative cases. Rows without dashboard geometry are retained in totals but hidden on the case map. Parsed from vertically rendered table.
2026-07-08,2026-07,Ituri,Kilo,sbyWSsdZ3tj,9,1.0,1.7598275375000298,30.080701985660504,SitRep N55/MVB,2026-07-08,Automatically extracted from INSP SitRep PDF; validated against total cumulative cases. Rows without dashboard geometry are retained in totals but hidden on the case map. Parsed from vertically rendered table.
2026-07-08,2026-07,Ituri,Komanda,i2mtQy4nTmD,23,8.0,1.1261791000000585,29.62557262065517,SitRep N55/MVB,2026-07-08,Automatically extracted from INSP SitRep PDF; validated against total cumulative cases. Rows without dashboard geometry are retained in totals but hidden on the case map. Parsed from vertically rendered table.
2026-07-08,2026-07,Ituri,Lita,xGWcGHazqtw,41,16.0,1.588332974500048,30.38710948970807,SitRep N55/MVB,2026-07-08,Automatically extracted from INSP SitRep PDF; validated against total cumulative cases. Rows without dashboard geometry are retained in totals but hidden on the case map. Parsed from vertically rendered table.
2026-07-08,2026-07,Ituri,Logo,qqGoQGSp1Dw,7,0.0,2.155727226000039,30.877556277526388,SitRep N55/MVB,2026-07-08,Automatically extracted from INSP SitRep PDF; validated against total cumulative cases. Rows without dashboard geometry are retained in totals but hidden on the case map. Parsed from vertically rendered table.
2026-07-08,2026-07,Ituri,Lolwa,xp3Y1OXHZLj,1,1.0,1.4666692450000482,29.46470993607435,SitRep N55/MVB,2026-07-08,Automatically extracted from INSP SitRep PDF; validated against total cumulative cases. Rows without dashboard geometry are retained in totals but hidden on the case map. Parsed from vertically rendered table.
2026-07-08,2026-07,Ituri,Mambasa,RjHZChl5gJQ,4,3.0,1.4290391459577108,28.62314089055854,SitRep N55/MVB,2026-07-08,Automatically extracted from INSP SitRep PDF; validated against total cumulative cases. Rows without dashboard geometry are retained in totals but hidden on the case map. Parsed from vertically rendered table.
2026-07-08,2026-07,Ituri,Mandima,YpXUkTbtAPA,5,2.0,0.9848691425853816,29.17200687013976,SitRep N55/MVB,2026-07-08,Automatically extracted from INSP SitRep PDF; validated against total cumulative cases. Rows without dashboard geometry are retained in totals but hidden on the case map. Parsed from vertically rendered table.
2026-07-08,2026-07,Ituri,Mongbwalu,nv8tx681Gjd,315,167.0,2.120204140000084,29.46395014319073,SitRep N55/MVB,2026-07-08,Automatically extracted from INSP SitRep PDF; validated against total cumulative cases. Rows without dashboard geometry are retained in totals but hidden on the case map. Parsed from vertically rendered table.
2026-07-08,2026-07,Ituri,Nizi,TCE5waEW7Fi,104,36.0,1.7491092545000129,30.29386589242562,SitRep N55/MVB,2026-07-08,Automatically extracted from INSP SitRep PDF; validated against total cumulative cases. Rows without dashboard geometry are retained in totals but hidden on the case map. Parsed from vertically rendered table.
2026-07-08,2026-07,Ituri,Nyankunde,mGTaa8TFifO,97,22.0,1.4866449679154434,29.933917392135683,SitRep N55/MVB,2026-07-08,Automatically extracted from INSP SitRep PDF; validated against total cumulative cases. Rows without dashboard geometry are retained in totals but hidden on the case map. Parsed from vertically rendered table.
2026-07-08,2026-07,Ituri,Rimba,a2aJcbwnjoK,4,0.0,2.2214134000000456,30.706000954123333,SitRep N55/MVB,2026-07-08,Automatically extracted from INSP SitRep PDF; validated against total cumulative cases. Rows without dashboard geometry are retained in totals but hidden on the case map. Parsed from vertically rendered table.
2026-07-08,2026-07,Ituri,Rwampara,vPxN2nZnBXK,370,80.0,1.5710652340000308,30.08327315923981,SitRep N55/MVB,2026-07-08,Automatically extracted from INSP SitRep PDF; validated against total cumulative cases. Rows without dashboard geometry are retained in totals but hidden on the case map. Parsed from vertically rendered table.
2026-07-08,2026-07,Ituri,Tchomia,rhj4btTd3i0,15,2.0,1.5216207475000374,30.468986199294,SitRep N55/MVB,2026-07-08,Automatically extracted from INSP SitRep PDF; validated against total cumulative cases. Rows without dashboard geometry are retained in totals but hidden on the case map. Parsed from vertically rendered table.
2026-07-08,2026-07,Nord-Kivu,Beni,msg2MyMGhKv,29,19.0,0.493171248666955,29.51358389763662,SitRep N55/MVB,2026-07-08,Automatically extracted from INSP SitRep PDF; validated against total cumulative cases. Rows without dashboard geometry are retained in totals but hidden on the case map. Parsed from vertically rendered table.
2026-07-08,2026-07,Nord-Kivu,Butembo,foR0DRLqtdJ,42,20.0,0.1465342500003714,29.251277502423125,SitRep N55/MVB,2026-07-08,Automatically extracted from INSP SitRep PDF; validated against total cumulative cases. Rows without dashboard geometry are retained in totals but hidden on the case map. Parsed from vertically rendered table.
2026-07-08,2026-07,Nord-Kivu,Goma,t8tjGKVhkl3,1,0.0,-1.6528676989999551,29.17826328304752,SitRep N55/MVB,2026-07-08,Automatically extracted from INSP SitRep PDF; validated against total cumulative cases. Rows without dashboard geometry are retained in totals but hidden on the case map. Parsed from vertically rendered table.
2026-07-08,2026-07,Nord-Kivu,Kalunguta,XoJ3dLz68aj,2,1.0,0.3266166500000906,29.34622252068664,SitRep N55/MVB,2026-07-08,Automatically extracted from INSP SitRep PDF; validated against total cumulative cases. Rows without dashboard geometry are retained in totals but hidden on the case map. Parsed from vertically rendered table.
2026-07-08,2026-07,Nord-Kivu,Katwa,woJBeEpIZdy,61,41.0,0.1198993135112445,29.32416416638681,SitRep N55/MVB,2026-07-08,Automatically extracted from INSP SitRep PDF; validated against total cumulative cases. Rows without dashboard geometry are retained in totals but hidden on the case map. Parsed from vertically rendered table.
2026-07-08,2026-07,Nord-Kivu,Kyondo,amGiV9h9C2I,4,2.0,0.0132661619471709,29.50420270117476,SitRep N55/MVB,2026-07-08,Automatically extracted from INSP SitRep PDF; validated against total cumulative cases. Rows without dashboard geometry are retained in totals but hidden on the case map. Parsed from vertically rendered table.
2026-07-08,2026-07,Nord-Kivu,Mabalako,svtAZQ9nVl0,1,0.0,0.5045215710000548,29.19392959948652,SitRep N55/MVB,2026-07-08,Automatically extracted from INSP SitRep PDF; validated against total cumulative cases. Rows without dashboard geometry are retained in totals but hidden on the case map. Parsed from vertically rendered table.
2026-07-08,2026-07,Nord-Kivu,Masereka,kQCMPbHKQ93,3,0.0,-0.1092755664999742,29.327512197678764,SitRep N55/MVB,2026-07-08,Automatically extracted from INSP SitRep PDF; validated against total cumulative cases. Rows without dashboard geometry are retained in totals but hidden on the case map. Parsed from vertically rendered table.
2026-07-08,2026-07,Nord-Kivu,Musienene,VooLsNf0dDB,8,2.0,0.0725136590002364,28.35327518112168,SitRep N55/MVB,2026-07-08,Automatically extracted from INSP SitRep PDF; validated against total cumulative cases. Rows without dashboard geometry are retained in totals but hidden on the case map. Parsed from vertically rendered table.
2026-07-08,2026-07,Nord-Kivu,Oicha,zOOAshOz4Cz,3,2.0,0.7639879778753311,29.54704482375912,SitRep N55/MVB,2026-07-08,Automatically extracted from INSP SitRep PDF; validated against total cumulative cases. Rows without dashboard geometry are retained in totals but hidden on the case map. Parsed from vertically rendered table.
2026-07-08,2026-07,,Mangala,,43,23.0,,,SitRep N55/MVB,2026-07-08,Automatically extracted from INSP SitRep PDF; validated against total cumulative cases. Rows without dashboard geometry are retained in totals but hidden on the case map. Parsed from vertically rendered table.
2026-07-08,2026-07,,Miti-Murhesa,,3,1.0,,,SitRep N55/MVB,2026-07-08,Automatically extracted from INSP SitRep PDF; validated against total cumulative cases. Rows without dashboard geometry are retained in totals but hidden on the case map. Parsed from vertically rendered table.
2026-07-08,2026-07,,Vuhovi,,1,1.0,,,SitRep N55/MVB,2026-07-08,Automatically extracted from INSP SitRep PDF; validated against total cumulative cases. Rows without dashboard geometry are retained in totals but hidden on the case map. Parsed from vertically rendered table.
2026-07-09,2026-07,Ituri,Aru,v8PqffapuVl,3,1.0,2.859042986322321,30.833681049566664,SitRep N56/MVB,2026-07-09,Automatically extracted from INSP SitRep PDF; validated against total cumulative cases. Rows without dashboard geometry are retained in totals but hidden on the case map. Parsed from vertically rendered table.
2026-07-09,2026-07,Ituri,Aungba,DFcltLEKLxj,6,2.0,2.5670708830760702,30.592536320311343,SitRep N56/MVB,2026-07-09,Automatically extracted from INSP SitRep PDF; validated against total cumulative cases. Rows without dashboard geometry are retained in totals but hidden on the case map. Parsed from vertically rendered table.
2026-07-09,2026-07,Ituri,Bambu,Uc3GqWS8C0w,29,10.0,1.8633970955000336,30.20627592724413,SitRep N56/MVB,2026-07-09,Automatically extracted from INSP SitRep PDF; validated against total cumulative cases. Rows without dashboard geometry are retained in totals but hidden on the case map. Parsed from vertically rendered table.
2026-07-09,2026-07,Ituri,Boga,rLadlFjzCh7,1,1.0,0.9822493237397868,30.00346149291752,SitRep N56/MVB,2026-07-09,Automatically extracted from INSP SitRep PDF; validated against total cumulative cases. Rows without dashboard geometry are retained in totals but hidden on the case map. Parsed from vertically rendered table.
2026-07-09,2026-07,Ituri,Bunia,GPi6i83o7l6,495,149.0,1.607713140500067,30.282078091482003,SitRep N56/MVB,2026-07-09,Automatically extracted from INSP SitRep PDF; validated against total cumulative cases. Rows without dashboard geometry are retained in totals but hidden on the case map. Parsed from vertically rendered table.
2026-07-09,2026-07,Ituri,Damas,ApdB8z3Wrxt,5,0.0,2.1976361605001387,30.22934640858644,SitRep N56/MVB,2026-07-09,Automatically extracted from INSP SitRep PDF; validated against total cumulative cases. Rows without dashboard geometry are retained in totals but hidden on the case map. Parsed from vertically rendered table.
2026-07-09,2026-07,Ituri,Drodro,OIhgsXcZf6x,3,3.0,1.7484347510000475,30.586912835820826,SitRep N56/MVB,2026-07-09,Automatically extracted from INSP SitRep PDF; validated against total cumulative cases. Rows without dashboard geometry are retained in totals but hidden on the case map. Parsed from vertically rendered table.
2026-07-09,2026-07,Ituri,Fataki,FDNwbfrJhkA,4,1.0,1.9004797405000888,30.565348794325672,SitRep N56/MVB,2026-07-09,Automatically extracted from INSP SitRep PDF; validated against total cumulative cases. Rows without dashboard geometry are retained in totals but hidden on the case map. Parsed from vertically rendered table.
2026-07-09,2026-07,Ituri,Gety,X8zFJ7DJlRD,1,0.0,1.253148786140514,30.189368117956285,SitRep N56/MVB,2026-07-09,Automatically extracted from INSP SitRep PDF; validated against total cumulative cases. Rows without dashboard geometry are retained in totals but hidden on the case map. Parsed from vertically rendered table.
2026-07-09,2026-07,Ituri,Kambala,SkEKQLSulmp,2,2.0,2.313255370000064,30.54737129473464,SitRep N56/MVB,2026-07-09,Automatically extracted from INSP SitRep PDF; validated against total cumulative cases. Rows without dashboard geometry are retained in totals but hidden on the case map. Parsed from vertically rendered table.
2026-07-09,2026-07,Ituri,Kilo,sbyWSsdZ3tj,9,1.0,1.7598275375000298,30.080701985660504,SitRep N56/MVB,2026-07-09,Automatically extracted from INSP SitRep PDF; validated against total cumulative cases. Rows without dashboard geometry are retained in totals but hidden on the case map. Parsed from vertically rendered table.
2026-07-09,2026-07,Ituri,Komanda,i2mtQy4nTmD,25,8.0,1.1261791000000585,29.62557262065517,SitRep N56/MVB,2026-07-09,Automatically extracted from INSP SitRep PDF; validated against total cumulative cases. Rows without dashboard geometry are retained in totals but hidden on the case map. Parsed from vertically rendered table.
2026-07-09,2026-07,Ituri,Lita,xGWcGHazqtw,42,17.0,1.588332974500048,30.38710948970807,SitRep N56/MVB,2026-07-09,Automatically extracted from INSP SitRep PDF; validated against total cumulative cases. Rows without dashboard geometry are retained in totals but hidden on the case map. Parsed from vertically rendered table.
2026-07-09,2026-07,Ituri,Logo,qqGoQGSp1Dw,7,0.0,2.155727226000039,30.877556277526388,SitRep N56/MVB,2026-07-09,Automatically extracted from INSP SitRep PDF; validated against total cumulative cases. Rows without dashboard geometry are retained in totals but hidden on the case map. Parsed from vertically rendered table.
2026-07-09,2026-07,Ituri,Lolwa,xp3Y1OXHZLj,1,1.0,1.4666692450000482,29.46470993607435,SitRep N56/MVB,2026-07-09,Automatically extracted from INSP SitRep PDF; validated against total cumulative cases. Rows without dashboard geometry are retained in totals but hidden on the case map. Parsed from vertically rendered table.
2026-07-09,2026-07,Ituri,Mambasa,RjHZChl5gJQ,5,4.0,1.4290391459577108,28.62314089055854,SitRep N56/MVB,2026-07-09,Automatically extracted from INSP SitRep PDF; validated against total cumulative cases. Rows without dashboard geometry are retained in totals but hidden on the case map. Parsed from vertically rendered table.
2026-07-09,2026-07,Ituri,Mandima,YpXUkTbtAPA,5,2.0,0.9848691425853816,29.17200687013976,SitRep N56/MVB,2026-07-09,Automatically extracted from INSP SitRep PDF; validated against total cumulative cases. Rows without dashboard geometry are retained in totals but hidden on the case map. Parsed from vertically rendered table.
2026-07-09,2026-07,Ituri,Mongbwalu,nv8tx681Gjd,327,170.0,2.120204140000084,29.46395014319073,SitRep N56/MVB,2026-07-09,Automatically extracted from INSP SitRep PDF; validated against total cumulative cases. Rows without dashboard geometry are retained in totals but hidden on the case map. Parsed from vertically rendered table.
2026-07-09,2026-07,Ituri,Nizi,TCE5waEW7Fi,107,36.0,1.7491092545000129,30.29386589242562,SitRep N56/MVB,2026-07-09,Automatically extracted from INSP SitRep PDF; validated against total cumulative cases. Rows without dashboard geometry are retained in totals but hidden on the case map. Parsed from vertically rendered table.
2026-07-09,2026-07,Ituri,Nyankunde,mGTaa8TFifO,97,22.0,1.4866449679154434,29.933917392135683,SitRep N56/MVB,2026-07-09,Automatically extracted from INSP SitRep PDF; validated against total cumulative cases. Rows without dashboard geometry are retained in totals but hidden on the case map. Parsed from vertically rendered table.
2026-07-09,2026-07,Ituri,Rimba,a2aJcbwnjoK,4,0.0,2.2214134000000456,30.706000954123333,SitRep N56/MVB,2026-07-09,Automatically extracted from INSP SitRep PDF; validated against total cumulative cases. Rows without dashboard geometry are retained in totals but hidden on the case map. Parsed from vertically rendered table.
2026-07-09,2026-07,Ituri,Rwampara,vPxN2nZnBXK,373,83.0,1.5710652340000308,30.08327315923981,SitRep N56/MVB,2026-07-09,Automatically extracted from INSP SitRep PDF; validated against total cumulative cases. Rows without dashboard geometry are retained in totals but hidden on the case map. Parsed from vertically rendered table.
2026-07-09,2026-07,Ituri,Tchomia,rhj4btTd3i0,17,4.0,1.5216207475000374,30.468986199294,SitRep N56/MVB,2026-07-09,Automatically extracted from INSP SitRep PDF; validated against total cumulative cases. Rows without dashboard geometry are retained in totals but hidden on the case map. Parsed from vertically rendered table.
2026-07-09,2026-07,Nord-Kivu,Beni,msg2MyMGhKv,30,20.0,0.493171248666955,29.51358389763662,SitRep N56/MVB,2026-07-09,Automatically extracted from INSP SitRep PDF; validated against total cumulative cases. Rows without dashboard geometry are retained in totals but hidden on the case map. Parsed from vertically rendered table.
2026-07-09,2026-07,Nord-Kivu,Butembo,foR0DRLqtdJ,43,20.0,0.1465342500003714,29.251277502423125,SitRep N56/MVB,2026-07-09,Automatically extracted from INSP SitRep PDF; validated against total cumulative cases. Rows without dashboard geometry are retained in totals but hidden on the case map. Parsed from vertically rendered table.
2026-07-09,2026-07,Nord-Kivu,Goma,t8tjGKVhkl3,1,0.0,-1.6528676989999551,29.17826328304752,SitRep N56/MVB,2026-07-09,Automatically extracted from INSP SitRep PDF; validated against total cumulative cases. Rows without dashboard geometry are retained in totals but hidden on the case map. Parsed from vertically rendered table.
2026-07-09,2026-07,Nord-Kivu,Kalunguta,XoJ3dLz68aj,2,1.0,0.3266166500000906,29.34622252068664,SitRep N56/MVB,2026-07-09,Automatically extracted from INSP SitRep PDF; validated against total cumulative cases. Rows without dashboard geometry are retained in totals but hidden on the case map. Parsed from vertically rendered table.
2026-07-09,2026-07,Nord-Kivu,Katwa,woJBeEpIZdy,66,45.0,0.1198993135112445,29.32416416638681,SitRep N56/MVB,2026-07-09,Automatically extracted from INSP SitRep PDF; validated against total cumulative cases. Rows without dashboard geometry are retained in totals but hidden on the case map. Parsed from vertically rendered table.
2026-07-09,2026-07,Nord-Kivu,Kyondo,amGiV9h9C2I,5,3.0,0.0132661619471709,29.50420270117476,SitRep N56/MVB,2026-07-09,Automatically extracted from INSP SitRep PDF; validated against total cumulative cases. Rows without dashboard geometry are retained in totals but hidden on the case map. Parsed from vertically rendered table.
2026-07-09,2026-07,Nord-Kivu,Mabalako,svtAZQ9nVl0,1,0.0,0.5045215710000548,29.19392959948652,SitRep N56/MVB,2026-07-09,Automatically extracted from INSP SitRep PDF; validated against total cumulative cases. Rows without dashboard geometry are retained in totals but hidden on the case map. Parsed from vertically rendered table.
2026-07-09,2026-07,Nord-Kivu,Masereka,kQCMPbHKQ93,3,0.0,-0.1092755664999742,29.327512197678764,SitRep N56/MVB,2026-07-09,Automatically extracted from INSP SitRep PDF; validated against total cumulative cases. Rows without dashboard geometry are retained in totals but hidden on the case map. Parsed from vertically rendered table.
2026-07-09,2026-07,Nord-Kivu,Musienene,VooLsNf0dDB,9,2.0,0.0725136590002364,28.35327518112168,SitRep N56/MVB,2026-07-09,Automatically extracted from INSP SitRep PDF; validated against total cumulative cases. Rows without dashboard geometry are retained in totals but hidden on the case map. Parsed from vertically rendered table.
2026-07-09,2026-07,Nord-Kivu,Oicha,zOOAshOz4Cz,3,2.0,0.7639879778753311,29.54704482375912,SitRep N56/MVB,2026-07-09,Automatically extracted from INSP SitRep PDF; validated against total cumulative cases. Rows without dashboard geometry are retained in totals but hidden on the case map. Parsed from vertically rendered table.
2026-07-09,2026-07,,Mangala,,43,23.0,,,SitRep N56/MVB,2026-07-09,Automatically extracted from INSP SitRep PDF; validated against total cumulative cases. Rows without dashboard geometry are retained in totals but hidden on the case map. Parsed from vertically rendered table.
2026-07-09,2026-07,,Miti-Murhesa,,3,1.0,,,SitRep N56/MVB,2026-07-09,Automatically extracted from INSP SitRep PDF; validated against total cumulative cases. Rows without dashboard geometry are retained in totals but hidden on the case map. Parsed from vertically rendered table.
2026-07-09,2026-07,,Vuhovi,,1,1.0,,,SitRep N56/MVB,2026-07-09,Automatically extracted from INSP SitRep PDF; validated against total cumulative cases. Rows without dashboard geometry are retained in totals but hidden on the case map. Parsed from vertically rendered table.
2026-07-10,2026-07,Ituri,Aru,v8PqffapuVl,3,1.0,2.859042986322321,30.833681049566664,SitRep N57/MVB,2026-07-10,Verified/backfilled from uploaded SitRep Table 2. Rows without dashboard geometry are retained for totals but may not appear on the map.
2026-07-10,2026-07,Ituri,Aungba,DFcltLEKLxj,6,2.0,2.5670708830760702,30.592536320311343,SitRep N57/MVB,2026-07-10,Verified/backfilled from uploaded SitRep Table 2. Rows without dashboard geometry are retained for totals but may not appear on the map.
2026-07-10,2026-07,Ituri,Bambu,Uc3GqWS8C0w,31,10.0,1.8633970955000336,30.20627592724413,SitRep N57/MVB,2026-07-10,Verified/backfilled from uploaded SitRep Table 2. Rows without dashboard geometry are retained for totals but may not appear on the map.
2026-07-10,2026-07,Ituri,Boga,rLadlFjzCh7,1,1.0,0.9822493237397868,30.00346149291752,SitRep N57/MVB,2026-07-10,Verified/backfilled from uploaded SitRep Table 2. Rows without dashboard geometry are retained for totals but may not appear on the map.
2026-07-10,2026-07,Ituri,Bunia,GPi6i83o7l6,503,156.0,1.607713140500067,30.282078091482003,SitRep N57/MVB,2026-07-10,Verified/backfilled from uploaded SitRep Table 2. Rows without dashboard geometry are retained for totals but may not appear on the map.
2026-07-10,2026-07,Ituri,Damas,ApdB8z3Wrxt,5,0.0,2.1976361605001387,30.22934640858644,SitRep N57/MVB,2026-07-10,Verified/backfilled from uploaded SitRep Table 2. Rows without dashboard geometry are retained for totals but may not appear on the map.
2026-07-10,2026-07,Ituri,Drodro,OIhgsXcZf6x,4,3.0,1.7484347510000475,30.586912835820826,SitRep N57/MVB,2026-07-10,Verified/backfilled from uploaded SitRep Table 2. Rows without dashboard geometry are retained for totals but may not appear on the map.
2026-07-10,2026-07,Ituri,Fataki,FDNwbfrJhkA,4,1.0,1.9004797405000888,30.565348794325672,SitRep N57/MVB,2026-07-10,Verified/backfilled from uploaded SitRep Table 2. Rows without dashboard geometry are retained for totals but may not appear on the map.
2026-07-10,2026-07,Ituri,Gety,X8zFJ7DJlRD,1,0.0,1.253148786140514,30.189368117956285,SitRep N57/MVB,2026-07-10,Verified/backfilled from uploaded SitRep Table 2. Rows without dashboard geometry are retained for totals but may not appear on the map.
2026-07-10,2026-07,Ituri,Kambala,SkEKQLSulmp,2,2.0,2.313255370000064,30.54737129473464,SitRep N57/MVB,2026-07-10,Verified/backfilled from uploaded SitRep Table 2. Rows without dashboard geometry are retained for totals but may not appear on the map.
2026-07-10,2026-07,Ituri,Kilo,sbyWSsdZ3tj,9,1.0,1.7598275375000298,30.080701985660504,SitRep N57/MVB,2026-07-10,Verified/backfilled from uploaded SitRep Table 2. Rows without dashboard geometry are retained for totals but may not appear on the map.
2026-07-10,2026-07,Ituri,Komanda,i2mtQy4nTmD,25,8.0,1.1261791000000585,29.62557262065517,SitRep N57/MVB,2026-07-10,Verified/backfilled from uploaded SitRep Table 2. Rows without dashboard geometry are retained for totals but may not appear on the map.
2026-07-10,2026-07,Ituri,Lita,xGWcGHazqtw,45,19.0,1.588332974500048,30.38710948970807,SitRep N57/MVB,2026-07-10,Verified/backfilled from uploaded SitRep Table 2. Rows without dashboard geometry are retained for totals but may not appear on the map.
2026-07-10,2026-07,Ituri,Logo,qqGoQGSp1Dw,7,0.0,2.155727226000039,30.877556277526388,SitRep N57/MVB,2026-07-10,Verified/backfilled from uploaded SitRep Table 2. Rows without dashboard geometry are retained for totals but may not appear on the map.
2026-07-10,2026-07,Ituri,Lolwa,xp3Y1OXHZLj,1,1.0,1.4666692450000482,29.46470993607435,SitRep N57/MVB,2026-07-10,Verified/backfilled from uploaded SitRep Table 2. Rows without dashboard geometry are retained for totals but may not appear on the map.
2026-07-10,2026-07,Ituri,Mambasa,RjHZChl5gJQ,5,4.0,1.4290391459577108,28.62314089055854,SitRep N57/MVB,2026-07-10,Verified/backfilled from uploaded SitRep Table 2. Rows without dashboard geometry are retained for totals but may not appear on the map.
2026-07-10,2026-07,Ituri,Mandima,YpXUkTbtAPA,8,3.0,0.9848691425853816,29.17200687013976,SitRep N57/MVB,2026-07-10,Verified/backfilled from uploaded SitRep Table 2. Rows without dashboard geometry are retained for totals but may not appear on the map.
2026-07-10,2026-07,Ituri,Mangala,,50,29.0,,,SitRep N57/MVB,2026-07-10,Verified/backfilled from uploaded SitRep Table 2. Rows without dashboard geometry are retained for totals but may not appear on the map.
2026-07-10,2026-07,Ituri,Mongbwalu,nv8tx681Gjd,329,171.0,2.120204140000084,29.46395014319073,SitRep N57/MVB,2026-07-10,Verified/backfilled from uploaded SitRep Table 2. Rows without dashboard geometry are retained for totals but may not appear on the map.
2026-07-10,2026-07,Ituri,Nia-Nia,,35,13.0,,,SitRep N57/MVB,2026-07-10,Verified/backfilled from uploaded SitRep Table 2. Rows without dashboard geometry are retained for totals but may not appear on the map.
2026-07-10,2026-07,Ituri,Nizi,TCE5waEW7Fi,110,36.0,1.7491092545000129,30.29386589242562,SitRep N57/MVB,2026-07-10,Verified/backfilled from uploaded SitRep Table 2. Rows without dashboard geometry are retained for totals but may not appear on the map.
2026-07-10,2026-07,Ituri,Nyankunde,mGTaa8TFifO,97,23.0,1.4866449679154434,29.933917392135683,SitRep N57/MVB,2026-07-10,Verified/backfilled from uploaded SitRep Table 2. Rows without dashboard geometry are retained for totals but may not appear on the map.
2026-07-10,2026-07,Ituri,Rimba,a2aJcbwnjoK,4,0.0,2.2214134000000456,30.706000954123333,SitRep N57/MVB,2026-07-10,Verified/backfilled from uploaded SitRep Table 2. Rows without dashboard geometry are retained for totals but may not appear on the map.
2026-07-10,2026-07,Ituri,Rwampara,vPxN2nZnBXK,384,89.0,1.5710652340000308,30.08327315923981,SitRep N57/MVB,2026-07-10,Verified/backfilled from uploaded SitRep Table 2. Rows without dashboard geometry are retained for totals but may not appear on the map.
2026-07-10,2026-07,Ituri,Tchomia,rhj4btTd3i0,19,4.0,1.5216207475000374,30.468986199294,SitRep N57/MVB,2026-07-10,Verified/backfilled from uploaded SitRep Table 2. Rows without dashboard geometry are retained for totals but may not appear on the map.
2026-07-10,2026-07,Nord-Kivu,Beni,msg2MyMGhKv,30,20.0,0.493171248666955,29.51358389763662,SitRep N57/MVB,2026-07-10,Verified/backfilled from uploaded SitRep Table 2. Rows without dashboard geometry are retained for totals but may not appear on the map.
2026-07-10,2026-07,Nord-Kivu,Butembo,foR0DRLqtdJ,43,20.0,0.1465342500003714,29.251277502423125,SitRep N57/MVB,2026-07-10,Verified/backfilled from uploaded SitRep Table 2. Rows without dashboard geometry are retained for totals but may not appear on the map.
2026-07-10,2026-07,Nord-Kivu,Goma,t8tjGKVhkl3,1,0.0,-1.6528676989999551,29.17826328304752,SitRep N57/MVB,2026-07-10,Verified/backfilled from uploaded SitRep Table 2. Rows without dashboard geometry are retained for totals but may not appear on the map.
2026-07-10,2026-07,Nord-Kivu,Kalunguta,XoJ3dLz68aj,2,1.0,0.3266166500000906,29.34622252068664,SitRep N57/MVB,2026-07-10,Verified/backfilled from uploaded SitRep Table 2. Rows without dashboard geometry are retained for totals but may not appear on the map.
2026-07-10,2026-07,Nord-Kivu,Katwa,woJBeEpIZdy,67,45.0,0.1198993135112445,29.32416416638681,SitRep N57/MVB,2026-07-10,Verified/backfilled from uploaded SitRep Table 2. Rows without dashboard geometry are retained for totals but may not appear on the map.
2026-07-10,2026-07,Nord-Kivu,Kyondo,amGiV9h9C2I,5,3.0,0.0132661619471709,29.50420270117476,SitRep N57/MVB,2026-07-10,Verified/backfilled from uploaded SitRep Table 2. Rows without dashboard geometry are retained for totals but may not appear on the map.
2026-07-10,2026-07,Nord-Kivu,Mabalako,svtAZQ9nVl0,1,0.0,0.5045215710000548,29.19392959948652,SitRep N57/MVB,2026-07-10,Verified/backfilled from uploaded SitRep Table 2. Rows without dashboard geometry are retained for totals but may not appear on the map.
2026-07-10,2026-07,Nord-Kivu,Masereka,kQCMPbHKQ93,3,0.0,-0.1092755664999742,29.327512197678764,SitRep N57/MVB,2026-07-10,Verified/backfilled from uploaded SitRep Table 2. Rows without dashboard geometry are retained for totals but may not appear on the map.
2026-07-10,2026-07,Nord-Kivu,Musienene,VooLsNf0dDB,9,2.0,0.0725136590002364,28.35327518112168,SitRep N57/MVB,2026-07-10,Verified/backfilled from uploaded SitRep Table 2. Rows without dashboard geometry are retained for totals but may not appear on the map.
2026-07-10,2026-07,Nord-Kivu,Oicha,zOOAshOz4Cz,3,2.0,0.7639879778753311,29.54704482375912,SitRep N57/MVB,2026-07-10,Verified/backfilled from uploaded SitRep Table 2. Rows without dashboard geometry are retained for totals but may not appear on the map.
2026-07-10,2026-07,Nord-Kivu,Vuhovi,,1,1.0,,,SitRep N57/MVB,2026-07-10,Verified/backfilled from uploaded SitRep Table 2. Rows without dashboard geometry are retained for totals but may not appear on the map.
2026-07-10,2026-07,Sud-Kivu,Miti-Murhesa,cXkCT53xxfk,3,1.0,-2.39067,28.72098,SitRep N57/MVB,2026-07-10,Verified/backfilled from uploaded SitRep Table 2. Rows without dashboard geometry are retained for totals but may not appear on the map.
2026-07-11,2026-07,Haut-Uélé,Wamba,,1,1.0,,,SitRep N58/MVB,2026-07-11,Verified/backfilled from uploaded SitRep Table 2. Rows without dashboard geometry are retained for totals but may not appear on the map.
2026-07-11,2026-07,Ituri,Ariwara,,1,1.0,,,SitRep N58/MVB,2026-07-11,Verified/backfilled from uploaded SitRep Table 2. Rows without dashboard geometry are retained for totals but may not appear on the map.
2026-07-11,2026-07,Ituri,Aru,v8PqffapuVl,3,1.0,2.859042986322321,30.833681049566664,SitRep N58/MVB,2026-07-11,Verified/backfilled from uploaded SitRep Table 2. Rows without dashboard geometry are retained for totals but may not appear on the map.
2026-07-11,2026-07,Ituri,Aungba,DFcltLEKLxj,6,2.0,2.5670708830760702,30.592536320311343,SitRep N58/MVB,2026-07-11,Verified/backfilled from uploaded SitRep Table 2. Rows without dashboard geometry are retained for totals but may not appear on the map.
2026-07-11,2026-07,Ituri,Bambu,Uc3GqWS8C0w,31,10.0,1.8633970955000336,30.20627592724413,SitRep N58/MVB,2026-07-11,Verified/backfilled from uploaded SitRep Table 2. Rows without dashboard geometry are retained for totals but may not appear on the map.
2026-07-11,2026-07,Ituri,Boga,rLadlFjzCh7,1,1.0,0.9822493237397868,30.00346149291752,SitRep N58/MVB,2026-07-11,Verified/backfilled from uploaded SitRep Table 2. Rows without dashboard geometry are retained for totals but may not appear on the map.
2026-07-11,2026-07,Ituri,Bunia,GPi6i83o7l6,507,160.0,1.607713140500067,30.282078091482003,SitRep N58/MVB,2026-07-11,Verified/backfilled from uploaded SitRep Table 2. Rows without dashboard geometry are retained for totals but may not appear on the map.
2026-07-11,2026-07,Ituri,Damas,ApdB8z3Wrxt,5,0.0,2.1976361605001387,30.22934640858644,SitRep N58/MVB,2026-07-11,Verified/backfilled from uploaded SitRep Table 2. Rows without dashboard geometry are retained for totals but may not appear on the map.
2026-07-11,2026-07,Ituri,Drodro,OIhgsXcZf6x,4,3.0,1.7484347510000475,30.586912835820826,SitRep N58/MVB,2026-07-11,Verified/backfilled from uploaded SitRep Table 2. Rows without dashboard geometry are retained for totals but may not appear on the map.
2026-07-11,2026-07,Ituri,Fataki,FDNwbfrJhkA,4,1.0,1.9004797405000888,30.565348794325672,SitRep N58/MVB,2026-07-11,Verified/backfilled from uploaded SitRep Table 2. Rows without dashboard geometry are retained for totals but may not appear on the map.
2026-07-11,2026-07,Ituri,Gety,X8zFJ7DJlRD,1,0.0,1.253148786140514,30.189368117956285,SitRep N58/MVB,2026-07-11,Verified/backfilled from uploaded SitRep Table 2. Rows without dashboard geometry are retained for totals but may not appear on the map.
2026-07-11,2026-07,Ituri,Kambala,SkEKQLSulmp,2,2.0,2.313255370000064,30.54737129473464,SitRep N58/MVB,2026-07-11,Verified/backfilled from uploaded SitRep Table 2. Rows without dashboard geometry are retained for totals but may not appear on the map.
2026-07-11,2026-07,Ituri,Kilo,sbyWSsdZ3tj,9,1.0,1.7598275375000298,30.080701985660504,SitRep N58/MVB,2026-07-11,Verified/backfilled from uploaded SitRep Table 2. Rows without dashboard geometry are retained for totals but may not appear on the map.
2026-07-11,2026-07,Ituri,Komanda,i2mtQy4nTmD,27,8.0,1.1261791000000585,29.62557262065517,SitRep N58/MVB,2026-07-11,Verified/backfilled from uploaded SitRep Table 2. Rows without dashboard geometry are retained for totals but may not appear on the map.
2026-07-11,2026-07,Ituri,Lita,xGWcGHazqtw,48,19.0,1.588332974500048,30.38710948970807,SitRep N58/MVB,2026-07-11,Verified/backfilled from uploaded SitRep Table 2. Rows without dashboard geometry are retained for totals but may not appear on the map.
2026-07-11,2026-07,Ituri,Logo,qqGoQGSp1Dw,7,0.0,2.155727226000039,30.877556277526388,SitRep N58/MVB,2026-07-11,Verified/backfilled from uploaded SitRep Table 2. Rows without dashboard geometry are retained for totals but may not appear on the map.
2026-07-11,2026-07,Ituri,Lolwa,xp3Y1OXHZLj,1,1.0,1.4666692450000482,29.46470993607435,SitRep N58/MVB,2026-07-11,Verified/backfilled from uploaded SitRep Table 2. Rows without dashboard geometry are retained for totals but may not appear on the map.
2026-07-11,2026-07,Ituri,Mambasa,RjHZChl5gJQ,5,4.0,1.4290391459577108,28.62314089055854,SitRep N58/MVB,2026-07-11,Verified/backfilled from uploaded SitRep Table 2. Rows without dashboard geometry are retained for totals but may not appear on the map.
2026-07-11,2026-07,Ituri,Mandima,YpXUkTbtAPA,8,3.0,0.9848691425853816,29.17200687013976,SitRep N58/MVB,2026-07-11,Verified/backfilled from uploaded SitRep Table 2. Rows without dashboard geometry are retained for totals but may not appear on the map.
2026-07-11,2026-07,Ituri,Mangala,,50,29.0,,,SitRep N58/MVB,2026-07-11,Verified/backfilled from uploaded SitRep Table 2. Rows without dashboard geometry are retained for totals but may not appear on the map.
2026-07-11,2026-07,Ituri,Mongbwalu,nv8tx681Gjd,336,177.0,2.120204140000084,29.46395014319073,SitRep N58/MVB,2026-07-11,Verified/backfilled from uploaded SitRep Table 2. Rows without dashboard geometry are retained for totals but may not appear on the map.
2026-07-11,2026-07,Ituri,Nia-Nia,,36,12.0,,,SitRep N58/MVB,2026-07-11,Verified/backfilled from uploaded SitRep Table 2. Rows without dashboard geometry are retained for totals but may not appear on the map.
2026-07-11,2026-07,Ituri,Nizi,TCE5waEW7Fi,121,47.0,1.7491092545000129,30.29386589242562,SitRep N58/MVB,2026-07-11,Verified/backfilled from uploaded SitRep Table 2. Rows without dashboard geometry are retained for totals but may not appear on the map.
2026-07-11,2026-07,Ituri,Nyankunde,mGTaa8TFifO,99,25.0,1.4866449679154434,29.933917392135683,SitRep N58/MVB,2026-07-11,Verified/backfilled from uploaded SitRep Table 2. Rows without dashboard geometry are retained for totals but may not appear on the map.
2026-07-11,2026-07,Ituri,Rimba,a2aJcbwnjoK,4,0.0,2.2214134000000456,30.706000954123333,SitRep N58/MVB,2026-07-11,Verified/backfilled from uploaded SitRep Table 2. Rows without dashboard geometry are retained for totals but may not appear on the map.
2026-07-11,2026-07,Ituri,Rwampara,vPxN2nZnBXK,393,90.0,1.5710652340000308,30.08327315923981,SitRep N58/MVB,2026-07-11,Verified/backfilled from uploaded SitRep Table 2. Rows without dashboard geometry are retained for totals but may not appear on the map.
2026-07-11,2026-07,Ituri,Tchomia,rhj4btTd3i0,19,4.0,1.5216207475000374,30.468986199294,SitRep N58/MVB,2026-07-11,Verified/backfilled from uploaded SitRep Table 2. Rows without dashboard geometry are retained for totals but may not appear on the map.
2026-07-11,2026-07,Nord-Kivu,Beni,msg2MyMGhKv,30,20.0,0.493171248666955,29.51358389763662,SitRep N58/MVB,2026-07-11,Verified/backfilled from uploaded SitRep Table 2. Rows without dashboard geometry are retained for totals but may not appear on the map.
2026-07-11,2026-07,Nord-Kivu,Butembo,foR0DRLqtdJ,44,21.0,0.1465342500003714,29.251277502423125,SitRep N58/MVB,2026-07-11,Verified/backfilled from uploaded SitRep Table 2. Rows without dashboard geometry are retained for totals but may not appear on the map.
2026-07-11,2026-07,Nord-Kivu,Goma,t8tjGKVhkl3,1,0.0,-1.6528676989999551,29.17826328304752,SitRep N58/MVB,2026-07-11,Verified/backfilled from uploaded SitRep Table 2. Rows without dashboard geometry are retained for totals but may not appear on the map.
2026-07-11,2026-07,Nord-Kivu,Kalunguta,XoJ3dLz68aj,2,1.0,0.3266166500000906,29.34622252068664,SitRep N58/MVB,2026-07-11,Verified/backfilled from uploaded SitRep Table 2. Rows without dashboard geometry are retained for totals but may not appear on the map.
2026-07-11,2026-07,Nord-Kivu,Katwa,woJBeEpIZdy,71,47.0,0.1198993135112445,29.32416416638681,SitRep N58/MVB,2026-07-11,Verified/backfilled from uploaded SitRep Table 2. Rows without dashboard geometry are retained for totals but may not appear on the map.
2026-07-11,2026-07,Nord-Kivu,Kyondo,amGiV9h9C2I,7,3.0,0.0132661619471709,29.50420270117476,SitRep N58/MVB,2026-07-11,Verified/backfilled from uploaded SitRep Table 2. Rows without dashboard geometry are retained for totals but may not appear on the map.
2026-07-11,2026-07,Nord-Kivu,Mabalako,svtAZQ9nVl0,1,0.0,0.5045215710000548,29.19392959948652,SitRep N58/MVB,2026-07-11,Verified/backfilled from uploaded SitRep Table 2. Rows without dashboard geometry are retained for totals but may not appear on the map.
2026-07-11,2026-07,Nord-Kivu,Masereka,kQCMPbHKQ93,3,0.0,-0.1092755664999742,29.327512197678764,SitRep N58/MVB,2026-07-11,Verified/backfilled from uploaded SitRep Table 2. Rows without dashboard geometry are retained for totals but may not appear on the map.
2026-07-11,2026-07,Nord-Kivu,Musienene,VooLsNf0dDB,10,2.0,0.0725136590002364,28.35327518112168,SitRep N58/MVB,2026-07-11,Verified/backfilled from uploaded SitRep Table 2. Rows without dashboard geometry are retained for totals but may not appear on the map.
2026-07-11,2026-07,Nord-Kivu,Oicha,zOOAshOz4Cz,3,2.0,0.7639879778753311,29.54704482375912,SitRep N58/MVB,2026-07-11,Verified/backfilled from uploaded SitRep Table 2. Rows without dashboard geometry are retained for totals but may not appear on the map.
2026-07-11,2026-07,Nord-Kivu,Vuhovi,,1,1.0,,,SitRep N58/MVB,2026-07-11,Verified/backfilled from uploaded SitRep Table 2. Rows without dashboard geometry are retained for totals but may not appear on the map.
2026-07-11,2026-07,Sud-Kivu,Miti-Murhesa,cXkCT53xxfk,3,1.0,-2.39067,28.72098,SitRep N58/MVB,2026-07-11,Verified/backfilled from uploaded SitRep Table 2. Rows without dashboard geometry are retained for totals but may not appear on the map.
2026-07-11,2026-07,Tshopo,Lubunga,,1,0.0,,,SitRep N58/MVB,2026-07-11,Verified/backfilled from uploaded SitRep Table 2. Rows without dashboard geometry are retained for totals but may not appear on the map.
2026-07-11,2026-07,Tshopo,Makiso-Kisangani,,2,2.0,,,SitRep N58/MVB,2026-07-11,Verified/backfilled from uploaded SitRep Table 2. Rows without dashboard geometry are retained for totals but may not appear on the map.
2026-07-11,2026-07,Tshopo,Mangobo,,1,0.0,,,SitRep N58/MVB,2026-07-11,Verified/backfilled from uploaded SitRep Table 2. Rows without dashboard geometry are retained for totals but may not appear on the map.
2026-07-13,2026-07,Haut-Uélé,Boma Mangbetu,qwBasnNFRFW,2,1.0,2.2351428900001054,27.79291728128205,SitRep N60/MVB,2026-07-13,OpenAI-assisted fallback extraction from INSP SitRep PDF; used only after deterministic extraction failed validation. Rows without dashboard geometry are retained in totals but hidden on the case map.
2026-07-13,2026-07,Haut-Uélé,Isiro,lW6NlTXqGcv,1,1.0,2.398158594500046,27.318090299264888,SitRep N60/MVB,2026-07-13,OpenAI-assisted fallback extraction from INSP SitRep PDF; used only after deterministic extraction failed validation. Rows without dashboard geometry are retained in totals but hidden on the case map.
2026-07-13,2026-07,Haut-Uélé,Pawa,ZxQY9szHMx5,3,3.0,2.336214680000097,27.5370451072996,SitRep N60/MVB,2026-07-13,OpenAI-assisted fallback extraction from INSP SitRep PDF; used only after deterministic extraction failed validation. Rows without dashboard geometry are retained in totals but hidden on the case map.
2026-07-13,2026-07,Haut-Uélé,Wamba,ET5R8zSN3gm,8,8.0,2.104064561500138,28.0995466507865,SitRep N60/MVB,2026-07-13,OpenAI-assisted fallback extraction from INSP SitRep PDF; used only after deterministic extraction failed validation. Rows without dashboard geometry are retained in totals but hidden on the case map.
2026-07-13,2026-07,Ituri,Ariwara,fM8IqjhdeyL,1,1.0,3.1940884310532445,30.693184448654044,SitRep N60/MVB,2026-07-13,OpenAI-assisted fallback extraction from INSP SitRep PDF; used only after deterministic extraction failed validation. Rows without dashboard geometry are retained in totals but hidden on the case map.
2026-07-13,2026-07,Ituri,Aru,v8PqffapuVl,3,1.0,2.859042986322321,30.833681049566664,SitRep N60/MVB,2026-07-13,OpenAI-assisted fallback extraction from INSP SitRep PDF; used only after deterministic extraction failed validation. Rows without dashboard geometry are retained in totals but hidden on the case map.
2026-07-13,2026-07,Ituri,Aungba,DFcltLEKLxj,6,2.0,2.5670708830760702,30.592536320311343,SitRep N60/MVB,2026-07-13,OpenAI-assisted fallback extraction from INSP SitRep PDF; used only after deterministic extraction failed validation. Rows without dashboard geometry are retained in totals but hidden on the case map.
2026-07-13,2026-07,Ituri,Bambu,Uc3GqWS8C0w,31,10.0,1.8633970955000336,30.20627592724413,SitRep N60/MVB,2026-07-13,OpenAI-assisted fallback extraction from INSP SitRep PDF; used only after deterministic extraction failed validation. Rows without dashboard geometry are retained in totals but hidden on the case map.
2026-07-13,2026-07,Ituri,Boga,rLadlFjzCh7,1,1.0,0.9822493237397868,30.00346149291752,SitRep N60/MVB,2026-07-13,OpenAI-assisted fallback extraction from INSP SitRep PDF; used only after deterministic extraction failed validation. Rows without dashboard geometry are retained in totals but hidden on the case map.
2026-07-13,2026-07,Ituri,Bunia,GPi6i83o7l6,534,172.0,1.607713140500067,30.282078091482003,SitRep N60/MVB,2026-07-13,OpenAI-assisted fallback extraction from INSP SitRep PDF; used only after deterministic extraction failed validation. Rows without dashboard geometry are retained in totals but hidden on the case map.
2026-07-13,2026-07,Ituri,Damas,ApdB8z3Wrxt,5,0.0,2.1976361605001387,30.22934640858644,SitRep N60/MVB,2026-07-13,OpenAI-assisted fallback extraction from INSP SitRep PDF; used only after deterministic extraction failed validation. Rows without dashboard geometry are retained in totals but hidden on the case map.
2026-07-13,2026-07,Ituri,Drodro,OIhgsXcZf6x,5,3.0,1.7484347510000475,30.586912835820826,SitRep N60/MVB,2026-07-13,OpenAI-assisted fallback extraction from INSP SitRep PDF; used only after deterministic extraction failed validation. Rows without dashboard geometry are retained in totals but hidden on the case map.
2026-07-13,2026-07,Ituri,Fataki,FDNwbfrJhkA,5,4.0,1.9004797405000888,30.565348794325672,SitRep N60/MVB,2026-07-13,OpenAI-assisted fallback extraction from INSP SitRep PDF; used only after deterministic extraction failed validation. Rows without dashboard geometry are retained in totals but hidden on the case map.
2026-07-13,2026-07,Ituri,Gety,X8zFJ7DJlRD,1,0.0,1.253148786140514,30.189368117956285,SitRep N60/MVB,2026-07-13,OpenAI-assisted fallback extraction from INSP SitRep PDF; used only after deterministic extraction failed validation. Rows without dashboard geometry are retained in totals but hidden on the case map.
2026-07-13,2026-07,Ituri,Kambala,SkEKQLSulmp,2,2.0,2.313255370000064,30.54737129473464,SitRep N60/MVB,2026-07-13,OpenAI-assisted fallback extraction from INSP SitRep PDF; used only after deterministic extraction failed validation. Rows without dashboard geometry are retained in totals but hidden on the case map.
2026-07-13,2026-07,Ituri,Kilo,sbyWSsdZ3tj,9,1.0,1.7598275375000298,30.080701985660504,SitRep N60/MVB,2026-07-13,OpenAI-assisted fallback extraction from INSP SitRep PDF; used only after deterministic extraction failed validation. Rows without dashboard geometry are retained in totals but hidden on the case map.
2026-07-13,2026-07,Ituri,Komanda,i2mtQy4nTmD,27,10.0,1.1261791000000585,29.62557262065517,SitRep N60/MVB,2026-07-13,OpenAI-assisted fallback extraction from INSP SitRep PDF; used only after deterministic extraction failed validation. Rows without dashboard geometry are retained in totals but hidden on the case map.
2026-07-13,2026-07,Ituri,Lita,xGWcGHazqtw,59,23.0,1.588332974500048,30.38710948970807,SitRep N60/MVB,2026-07-13,OpenAI-assisted fallback extraction from INSP SitRep PDF; used only after deterministic extraction failed validation. Rows without dashboard geometry are retained in totals but hidden on the case map.
2026-07-13,2026-07,Ituri,Logo,qqGoQGSp1Dw,7,0.0,2.155727226000039,30.877556277526388,SitRep N60/MVB,2026-07-13,OpenAI-assisted fallback extraction from INSP SitRep PDF; used only after deterministic extraction failed validation. Rows without dashboard geometry are retained in totals but hidden on the case map.
2026-07-13,2026-07,Ituri,Lolwa,xp3Y1OXHZLj,2,1.0,1.4666692450000482,29.46470993607435,SitRep N60/MVB,2026-07-13,OpenAI-assisted fallback extraction from INSP SitRep PDF; used only after deterministic extraction failed validation. Rows without dashboard geometry are retained in totals but hidden on the case map.
2026-07-13,2026-07,Ituri,Mambasa,RjHZChl5gJQ,5,4.0,1.4290391459577108,28.62314089055854,SitRep N60/MVB,2026-07-13,OpenAI-assisted fallback extraction from INSP SitRep PDF; used only after deterministic extraction failed validation. Rows without dashboard geometry are retained in totals but hidden on the case map.
2026-07-13,2026-07,Ituri,Mandima,YpXUkTbtAPA,8,3.0,0.9848691425853816,29.17200687013976,SitRep N60/MVB,2026-07-13,OpenAI-assisted fallback extraction from INSP SitRep PDF; used only after deterministic extraction failed validation. Rows without dashboard geometry are retained in totals but hidden on the case map.
2026-07-13,2026-07,Ituri,Mangala,,50,29.0,,,SitRep N60/MVB,2026-07-13,OpenAI-assisted fallback extraction from INSP SitRep PDF; used only after deterministic extraction failed validation. Rows without dashboard geometry are retained in totals but hidden on the case map.
2026-07-13,2026-07,Ituri,Mongbwalu,nv8tx681Gjd,336,182.0,2.120204140000084,29.46395014319073,SitRep N60/MVB,2026-07-13,OpenAI-assisted fallback extraction from INSP SitRep PDF; used only after deterministic extraction failed validation. Rows without dashboard geometry are retained in totals but hidden on the case map.
2026-07-13,2026-07,Ituri,Nia-Nia,,36,7.0,,,SitRep N60/MVB,2026-07-13,OpenAI-assisted fallback extraction from INSP SitRep PDF; used only after deterministic extraction failed validation. Rows without dashboard geometry are retained in totals but hidden on the case map.
2026-07-13,2026-07,Ituri,Nizi,TCE5waEW7Fi,131,50.0,1.7491092545000129,30.29386589242562,SitRep N60/MVB,2026-07-13,OpenAI-assisted fallback extraction from INSP SitRep PDF; used only after deterministic extraction failed validation. Rows without dashboard geometry are retained in totals but hidden on the case map.
2026-07-13,2026-07,Ituri,Nyankunde,mGTaa8TFifO,99,26.0,1.4866449679154434,29.933917392135683,SitRep N60/MVB,2026-07-13,OpenAI-assisted fallback extraction from INSP SitRep PDF; used only after deterministic extraction failed validation. Rows without dashboard geometry are retained in totals but hidden on the case map.
2026-07-13,2026-07,Ituri,Rimba,a2aJcbwnjoK,4,0.0,2.2214134000000456,30.706000954123333,SitRep N60/MVB,2026-07-13,OpenAI-assisted fallback extraction from INSP SitRep PDF; used only after deterministic extraction failed validation. Rows without dashboard geometry are retained in totals but hidden on the case map.
2026-07-13,2026-07,Ituri,Rwampara,vPxN2nZnBXK,405,95.0,1.5710652340000308,30.08327315923981,SitRep N60/MVB,2026-07-13,OpenAI-assisted fallback extraction from INSP SitRep PDF; used only after deterministic extraction failed validation. Rows without dashboard geometry are retained in totals but hidden on the case map.
2026-07-13,2026-07,Ituri,Tchomia,rhj4btTd3i0,19,4.0,1.5216207475000374,30.468986199294,SitRep N60/MVB,2026-07-13,OpenAI-assisted fallback extraction from INSP SitRep PDF; used only after deterministic extraction failed validation. Rows without dashboard geometry are retained in totals but hidden on the case map.
2026-07-13,2026-07,Nord-Kivu,Beni,msg2MyMGhKv,31,20.0,0.493171248666955,29.51358389763662,SitRep N60/MVB,2026-07-13,OpenAI-assisted fallback extraction from INSP SitRep PDF; used only after deterministic extraction failed validation. Rows without dashboard geometry are retained in totals but hidden on the case map.
2026-07-13,2026-07,Nord-Kivu,Butembo,foR0DRLqtdJ,46,22.0,0.1465342500003714,29.251277502423125,SitRep N60/MVB,2026-07-13,OpenAI-assisted fallback extraction from INSP SitRep PDF; used only after deterministic extraction failed validation. Rows without dashboard geometry are retained in totals but hidden on the case map.
2026-07-13,2026-07,Nord-Kivu,Goma,t8tjGKVhkl3,1,0.0,-1.6528676989999551,29.17826328304752,SitRep N60/MVB,2026-07-13,OpenAI-assisted fallback extraction from INSP SitRep PDF; used only after deterministic extraction failed validation. Rows without dashboard geometry are retained in totals but hidden on the case map.
2026-07-13,2026-07,Nord-Kivu,Kalunguta,XoJ3dLz68aj,2,1.0,0.3266166500000906,29.34622252068664,SitRep N60/MVB,2026-07-13,OpenAI-assisted fallback extraction from INSP SitRep PDF; used only after deterministic extraction failed validation. Rows without dashboard geometry are retained in totals but hidden on the case map.
2026-07-13,2026-07,Nord-Kivu,Katwa,woJBeEpIZdy,76,55.0,0.1198993135112445,29.32416416638681,SitRep N60/MVB,2026-07-13,OpenAI-assisted fallback extraction from INSP SitRep PDF; used only after deterministic extraction failed validation. Rows without dashboard geometry are retained in totals but hidden on the case map.
2026-07-13,2026-07,Nord-Kivu,Kyondo,amGiV9h9C2I,7,3.0,0.0132661619471709,29.50420270117476,SitRep N60/MVB,2026-07-13,OpenAI-assisted fallback extraction from INSP SitRep PDF; used only after deterministic extraction failed validation. Rows without dashboard geometry are retained in totals but hidden on the case map.
2026-07-13,2026-07,Nord-Kivu,Mabalako,svtAZQ9nVl0,1,0.0,0.5045215710000548,29.19392959948652,SitRep N60/MVB,2026-07-13,OpenAI-assisted fallback extraction from INSP SitRep PDF; used only after deterministic extraction failed validation. Rows without dashboard geometry are retained in totals but hidden on the case map.
2026-07-13,2026-07,Nord-Kivu,Masereka,kQCMPbHKQ93,3,0.0,-0.1092755664999742,29.327512197678764,SitRep N60/MVB,2026-07-13,OpenAI-assisted fallback extraction from INSP SitRep PDF; used only after deterministic extraction failed validation. Rows without dashboard geometry are retained in totals but hidden on the case map.
2026-07-13,2026-07,Nord-Kivu,Musienene,VooLsNf0dDB,11,2.0,0.0725136590002364,28.35327518112168,SitRep N60/MVB,2026-07-13,OpenAI-assisted fallback extraction from INSP SitRep PDF; used only after deterministic extraction failed validation. Rows without dashboard geometry are retained in totals but hidden on the case map.
2026-07-13,2026-07,Nord-Kivu,Oicha,zOOAshOz4Cz,3,2.0,0.7639879778753311,29.54704482375912,SitRep N60/MVB,2026-07-13,OpenAI-assisted fallback extraction from INSP SitRep PDF; used only after deterministic extraction failed validation. Rows without dashboard geometry are retained in totals but hidden on the case map.
2026-07-13,2026-07,Nord-Kivu,Vuhovi,,1,1.0,,,SitRep N60/MVB,2026-07-13,OpenAI-assisted fallback extraction from INSP SitRep PDF; used only after deterministic extraction failed validation. Rows without dashboard geometry are retained in totals but hidden on the case map.
2026-07-13,2026-07,Sud-Kivu,Miti-Murhesa,,3,1.0,,,SitRep N60/MVB,2026-07-13,OpenAI-assisted fallback extraction from INSP SitRep PDF; used only after deterministic extraction failed validation. Rows without dashboard geometry are retained in totals but hidden on the case map.
2026-07-13,2026-07,Tshopo,Lubunga,I9d1F9TGn33,1,1.0,0.4130002195000486,25.10564709446672,SitRep N60/MVB,2026-07-13,OpenAI-assisted fallback extraction from INSP SitRep PDF; used only after deterministic extraction failed validation. Rows without dashboard geometry are retained in totals but hidden on the case map.
2026-07-13,2026-07,Tshopo,Makiso-Kisangani,,2,2.0,,,SitRep N60/MVB,2026-07-13,OpenAI-assisted fallback extraction from INSP SitRep PDF; used only after deterministic extraction failed validation. Rows without dashboard geometry are retained in totals but hidden on the case map.
2026-07-13,2026-07,Tshopo,Mangobo,wOWB7WbNuSN,1,0.0,0.5399329588970425,25.15236555521503,SitRep N60/MVB,2026-07-13,OpenAI-assisted fallback extraction from INSP SitRep PDF; used only after deterministic extraction failed validation. Rows without dashboard geometry are retained in totals but hidden on the case map.
2026-07-14,2026-07,Haut-Uélé,Boma Mangbetu,qwBasnNFRFW,2,1.0,2.2351428900001054,27.79291728128205,SitRep N61/MVB,2026-07-14,OpenAI-assisted fallback extraction from INSP SitRep PDF; used only after deterministic extraction failed validation. Rows without dashboard geometry are retained in totals but hidden on the case map.
2026-07-14,2026-07,Haut-Uélé,Isiro,lW6NlTXqGcv,1,1.0,2.398158594500046,27.318090299264888,SitRep N61/MVB,2026-07-14,OpenAI-assisted fallback extraction from INSP SitRep PDF; used only after deterministic extraction failed validation. Rows without dashboard geometry are retained in totals but hidden on the case map.
2026-07-14,2026-07,Haut-Uélé,Pawa,ZxQY9szHMx5,3,3.0,2.336214680000097,27.5370451072996,SitRep N61/MVB,2026-07-14,OpenAI-assisted fallback extraction from INSP SitRep PDF; used only after deterministic extraction failed validation. Rows without dashboard geometry are retained in totals but hidden on the case map.
2026-07-14,2026-07,Haut-Uélé,Wamba,ET5R8zSN3gm,8,8.0,2.104064561500138,28.0995466507865,SitRep N61/MVB,2026-07-14,OpenAI-assisted fallback extraction from INSP SitRep PDF; used only after deterministic extraction failed validation. Rows without dashboard geometry are retained in totals but hidden on the case map.
2026-07-14,2026-07,Ituri,Ariwara,fM8IqjhdeyL,1,1.0,3.1940884310532445,30.693184448654044,SitRep N61/MVB,2026-07-14,OpenAI-assisted fallback extraction from INSP SitRep PDF; used only after deterministic extraction failed validation. Rows without dashboard geometry are retained in totals but hidden on the case map.
2026-07-14,2026-07,Ituri,Aru,v8PqffapuVl,3,1.0,2.859042986322321,30.833681049566664,SitRep N61/MVB,2026-07-14,OpenAI-assisted fallback extraction from INSP SitRep PDF; used only after deterministic extraction failed validation. Rows without dashboard geometry are retained in totals but hidden on the case map.
2026-07-14,2026-07,Ituri,Aungba,DFcltLEKLxj,6,2.0,2.5670708830760702,30.592536320311343,SitRep N61/MVB,2026-07-14,OpenAI-assisted fallback extraction from INSP SitRep PDF; used only after deterministic extraction failed validation. Rows without dashboard geometry are retained in totals but hidden on the case map.
2026-07-14,2026-07,Ituri,Bambu,Uc3GqWS8C0w,31,10.0,1.8633970955000336,30.20627592724413,SitRep N61/MVB,2026-07-14,OpenAI-assisted fallback extraction from INSP SitRep PDF; used only after deterministic extraction failed validation. Rows without dashboard geometry are retained in totals but hidden on the case map.
2026-07-14,2026-07,Ituri,Boga,rLadlFjzCh7,1,1.0,0.9822493237397868,30.00346149291752,SitRep N61/MVB,2026-07-14,OpenAI-assisted fallback extraction from INSP SitRep PDF; used only after deterministic extraction failed validation. Rows without dashboard geometry are retained in totals but hidden on the case map.
2026-07-14,2026-07,Ituri,Bunia,GPi6i83o7l6,556,185.0,1.607713140500067,30.282078091482003,SitRep N61/MVB,2026-07-14,OpenAI-assisted fallback extraction from INSP SitRep PDF; used only after deterministic extraction failed validation. Rows without dashboard geometry are retained in totals but hidden on the case map.
2026-07-14,2026-07,Ituri,Damas,ApdB8z3Wrxt,5,0.0,2.1976361605001387,30.22934640858644,SitRep N61/MVB,2026-07-14,OpenAI-assisted fallback extraction from INSP SitRep PDF; used only after deterministic extraction failed validation. Rows without dashboard geometry are retained in totals but hidden on the case map.
2026-07-14,2026-07,Ituri,Drodro,OIhgsXcZf6x,5,3.0,1.7484347510000475,30.586912835820826,SitRep N61/MVB,2026-07-14,OpenAI-assisted fallback extraction from INSP SitRep PDF; used only after deterministic extraction failed validation. Rows without dashboard geometry are retained in totals but hidden on the case map.
2026-07-14,2026-07,Ituri,Fataki,FDNwbfrJhkA,6,5.0,1.9004797405000888,30.565348794325672,SitRep N61/MVB,2026-07-14,OpenAI-assisted fallback extraction from INSP SitRep PDF; used only after deterministic extraction failed validation. Rows without dashboard geometry are retained in totals but hidden on the case map.
2026-07-14,2026-07,Ituri,Gety,X8zFJ7DJlRD,1,0.0,1.253148786140514,30.189368117956285,SitRep N61/MVB,2026-07-14,OpenAI-assisted fallback extraction from INSP SitRep PDF; used only after deterministic extraction failed validation. Rows without dashboard geometry are retained in totals but hidden on the case map.
2026-07-14,2026-07,Ituri,Kambala,SkEKQLSulmp,2,2.0,2.313255370000064,30.54737129473464,SitRep N61/MVB,2026-07-14,OpenAI-assisted fallback extraction from INSP SitRep PDF; used only after deterministic extraction failed validation. Rows without dashboard geometry are retained in totals but hidden on the case map.
2026-07-14,2026-07,Ituri,Kilo,sbyWSsdZ3tj,9,1.0,1.7598275375000298,30.080701985660504,SitRep N61/MVB,2026-07-14,OpenAI-assisted fallback extraction from INSP SitRep PDF; used only after deterministic extraction failed validation. Rows without dashboard geometry are retained in totals but hidden on the case map.
2026-07-14,2026-07,Ituri,Komanda,i2mtQy4nTmD,27,10.0,1.1261791000000585,29.62557262065517,SitRep N61/MVB,2026-07-14,OpenAI-assisted fallback extraction from INSP SitRep PDF; used only after deterministic extraction failed validation. Rows without dashboard geometry are retained in totals but hidden on the case map.
2026-07-14,2026-07,Ituri,Lita,xGWcGHazqtw,64,23.0,1.588332974500048,30.38710948970807,SitRep N61/MVB,2026-07-14,OpenAI-assisted fallback extraction from INSP SitRep PDF; used only after deterministic extraction failed validation. Rows without dashboard geometry are retained in totals but hidden on the case map.
2026-07-14,2026-07,Ituri,Logo,qqGoQGSp1Dw,7,0.0,2.155727226000039,30.877556277526388,SitRep N61/MVB,2026-07-14,OpenAI-assisted fallback extraction from INSP SitRep PDF; used only after deterministic extraction failed validation. Rows without dashboard geometry are retained in totals but hidden on the case map.
2026-07-14,2026-07,Ituri,Lolwa,xp3Y1OXHZLj,2,1.0,1.4666692450000482,29.46470993607435,SitRep N61/MVB,2026-07-14,OpenAI-assisted fallback extraction from INSP SitRep PDF; used only after deterministic extraction failed validation. Rows without dashboard geometry are retained in totals but hidden on the case map.
2026-07-14,2026-07,Ituri,Mambasa,RjHZChl5gJQ,5,4.0,1.4290391459577108,28.62314089055854,SitRep N61/MVB,2026-07-14,OpenAI-assisted fallback extraction from INSP SitRep PDF; used only after deterministic extraction failed validation. Rows without dashboard geometry are retained in totals but hidden on the case map.
2026-07-14,2026-07,Ituri,Mandima,YpXUkTbtAPA,9,4.0,0.9848691425853816,29.17200687013976,SitRep N61/MVB,2026-07-14,OpenAI-assisted fallback extraction from INSP SitRep PDF; used only after deterministic extraction failed validation. Rows without dashboard geometry are retained in totals but hidden on the case map.
2026-07-14,2026-07,Ituri,Mangala,,50,29.0,,,SitRep N61/MVB,2026-07-14,OpenAI-assisted fallback extraction from INSP SitRep PDF; used only after deterministic extraction failed validation. Rows without dashboard geometry are retained in totals but hidden on the case map.
2026-07-14,2026-07,Ituri,Mongbwalu,nv8tx681Gjd,342,188.0,2.120204140000084,29.46395014319073,SitRep N61/MVB,2026-07-14,OpenAI-assisted fallback extraction from INSP SitRep PDF; used only after deterministic extraction failed validation. Rows without dashboard geometry are retained in totals but hidden on the case map.
2026-07-14,2026-07,Ituri,Nia-Nia,,41,9.0,,,SitRep N61/MVB,2026-07-14,OpenAI-assisted fallback extraction from INSP SitRep PDF; used only after deterministic extraction failed validation. Rows without dashboard geometry are retained in totals but hidden on the case map.
2026-07-14,2026-07,Ituri,Nizi,TCE5waEW7Fi,139,58.0,1.7491092545000129,30.29386589242562,SitRep N61/MVB,2026-07-14,OpenAI-assisted fallback extraction from INSP SitRep PDF; used only after deterministic extraction failed validation. Rows without dashboard geometry are retained in totals but hidden on the case map.
2026-07-14,2026-07,Ituri,Nyankunde,mGTaa8TFifO,99,26.0,1.4866449679154434,29.933917392135683,SitRep N61/MVB,2026-07-14,OpenAI-assisted fallback extraction from INSP SitRep PDF; used only after deterministic extraction failed validation. Rows without dashboard geometry are retained in totals but hidden on the case map.
2026-07-14,2026-07,Ituri,Rimba,a2aJcbwnjoK,4,0.0,2.2214134000000456,30.706000954123333,SitRep N61/MVB,2026-07-14,OpenAI-assisted fallback extraction from INSP SitRep PDF; used only after deterministic extraction failed validation. Rows without dashboard geometry are retained in totals but hidden on the case map.
2026-07-14,2026-07,Ituri,Rwampara,vPxN2nZnBXK,412,101.0,1.5710652340000308,30.08327315923981,SitRep N61/MVB,2026-07-14,OpenAI-assisted fallback extraction from INSP SitRep PDF; used only after deterministic extraction failed validation. Rows without dashboard geometry are retained in totals but hidden on the case map.
2026-07-14,2026-07,Ituri,Tchomia,rhj4btTd3i0,19,4.0,1.5216207475000374,30.468986199294,SitRep N61/MVB,2026-07-14,OpenAI-assisted fallback extraction from INSP SitRep PDF; used only after deterministic extraction failed validation. Rows without dashboard geometry are retained in totals but hidden on the case map.
2026-07-14,2026-07,Nord-Kivu,Beni,msg2MyMGhKv,31,20.0,0.493171248666955,29.51358389763662,SitRep N61/MVB,2026-07-14,OpenAI-assisted fallback extraction from INSP SitRep PDF; used only after deterministic extraction failed validation. Rows without dashboard geometry are retained in totals but hidden on the case map.
2026-07-14,2026-07,Nord-Kivu,Butembo,foR0DRLqtdJ,49,24.0,0.1465342500003714,29.251277502423125,SitRep N61/MVB,2026-07-14,OpenAI-assisted fallback extraction from INSP SitRep PDF; used only after deterministic extraction failed validation. Rows without dashboard geometry are retained in totals but hidden on the case map.
2026-07-14,2026-07,Nord-Kivu,Goma,t8tjGKVhkl3,1,0.0,-1.6528676989999551,29.17826328304752,SitRep N61/MVB,2026-07-14,OpenAI-assisted fallback extraction from INSP SitRep PDF; used only after deterministic extraction failed validation. Rows without dashboard geometry are retained in totals but hidden on the case map.
2026-07-14,2026-07,Nord-Kivu,Kalunguta,XoJ3dLz68aj,2,1.0,0.3266166500000906,29.34622252068664,SitRep N61/MVB,2026-07-14,OpenAI-assisted fallback extraction from INSP SitRep PDF; used only after deterministic extraction failed validation. Rows without dashboard geometry are retained in totals but hidden on the case map.
2026-07-14,2026-07,Nord-Kivu,Katwa,woJBeEpIZdy,78,56.0,0.1198993135112445,29.32416416638681,SitRep N61/MVB,2026-07-14,OpenAI-assisted fallback extraction from INSP SitRep PDF; used only after deterministic extraction failed validation. Rows without dashboard geometry are retained in totals but hidden on the case map.
2026-07-14,2026-07,Nord-Kivu,Kyondo,amGiV9h9C2I,7,3.0,0.0132661619471709,29.50420270117476,SitRep N61/MVB,2026-07-14,OpenAI-assisted fallback extraction from INSP SitRep PDF; used only after deterministic extraction failed validation. Rows without dashboard geometry are retained in totals but hidden on the case map.
2026-07-14,2026-07,Nord-Kivu,Mabalako,svtAZQ9nVl0,1,0.0,0.5045215710000548,29.19392959948652,SitRep N61/MVB,2026-07-14,OpenAI-assisted fallback extraction from INSP SitRep PDF; used only after deterministic extraction failed validation. Rows without dashboard geometry are retained in totals but hidden on the case map.
2026-07-14,2026-07,Nord-Kivu,Masereka,kQCMPbHKQ93,3,0.0,-0.1092755664999742,29.327512197678764,SitRep N61/MVB,2026-07-14,OpenAI-assisted fallback extraction from INSP SitRep PDF; used only after deterministic extraction failed validation. Rows without dashboard geometry are retained in totals but hidden on the case map.
2026-07-14,2026-07,Nord-Kivu,Musienene,VooLsNf0dDB,13,3.0,0.0725136590002364,28.35327518112168,SitRep N61/MVB,2026-07-14,OpenAI-assisted fallback extraction from INSP SitRep PDF; used only after deterministic extraction failed validation. Rows without dashboard geometry are retained in totals but hidden on the case map.
2026-07-14,2026-07,Nord-Kivu,Oicha,zOOAshOz4Cz,3,3.0,0.7639879778753311,29.54704482375912,SitRep N61/MVB,2026-07-14,OpenAI-assisted fallback extraction from INSP SitRep PDF; used only after deterministic extraction failed validation. Rows without dashboard geometry are retained in totals but hidden on the case map.
2026-07-14,2026-07,Nord-Kivu,Vuhovi,,1,1.0,,,SitRep N61/MVB,2026-07-14,OpenAI-assisted fallback extraction from INSP SitRep PDF; used only after deterministic extraction failed validation. Rows without dashboard geometry are retained in totals but hidden on the case map.
2026-07-14,2026-07,Sud-Kivu,Miti-Murhesa,,3,1.0,,,SitRep N61/MVB,2026-07-14,OpenAI-assisted fallback extraction from INSP SitRep PDF; used only after deterministic extraction failed validation. Rows without dashboard geometry are retained in totals but hidden on the case map.
2026-07-14,2026-07,Tshopo,Lubunga,I9d1F9TGn33,1,1.0,0.4130002195000486,25.10564709446672,SitRep N61/MVB,2026-07-14,OpenAI-assisted fallback extraction from INSP SitRep PDF; used only after deterministic extraction failed validation. Rows without dashboard geometry are retained in totals but hidden on the case map.
2026-07-14,2026-07,Tshopo,Makiso-Kisangani,,2,2.0,,,SitRep N61/MVB,2026-07-14,OpenAI-assisted fallback extraction from INSP SitRep PDF; used only after deterministic extraction failed validation. Rows without dashboard geometry are retained in totals but hidden on the case map.
2026-07-14,2026-07,Tshopo,Mangobo,wOWB7WbNuSN,1,0.0,0.5399329588970425,25.15236555521503,SitRep N61/MVB,2026-07-14,OpenAI-assisted fallback extraction from INSP SitRep PDF; used only after deterministic extraction failed validation. Rows without dashboard geometry are retained in totals but hidden on the case map.
2026-07-15,2026-07,Haut-Uélé,Boma Mangbetu,qwBasnNFRFW,2,1.0,2.2351428900001054,27.79291728128205,SitRep N62/MVB,2026-07-15,OpenAI-assisted fallback extraction from INSP SitRep PDF; used only after deterministic extraction failed validation. Rows without dashboard geometry are retained in totals but hidden on the case map.
2026-07-15,2026-07,Haut-Uélé,Isiro,lW6NlTXqGcv,1,1.0,2.398158594500046,27.318090299264888,SitRep N62/MVB,2026-07-15,OpenAI-assisted fallback extraction from INSP SitRep PDF; used only after deterministic extraction failed validation. Rows without dashboard geometry are retained in totals but hidden on the case map.
2026-07-15,2026-07,Haut-Uélé,Pawa,ZxQY9szHMx5,3,3.0,2.336214680000097,27.5370451072996,SitRep N62/MVB,2026-07-15,OpenAI-assisted fallback extraction from INSP SitRep PDF; used only after deterministic extraction failed validation. Rows without dashboard geometry are retained in totals but hidden on the case map.
2026-07-15,2026-07,Haut-Uélé,Wamba,ET5R8zSN3gm,8,8.0,2.104064561500138,28.0995466507865,SitRep N62/MVB,2026-07-15,OpenAI-assisted fallback extraction from INSP SitRep PDF; used only after deterministic extraction failed validation. Rows without dashboard geometry are retained in totals but hidden on the case map.
2026-07-15,2026-07,Ituri,Ariwara,fM8IqjhdeyL,1,1.0,3.1940884310532445,30.693184448654044,SitRep N62/MVB,2026-07-15,OpenAI-assisted fallback extraction from INSP SitRep PDF; used only after deterministic extraction failed validation. Rows without dashboard geometry are retained in totals but hidden on the case map.
2026-07-15,2026-07,Ituri,Aru,v8PqffapuVl,3,1.0,2.859042986322321,30.833681049566664,SitRep N62/MVB,2026-07-15,OpenAI-assisted fallback extraction from INSP SitRep PDF; used only after deterministic extraction failed validation. Rows without dashboard geometry are retained in totals but hidden on the case map.
2026-07-15,2026-07,Ituri,Aungba,DFcltLEKLxj,6,2.0,2.5670708830760702,30.592536320311343,SitRep N62/MVB,2026-07-15,OpenAI-assisted fallback extraction from INSP SitRep PDF; used only after deterministic extraction failed validation. Rows without dashboard geometry are retained in totals but hidden on the case map.
2026-07-15,2026-07,Ituri,Bambu,Uc3GqWS8C0w,31,11.0,1.8633970955000336,30.20627592724413,SitRep N62/MVB,2026-07-15,OpenAI-assisted fallback extraction from INSP SitRep PDF; used only after deterministic extraction failed validation. Rows without dashboard geometry are retained in totals but hidden on the case map.
2026-07-15,2026-07,Ituri,Boga,rLadlFjzCh7,1,1.0,0.9822493237397868,30.00346149291752,SitRep N62/MVB,2026-07-15,OpenAI-assisted fallback extraction from INSP SitRep PDF; used only after deterministic extraction failed validation. Rows without dashboard geometry are retained in totals but hidden on the case map.
2026-07-15,2026-07,Ituri,Bunia,GPi6i83o7l6,570,191.0,1.607713140500067,30.282078091482003,SitRep N62/MVB,2026-07-15,OpenAI-assisted fallback extraction from INSP SitRep PDF; used only after deterministic extraction failed validation. Rows without dashboard geometry are retained in totals but hidden on the case map.
2026-07-15,2026-07,Ituri,Damas,ApdB8z3Wrxt,7,0.0,2.1976361605001387,30.22934640858644,SitRep N62/MVB,2026-07-15,OpenAI-assisted fallback extraction from INSP SitRep PDF; used only after deterministic extraction failed validation. Rows without dashboard geometry are retained in totals but hidden on the case map.
2026-07-15,2026-07,Ituri,Drodro,OIhgsXcZf6x,5,3.0,1.7484347510000475,30.586912835820826,SitRep N62/MVB,2026-07-15,OpenAI-assisted fallback extraction from INSP SitRep PDF; used only after deterministic extraction failed validation. Rows without dashboard geometry are retained in totals but hidden on the case map.
2026-07-15,2026-07,Ituri,Fataki,FDNwbfrJhkA,6,5.0,1.9004797405000888,30.565348794325672,SitRep N62/MVB,2026-07-15,OpenAI-assisted fallback extraction from INSP SitRep PDF; used only after deterministic extraction failed validation. Rows without dashboard geometry are retained in totals but hidden on the case map.
2026-07-15,2026-07,Ituri,Gety,X8zFJ7DJlRD,1,0.0,1.253148786140514,30.189368117956285,SitRep N62/MVB,2026-07-15,OpenAI-assisted fallback extraction from INSP SitRep PDF; used only after deterministic extraction failed validation. Rows without dashboard geometry are retained in totals but hidden on the case map.
2026-07-15,2026-07,Ituri,Kambala,SkEKQLSulmp,2,2.0,2.313255370000064,30.54737129473464,SitRep N62/MVB,2026-07-15,OpenAI-assisted fallback extraction from INSP SitRep PDF; used only after deterministic extraction failed validation. Rows without dashboard geometry are retained in totals but hidden on the case map.
2026-07-15,2026-07,Ituri,Kilo,sbyWSsdZ3tj,10,2.0,1.7598275375000298,30.080701985660504,SitRep N62/MVB,2026-07-15,OpenAI-assisted fallback extraction from INSP SitRep PDF; used only after deterministic extraction failed validation. Rows without dashboard geometry are retained in totals but hidden on the case map.
2026-07-15,2026-07,Ituri,Komanda,i2mtQy4nTmD,27,10.0,1.1261791000000585,29.62557262065517,SitRep N62/MVB,2026-07-15,OpenAI-assisted fallback extraction from INSP SitRep PDF; used only after deterministic extraction failed validation. Rows without dashboard geometry are retained in totals but hidden on the case map.
2026-07-15,2026-07,Ituri,Lita,xGWcGHazqtw,66,23.0,1.588332974500048,30.38710948970807,SitRep N62/MVB,2026-07-15,OpenAI-assisted fallback extraction from INSP SitRep PDF; used only after deterministic extraction failed validation. Rows without dashboard geometry are retained in totals but hidden on the case map.
2026-07-15,2026-07,Ituri,Logo,qqGoQGSp1Dw,7,0.0,2.155727226000039,30.877556277526388,SitRep N62/MVB,2026-07-15,OpenAI-assisted fallback extraction from INSP SitRep PDF; used only after deterministic extraction failed validation. Rows without dashboard geometry are retained in totals but hidden on the case map.
2026-07-15,2026-07,Ituri,Lolwa,xp3Y1OXHZLj,2,1.0,1.4666692450000482,29.46470993607435,SitRep N62/MVB,2026-07-15,OpenAI-assisted fallback extraction from INSP SitRep PDF; used only after deterministic extraction failed validation. Rows without dashboard geometry are retained in totals but hidden on the case map.
2026-07-15,2026-07,Ituri,Mahagi,seNn0NUsKYn,1,0.0,2.3021508495800296,30.865062342480392,SitRep N62/MVB,2026-07-15,OpenAI-assisted fallback extraction from INSP SitRep PDF; used only after deterministic extraction failed validation. Rows without dashboard geometry are retained in totals but hidden on the case map.
2026-07-15,2026-07,Ituri,Mambasa,RjHZChl5gJQ,5,4.0,1.4290391459577108,28.62314089055854,SitRep N62/MVB,2026-07-15,OpenAI-assisted fallback extraction from INSP SitRep PDF; used only after deterministic extraction failed validation. Rows without dashboard geometry are retained in totals but hidden on the case map.
2026-07-15,2026-07,Ituri,Mandima,YpXUkTbtAPA,9,4.0,0.9848691425853816,29.17200687013976,SitRep N62/MVB,2026-07-15,OpenAI-assisted fallback extraction from INSP SitRep PDF; used only after deterministic extraction failed validation. Rows without dashboard geometry are retained in totals but hidden on the case map.
2026-07-15,2026-07,Ituri,Mangala,,50,29.0,,,SitRep N62/MVB,2026-07-15,OpenAI-assisted fallback extraction from INSP SitRep PDF; used only after deterministic extraction failed validation. Rows without dashboard geometry are retained in totals but hidden on the case map.
2026-07-15,2026-07,Ituri,Mongbwalu,nv8tx681Gjd,347,192.0,2.120204140000084,29.46395014319073,SitRep N62/MVB,2026-07-15,OpenAI-assisted fallback extraction from INSP SitRep PDF; used only after deterministic extraction failed validation. Rows without dashboard geometry are retained in totals but hidden on the case map.
2026-07-15,2026-07,Ituri,Nia-Nia,,42,9.0,,,SitRep N62/MVB,2026-07-15,OpenAI-assisted fallback extraction from INSP SitRep PDF; used only after deterministic extraction failed validation. Rows without dashboard geometry are retained in totals but hidden on the case map.
2026-07-15,2026-07,Ituri,Nizi,TCE5waEW7Fi,148,67.0,1.7491092545000129,30.29386589242562,SitRep N62/MVB,2026-07-15,OpenAI-assisted fallback extraction from INSP SitRep PDF; used only after deterministic extraction failed validation. Rows without dashboard geometry are retained in totals but hidden on the case map.
2026-07-15,2026-07,Ituri,Nyankunde,mGTaa8TFifO,99,26.0,1.4866449679154434,29.933917392135683,SitRep N62/MVB,2026-07-15,OpenAI-assisted fallback extraction from INSP SitRep PDF; used only after deterministic extraction failed validation. Rows without dashboard geometry are retained in totals but hidden on the case map.
2026-07-15,2026-07,Ituri,Rimba,a2aJcbwnjoK,4,0.0,2.2214134000000456,30.706000954123333,SitRep N62/MVB,2026-07-15,OpenAI-assisted fallback extraction from INSP SitRep PDF; used only after deterministic extraction failed validation. Rows without dashboard geometry are retained in totals but hidden on the case map.
2026-07-15,2026-07,Ituri,Rwampara,vPxN2nZnBXK,418,104.0,1.5710652340000308,30.08327315923981,SitRep N62/MVB,2026-07-15,OpenAI-assisted fallback extraction from INSP SitRep PDF; used only after deterministic extraction failed validation. Rows without dashboard geometry are retained in totals but hidden on the case map.
2026-07-15,2026-07,Ituri,Tchomia,rhj4btTd3i0,19,4.0,1.5216207475000374,30.468986199294,SitRep N62/MVB,2026-07-15,OpenAI-assisted fallback extraction from INSP SitRep PDF; used only after deterministic extraction failed validation. Rows without dashboard geometry are retained in totals but hidden on the case map.
2026-07-15,2026-07,Nord-Kivu,Beni,msg2MyMGhKv,33,22.0,0.493171248666955,29.51358389763662,SitRep N62/MVB,2026-07-15,OpenAI-assisted fallback extraction from INSP SitRep PDF; used only after deterministic extraction failed validation. Rows without dashboard geometry are retained in totals but hidden on the case map.
2026-07-15,2026-07,Nord-Kivu,Butembo,foR0DRLqtdJ,52,26.0,0.1465342500003714,29.251277502423125,SitRep N62/MVB,2026-07-15,OpenAI-assisted fallback extraction from INSP SitRep PDF; used only after deterministic extraction failed validation. Rows without dashboard geometry are retained in totals but hidden on the case map.
2026-07-15,2026-07,Nord-Kivu,Goma,t8tjGKVhkl3,1,0.0,-1.6528676989999551,29.17826328304752,SitRep N62/MVB,2026-07-15,OpenAI-assisted fallback extraction from INSP SitRep PDF; used only after deterministic extraction failed validation. Rows without dashboard geometry are retained in totals but hidden on the case map.
2026-07-15,2026-07,Nord-Kivu,Kalunguta,XoJ3dLz68aj,2,1.0,0.3266166500000906,29.34622252068664,SitRep N62/MVB,2026-07-15,OpenAI-assisted fallback extraction from INSP SitRep PDF; used only after deterministic extraction failed validation. Rows without dashboard geometry are retained in totals but hidden on the case map.
2026-07-15,2026-07,Nord-Kivu,Katwa,woJBeEpIZdy,82,59.0,0.1198993135112445,29.32416416638681,SitRep N62/MVB,2026-07-15,OpenAI-assisted fallback extraction from INSP SitRep PDF; used only after deterministic extraction failed validation. Rows without dashboard geometry are retained in totals but hidden on the case map.
2026-07-15,2026-07,Nord-Kivu,Kyondo,amGiV9h9C2I,7,3.0,0.0132661619471709,29.50420270117476,SitRep N62/MVB,2026-07-15,OpenAI-assisted fallback extraction from INSP SitRep PDF; used only after deterministic extraction failed validation. Rows without dashboard geometry are retained in totals but hidden on the case map.
2026-07-15,2026-07,Nord-Kivu,Mabalako,svtAZQ9nVl0,1,0.0,0.5045215710000548,29.19392959948652,SitRep N62/MVB,2026-07-15,OpenAI-assisted fallback extraction from INSP SitRep PDF; used only after deterministic extraction failed validation. Rows without dashboard geometry are retained in totals but hidden on the case map.
2026-07-15,2026-07,Nord-Kivu,Masereka,kQCMPbHKQ93,3,0.0,-0.1092755664999742,29.327512197678764,SitRep N62/MVB,2026-07-15,OpenAI-assisted fallback extraction from INSP SitRep PDF; used only after deterministic extraction failed validation. Rows without dashboard geometry are retained in totals but hidden on the case map.
2026-07-15,2026-07,Nord-Kivu,Musienene,VooLsNf0dDB,14,4.0,0.0725136590002364,28.35327518112168,SitRep N62/MVB,2026-07-15,OpenAI-assisted fallback extraction from INSP SitRep PDF; used only after deterministic extraction failed validation. Rows without dashboard geometry are retained in totals but hidden on the case map.
2026-07-15,2026-07,Nord-Kivu,Oicha,zOOAshOz4Cz,3,3.0,0.7639879778753311,29.54704482375912,SitRep N62/MVB,2026-07-15,OpenAI-assisted fallback extraction from INSP SitRep PDF; used only after deterministic extraction failed validation. Rows without dashboard geometry are retained in totals but hidden on the case map.
2026-07-15,2026-07,Nord-Kivu,Vuhovi,,1,1.0,,,SitRep N62/MVB,2026-07-15,OpenAI-assisted fallback extraction from INSP SitRep PDF; used only after deterministic extraction failed validation. Rows without dashboard geometry are retained in totals but hidden on the case map.
2026-07-15,2026-07,Sud-Kivu,Miti-Murhesa,,3,1.0,,,SitRep N62/MVB,2026-07-15,OpenAI-assisted fallback extraction from INSP SitRep PDF; used only after deterministic extraction failed validation. Rows without dashboard geometry are retained in totals but hidden on the case map.
2026-07-15,2026-07,Tshopo,Lubunga,I9d1F9TGn33,1,1.0,0.4130002195000486,25.10564709446672,SitRep N62/MVB,2026-07-15,OpenAI-assisted fallback extraction from INSP SitRep PDF; used only after deterministic extraction failed validation. Rows without dashboard geometry are retained in totals but hidden on the case map.
2026-07-15,2026-07,Tshopo,Makiso-Kisangani,,2,2.0,,,SitRep N62/MVB,2026-07-15,OpenAI-assisted fallback extraction from INSP SitRep PDF; used only after deterministic extraction failed validation. Rows without dashboard geometry are retained in totals but hidden on the case map.
2026-07-15,2026-07,Tshopo,Mangobo,wOWB7WbNuSN,1,0.0,0.5399329588970425,25.15236555521503,SitRep N62/MVB,2026-07-15,OpenAI-assisted fallback extraction from INSP SitRep PDF; used only after deterministic extraction failed validation. Rows without dashboard geometry are retained in totals but hidden on the case map.
2026-07-17,2026-07,Haut-Uélé,Boma Mangbetu,qwBasnNFRFW,2,1.0,2.2351428900001054,27.79291728128205,SitRep N64/MVB,2026-07-17,OpenAI-assisted fallback extraction from INSP SitRep PDF; used only after deterministic extraction failed validation. Rows without dashboard geometry are retained in totals but hidden on the case map.
2026-07-17,2026-07,Haut-Uélé,Isiro,lW6NlTXqGcv,1,1.0,2.398158594500046,27.318090299264888,SitRep N64/MVB,2026-07-17,OpenAI-assisted fallback extraction from INSP SitRep PDF; used only after deterministic extraction failed validation. Rows without dashboard geometry are retained in totals but hidden on the case map.
2026-07-17,2026-07,Haut-Uélé,Pawa,ZxQY9szHMx5,3,3.0,2.336214680000097,27.5370451072996,SitRep N64/MVB,2026-07-17,OpenAI-assisted fallback extraction from INSP SitRep PDF; used only after deterministic extraction failed validation. Rows without dashboard geometry are retained in totals but hidden on the case map.
2026-07-17,2026-07,Haut-Uélé,Wamba,ET5R8zSN3gm,16,8.0,2.104064561500138,28.0995466507865,SitRep N64/MVB,2026-07-17,OpenAI-assisted fallback extraction from INSP SitRep PDF; used only after deterministic extraction failed validation. Rows without dashboard geometry are retained in totals but hidden on the case map.
2026-07-17,2026-07,Ituri,Ariwara,fM8IqjhdeyL,6,1.0,3.1940884310532445,30.693184448654044,SitRep N64/MVB,2026-07-17,OpenAI-assisted fallback extraction from INSP SitRep PDF; used only after deterministic extraction failed validation. Rows without dashboard geometry are retained in totals but hidden on the case map.
2026-07-17,2026-07,Ituri,Aru,v8PqffapuVl,4,1.0,2.859042986322321,30.833681049566664,SitRep N64/MVB,2026-07-17,OpenAI-assisted fallback extraction from INSP SitRep PDF; used only after deterministic extraction failed validation. Rows without dashboard geometry are retained in totals but hidden on the case map.
2026-07-17,2026-07,Ituri,Aungba,DFcltLEKLxj,6,2.0,2.5670708830760702,30.592536320311343,SitRep N64/MVB,2026-07-17,OpenAI-assisted fallback extraction from INSP SitRep PDF; used only after deterministic extraction failed validation. Rows without dashboard geometry are retained in totals but hidden on the case map.
2026-07-17,2026-07,Ituri,Bambu,Uc3GqWS8C0w,36,12.0,1.8633970955000336,30.20627592724413,SitRep N64/MVB,2026-07-17,OpenAI-assisted fallback extraction from INSP SitRep PDF; used only after deterministic extraction failed validation. Rows without dashboard geometry are retained in totals but hidden on the case map.
2026-07-17,2026-07,Ituri,Boga,rLadlFjzCh7,1,1.0,0.9822493237397868,30.00346149291752,SitRep N64/MVB,2026-07-17,OpenAI-assisted fallback extraction from INSP SitRep PDF; used only after deterministic extraction failed validation. Rows without dashboard geometry are retained in totals but hidden on the case map.
2026-07-17,2026-07,Ituri,Bunia,GPi6i83o7l6,606,197.0,1.607713140500067,30.282078091482003,SitRep N64/MVB,2026-07-17,OpenAI-assisted fallback extraction from INSP SitRep PDF; used only after deterministic extraction failed validation. Rows without dashboard geometry are retained in totals but hidden on the case map.
2026-07-17,2026-07,Ituri,Damas,ApdB8z3Wrxt,7,0.0,2.1976361605001387,30.22934640858644,SitRep N64/MVB,2026-07-17,OpenAI-assisted fallback extraction from INSP SitRep PDF; used only after deterministic extraction failed validation. Rows without dashboard geometry are retained in totals but hidden on the case map.
2026-07-17,2026-07,Ituri,Drodro,OIhgsXcZf6x,5,3.0,1.7484347510000475,30.586912835820826,SitRep N64/MVB,2026-07-17,OpenAI-assisted fallback extraction from INSP SitRep PDF; used only after deterministic extraction failed validation. Rows without dashboard geometry are retained in totals but hidden on the case map.
2026-07-17,2026-07,Ituri,Fataki,FDNwbfrJhkA,9,6.0,1.9004797405000888,30.565348794325672,SitRep N64/MVB,2026-07-17,OpenAI-assisted fallback extraction from INSP SitRep PDF; used only after deterministic extraction failed validation. Rows without dashboard geometry are retained in totals but hidden on the case map.
2026-07-17,2026-07,Ituri,Gety,X8zFJ7DJlRD,1,0.0,1.253148786140514,30.189368117956285,SitRep N64/MVB,2026-07-17,OpenAI-assisted fallback extraction from INSP SitRep PDF; used only after deterministic extraction failed validation. Rows without dashboard geometry are retained in totals but hidden on the case map.
2026-07-17,2026-07,Ituri,Kambala,SkEKQLSulmp,2,2.0,2.313255370000064,30.54737129473464,SitRep N64/MVB,2026-07-17,OpenAI-assisted fallback extraction from INSP SitRep PDF; used only after deterministic extraction failed validation. Rows without dashboard geometry are retained in totals but hidden on the case map.
2026-07-17,2026-07,Ituri,Kilo,sbyWSsdZ3tj,11,3.0,1.7598275375000298,30.080701985660504,SitRep N64/MVB,2026-07-17,OpenAI-assisted fallback extraction from INSP SitRep PDF; used only after deterministic extraction failed validation. Rows without dashboard geometry are retained in totals but hidden on the case map.
2026-07-17,2026-07,Ituri,Komanda,i2mtQy4nTmD,27,10.0,1.1261791000000585,29.62557262065517,SitRep N64/MVB,2026-07-17,OpenAI-assisted fallback extraction from INSP SitRep PDF; used only after deterministic extraction failed validation. Rows without dashboard geometry are retained in totals but hidden on the case map.
2026-07-17,2026-07,Ituri,Lita,xGWcGHazqtw,77,27.0,1.588332974500048,30.38710948970807,SitRep N64/MVB,2026-07-17,OpenAI-assisted fallback extraction from INSP SitRep PDF; used only after deterministic extraction failed validation. Rows without dashboard geometry are retained in totals but hidden on the case map.
2026-07-17,2026-07,Ituri,Logo,qqGoQGSp1Dw,7,1.0,2.155727226000039,30.877556277526388,SitRep N64/MVB,2026-07-17,OpenAI-assisted fallback extraction from INSP SitRep PDF; used only after deterministic extraction failed validation. Rows without dashboard geometry are retained in totals but hidden on the case map.
2026-07-17,2026-07,Ituri,Lolwa,xp3Y1OXHZLj,2,1.0,1.4666692450000482,29.46470993607435,SitRep N64/MVB,2026-07-17,OpenAI-assisted fallback extraction from INSP SitRep PDF; used only after deterministic extraction failed validation. Rows without dashboard geometry are retained in totals but hidden on the case map.
2026-07-17,2026-07,Ituri,Mahagi,seNn0NUsKYn,1,0.0,2.3021508495800296,30.865062342480392,SitRep N64/MVB,2026-07-17,OpenAI-assisted fallback extraction from INSP SitRep PDF; used only after deterministic extraction failed validation. Rows without dashboard geometry are retained in totals but hidden on the case map.
2026-07-17,2026-07,Ituri,Mambasa,RjHZChl5gJQ,8,5.0,1.4290391459577108,28.62314089055854,SitRep N64/MVB,2026-07-17,OpenAI-assisted fallback extraction from INSP SitRep PDF; used only after deterministic extraction failed validation. Rows without dashboard geometry are retained in totals but hidden on the case map.
2026-07-17,2026-07,Ituri,Mandima,YpXUkTbtAPA,9,4.0,0.9848691425853816,29.17200687013976,SitRep N64/MVB,2026-07-17,OpenAI-assisted fallback extraction from INSP SitRep PDF; used only after deterministic extraction failed validation. Rows without dashboard geometry are retained in totals but hidden on the case map.
2026-07-17,2026-07,Ituri,Mangala,,56,33.0,,,SitRep N64/MVB,2026-07-17,OpenAI-assisted fallback extraction from INSP SitRep PDF; used only after deterministic extraction failed validation. Rows without dashboard geometry are retained in totals but hidden on the case map.
2026-07-17,2026-07,Ituri,Mongbwalu,nv8tx681Gjd,355,196.0,2.120204140000084,29.46395014319073,SitRep N64/MVB,2026-07-17,OpenAI-assisted fallback extraction from INSP SitRep PDF; used only after deterministic extraction failed validation. Rows without dashboard geometry are retained in totals but hidden on the case map.
2026-07-17,2026-07,Ituri,Nia-Nia,,47,12.0,,,SitRep N64/MVB,2026-07-17,OpenAI-assisted fallback extraction from INSP SitRep PDF; used only after deterministic extraction failed validation. Rows without dashboard geometry are retained in totals but hidden on the case map.
2026-07-17,2026-07,Ituri,Nizi,TCE5waEW7Fi,168,79.0,1.7491092545000129,30.29386589242562,SitRep N64/MVB,2026-07-17,OpenAI-assisted fallback extraction from INSP SitRep PDF; used only after deterministic extraction failed validation. Rows without dashboard geometry are retained in totals but hidden on the case map.
2026-07-17,2026-07,Ituri,Nyankunde,mGTaa8TFifO,99,28.0,1.4866449679154434,29.933917392135683,SitRep N64/MVB,2026-07-17,OpenAI-assisted fallback extraction from INSP SitRep PDF; used only after deterministic extraction failed validation. Rows without dashboard geometry are retained in totals but hidden on the case map.
2026-07-17,2026-07,Ituri,Rimba,a2aJcbwnjoK,5,0.0,2.2214134000000456,30.706000954123333,SitRep N64/MVB,2026-07-17,OpenAI-assisted fallback extraction from INSP SitRep PDF; used only after deterministic extraction failed validation. Rows without dashboard geometry are retained in totals but hidden on the case map.
2026-07-17,2026-07,Ituri,Rwampara,vPxN2nZnBXK,430,116.0,1.5710652340000308,30.08327315923981,SitRep N64/MVB,2026-07-17,OpenAI-assisted fallback extraction from INSP SitRep PDF; used only after deterministic extraction failed validation. Rows without dashboard geometry are retained in totals but hidden on the case map.
2026-07-17,2026-07,Ituri,Tchomia,rhj4btTd3i0,21,5.0,1.5216207475000374,30.468986199294,SitRep N64/MVB,2026-07-17,OpenAI-assisted fallback extraction from INSP SitRep PDF; used only after deterministic extraction failed validation. Rows without dashboard geometry are retained in totals but hidden on the case map.
2026-07-17,2026-07,Nord-Kivu,Beni,msg2MyMGhKv,34,24.0,0.493171248666955,29.51358389763662,SitRep N64/MVB,2026-07-17,OpenAI-assisted fallback extraction from INSP SitRep PDF; used only after deterministic extraction failed validation. Rows without dashboard geometry are retained in totals but hidden on the case map.
2026-07-17,2026-07,Nord-Kivu,Butembo,foR0DRLqtdJ,55,27.0,0.1465342500003714,29.251277502423125,SitRep N64/MVB,2026-07-17,OpenAI-assisted fallback extraction from INSP SitRep PDF; used only after deterministic extraction failed validation. Rows without dashboard geometry are retained in totals but hidden on the case map.
2026-07-17,2026-07,Nord-Kivu,Goma,t8tjGKVhkl3,1,0.0,-1.6528676989999551,29.17826328304752,SitRep N64/MVB,2026-07-17,OpenAI-assisted fallback extraction from INSP SitRep PDF; used only after deterministic extraction failed validation. Rows without dashboard geometry are retained in totals but hidden on the case map.
2026-07-17,2026-07,Nord-Kivu,Kalunguta,XoJ3dLz68aj,2,1.0,0.3266166500000906,29.34622252068664,SitRep N64/MVB,2026-07-17,OpenAI-assisted fallback extraction from INSP SitRep PDF; used only after deterministic extraction failed validation. Rows without dashboard geometry are retained in totals but hidden on the case map.
2026-07-17,2026-07,Nord-Kivu,Katwa,woJBeEpIZdy,92,67.0,0.1198993135112445,29.32416416638681,SitRep N64/MVB,2026-07-17,OpenAI-assisted fallback extraction from INSP SitRep PDF; used only after deterministic extraction failed validation. Rows without dashboard geometry are retained in totals but hidden on the case map.
2026-07-17,2026-07,Nord-Kivu,Kyondo,amGiV9h9C2I,8,4.0,0.0132661619471709,29.50420270117476,SitRep N64/MVB,2026-07-17,OpenAI-assisted fallback extraction from INSP SitRep PDF; used only after deterministic extraction failed validation. Rows without dashboard geometry are retained in totals but hidden on the case map.
2026-07-17,2026-07,Nord-Kivu,Mabalako,svtAZQ9nVl0,1,0.0,0.5045215710000548,29.19392959948652,SitRep N64/MVB,2026-07-17,OpenAI-assisted fallback extraction from INSP SitRep PDF; used only after deterministic extraction failed validation. Rows without dashboard geometry are retained in totals but hidden on the case map.
2026-07-17,2026-07,Nord-Kivu,Masereka,kQCMPbHKQ93,3,0.0,-0.1092755664999742,29.327512197678764,SitRep N64/MVB,2026-07-17,OpenAI-assisted fallback extraction from INSP SitRep PDF; used only after deterministic extraction failed validation. Rows without dashboard geometry are retained in totals but hidden on the case map.
2026-07-17,2026-07,Nord-Kivu,Musienene,VooLsNf0dDB,14,3.0,0.0725136590002364,28.35327518112168,SitRep N64/MVB,2026-07-17,OpenAI-assisted fallback extraction from INSP SitRep PDF; used only after deterministic extraction failed validation. Rows without dashboard geometry are retained in totals but hidden on the case map.
2026-07-17,2026-07,Nord-Kivu,Oicha,zOOAshOz4Cz,3,3.0,0.7639879778753311,29.54704482375912,SitRep N64/MVB,2026-07-17,OpenAI-assisted fallback extraction from INSP SitRep PDF; used only after deterministic extraction failed validation. Rows without dashboard geometry are retained in totals but hidden on the case map.
2026-07-17,2026-07,Nord-Kivu,Vuhovi,,1,1.0,,,SitRep N64/MVB,2026-07-17,OpenAI-assisted fallback extraction from INSP SitRep PDF; used only after deterministic extraction failed validation. Rows without dashboard geometry are retained in totals but hidden on the case map.
2026-07-17,2026-07,Sud-Kivu,Miti-Murhesa,,3,1.0,,,SitRep N64/MVB,2026-07-17,OpenAI-assisted fallback extraction from INSP SitRep PDF; used only after deterministic extraction failed validation. Rows without dashboard geometry are retained in totals but hidden on the case map.
2026-07-17,2026-07,Tshopo,Lubunga,I9d1F9TGn33,1,0.0,0.4130002195000486,25.10564709446672,SitRep N64/MVB,2026-07-17,OpenAI-assisted fallback extraction from INSP SitRep PDF; used only after deterministic extraction failed validation. Rows without dashboard geometry are retained in totals but hidden on the case map.
2026-07-17,2026-07,Tshopo,Makiso-Kisangani,,3,3.0,,,SitRep N64/MVB,2026-07-17,OpenAI-assisted fallback extraction from INSP SitRep PDF; used only after deterministic extraction failed validation. Rows without dashboard geometry are retained in totals but hidden on the case map.
2026-07-17,2026-07,Tshopo,Mangobo,wOWB7WbNuSN,1,1.0,0.5399329588970425,25.15236555521503,SitRep N64/MVB,2026-07-17,OpenAI-assisted fallback extraction from INSP SitRep PDF; used only after deterministic extraction failed validation. Rows without dashboard geometry are retained in totals but hidden on the case map.
2026-07-18,2026-07,Haut-Uélé,Boma Mangbetu,qwBasnNFRFW,4,2.0,2.2351428900001054,27.79291728128205,SitRep N65/MVB,2026-07-18,OpenAI-assisted fallback extraction from INSP SitRep PDF; used only after deterministic extraction failed validation. Rows without dashboard geometry are retained in totals but hidden on the case map.
2026-07-18,2026-07,Haut-Uélé,Isiro,lW6NlTXqGcv,3,2.0,2.398158594500046,27.318090299264888,SitRep N65/MVB,2026-07-18,OpenAI-assisted fallback extraction from INSP SitRep PDF; used only after deterministic extraction failed validation. Rows without dashboard geometry are retained in totals but hidden on the case map.
2026-07-18,2026-07,Haut-Uélé,Pawa,ZxQY9szHMx5,3,3.0,2.336214680000097,27.5370451072996,SitRep N65/MVB,2026-07-18,OpenAI-assisted fallback extraction from INSP SitRep PDF; used only after deterministic extraction failed validation. Rows without dashboard geometry are retained in totals but hidden on the case map.
2026-07-18,2026-07,Haut-Uélé,Wamba,ET5R8zSN3gm,6,3.0,2.104064561500138,28.0995466507865,SitRep N65/MVB,2026-07-18,OpenAI-assisted fallback extraction from INSP SitRep PDF; used only after deterministic extraction failed validation. Rows without dashboard geometry are retained in totals but hidden on the case map.
2026-07-18,2026-07,Ituri,Ariwara,fM8IqjhdeyL,6,1.0,3.1940884310532445,30.693184448654044,SitRep N65/MVB,2026-07-18,OpenAI-assisted fallback extraction from INSP SitRep PDF; used only after deterministic extraction failed validation. Rows without dashboard geometry are retained in totals but hidden on the case map.
2026-07-18,2026-07,Ituri,Aru,v8PqffapuVl,4,1.0,2.859042986322321,30.833681049566664,SitRep N65/MVB,2026-07-18,OpenAI-assisted fallback extraction from INSP SitRep PDF; used only after deterministic extraction failed validation. Rows without dashboard geometry are retained in totals but hidden on the case map.
2026-07-18,2026-07,Ituri,Aungba,DFcltLEKLxj,6,2.0,2.5670708830760702,30.592536320311343,SitRep N65/MVB,2026-07-18,OpenAI-assisted fallback extraction from INSP SitRep PDF; used only after deterministic extraction failed validation. Rows without dashboard geometry are retained in totals but hidden on the case map.
2026-07-18,2026-07,Ituri,Bambu,Uc3GqWS8C0w,36,12.0,1.8633970955000336,30.20627592724413,SitRep N65/MVB,2026-07-18,OpenAI-assisted fallback extraction from INSP SitRep PDF; used only after deterministic extraction failed validation. Rows without dashboard geometry are retained in totals but hidden on the case map.
2026-07-18,2026-07,Ituri,Boga,rLadlFjzCh7,1,1.0,0.9822493237397868,30.00346149291752,SitRep N65/MVB,2026-07-18,OpenAI-assisted fallback extraction from INSP SitRep PDF; used only after deterministic extraction failed validation. Rows without dashboard geometry are retained in totals but hidden on the case map.
2026-07-18,2026-07,Ituri,Bunia,GPi6i83o7l6,621,202.0,1.607713140500067,30.282078091482003,SitRep N65/MVB,2026-07-18,OpenAI-assisted fallback extraction from INSP SitRep PDF; used only after deterministic extraction failed validation. Rows without dashboard geometry are retained in totals but hidden on the case map.
2026-07-18,2026-07,Ituri,Damas,ApdB8z3Wrxt,7,0.0,2.1976361605001387,30.22934640858644,SitRep N65/MVB,2026-07-18,OpenAI-assisted fallback extraction from INSP SitRep PDF; used only after deterministic extraction failed validation. Rows without dashboard geometry are retained in totals but hidden on the case map.
2026-07-18,2026-07,Ituri,Drodro,OIhgsXcZf6x,5,3.0,1.7484347510000475,30.586912835820826,SitRep N65/MVB,2026-07-18,OpenAI-assisted fallback extraction from INSP SitRep PDF; used only after deterministic extraction failed validation. Rows without dashboard geometry are retained in totals but hidden on the case map.
2026-07-18,2026-07,Ituri,Fataki,FDNwbfrJhkA,11,7.0,1.9004797405000888,30.565348794325672,SitRep N65/MVB,2026-07-18,OpenAI-assisted fallback extraction from INSP SitRep PDF; used only after deterministic extraction failed validation. Rows without dashboard geometry are retained in totals but hidden on the case map.
2026-07-18,2026-07,Ituri,Gety,X8zFJ7DJlRD,1,0.0,1.253148786140514,30.189368117956285,SitRep N65/MVB,2026-07-18,OpenAI-assisted fallback extraction from INSP SitRep PDF; used only after deterministic extraction failed validation. Rows without dashboard geometry are retained in totals but hidden on the case map.
2026-07-18,2026-07,Ituri,Kambala,SkEKQLSulmp,2,2.0,2.313255370000064,30.54737129473464,SitRep N65/MVB,2026-07-18,OpenAI-assisted fallback extraction from INSP SitRep PDF; used only after deterministic extraction failed validation. Rows without dashboard geometry are retained in totals but hidden on the case map.
2026-07-18,2026-07,Ituri,Kilo,sbyWSsdZ3tj,11,3.0,1.7598275375000298,30.080701985660504,SitRep N65/MVB,2026-07-18,OpenAI-assisted fallback extraction from INSP SitRep PDF; used only after deterministic extraction failed validation. Rows without dashboard geometry are retained in totals but hidden on the case map.
2026-07-18,2026-07,Ituri,Komanda,i2mtQy4nTmD,27,10.0,1.1261791000000585,29.62557262065517,SitRep N65/MVB,2026-07-18,OpenAI-assisted fallback extraction from INSP SitRep PDF; used only after deterministic extraction failed validation. Rows without dashboard geometry are retained in totals but hidden on the case map.
2026-07-18,2026-07,Ituri,Lita,xGWcGHazqtw,77,27.0,1.588332974500048,30.38710948970807,SitRep N65/MVB,2026-07-18,OpenAI-assisted fallback extraction from INSP SitRep PDF; used only after deterministic extraction failed validation. Rows without dashboard geometry are retained in totals but hidden on the case map.
2026-07-18,2026-07,Ituri,Logo,qqGoQGSp1Dw,7,1.0,2.155727226000039,30.877556277526388,SitRep N65/MVB,2026-07-18,OpenAI-assisted fallback extraction from INSP SitRep PDF; used only after deterministic extraction failed validation. Rows without dashboard geometry are retained in totals but hidden on the case map.
2026-07-18,2026-07,Ituri,Lolwa,xp3Y1OXHZLj,2,1.0,1.4666692450000482,29.46470993607435,SitRep N65/MVB,2026-07-18,OpenAI-assisted fallback extraction from INSP SitRep PDF; used only after deterministic extraction failed validation. Rows without dashboard geometry are retained in totals but hidden on the case map.
2026-07-18,2026-07,Ituri,Mahagi,seNn0NUsKYn,1,0.0,2.3021508495800296,30.865062342480392,SitRep N65/MVB,2026-07-18,OpenAI-assisted fallback extraction from INSP SitRep PDF; used only after deterministic extraction failed validation. Rows without dashboard geometry are retained in totals but hidden on the case map.
2026-07-18,2026-07,Ituri,Mambasa,RjHZChl5gJQ,8,6.0,1.4290391459577108,28.62314089055854,SitRep N65/MVB,2026-07-18,OpenAI-assisted fallback extraction from INSP SitRep PDF; used only after deterministic extraction failed validation. Rows without dashboard geometry are retained in totals but hidden on the case map.
2026-07-18,2026-07,Ituri,Mandima,YpXUkTbtAPA,9,4.0,0.9848691425853816,29.17200687013976,SitRep N65/MVB,2026-07-18,OpenAI-assisted fallback extraction from INSP SitRep PDF; used only after deterministic extraction failed validation. Rows without dashboard geometry are retained in totals but hidden on the case map.
2026-07-18,2026-07,Ituri,Mangala,,58,35.0,,,SitRep N65/MVB,2026-07-18,OpenAI-assisted fallback extraction from INSP SitRep PDF; used only after deterministic extraction failed validation. Rows without dashboard geometry are retained in totals but hidden on the case map.
2026-07-18,2026-07,Ituri,Mongbwalu,nv8tx681Gjd,360,199.0,2.120204140000084,29.46395014319073,SitRep N65/MVB,2026-07-18,OpenAI-assisted fallback extraction from INSP SitRep PDF; used only after deterministic extraction failed validation. Rows without dashboard geometry are retained in totals but hidden on the case map.
2026-07-18,2026-07,Ituri,Nia-Nia,,49,15.0,,,SitRep N65/MVB,2026-07-18,OpenAI-assisted fallback extraction from INSP SitRep PDF; used only after deterministic extraction failed validation. Rows without dashboard geometry are retained in totals but hidden on the case map.
2026-07-18,2026-07,Ituri,Nizi,TCE5waEW7Fi,198,87.0,1.7491092545000129,30.29386589242562,SitRep N65/MVB,2026-07-18,OpenAI-assisted fallback extraction from INSP SitRep PDF; used only after deterministic extraction failed validation. Rows without dashboard geometry are retained in totals but hidden on the case map.
2026-07-18,2026-07,Ituri,Nyankunde,mGTaa8TFifO,99,28.0,1.4866449679154434,29.933917392135683,SitRep N65/MVB,2026-07-18,OpenAI-assisted fallback extraction from INSP SitRep PDF; used only after deterministic extraction failed validation. Rows without dashboard geometry are retained in totals but hidden on the case map.
2026-07-18,2026-07,Ituri,Rimba,a2aJcbwnjoK,5,0.0,2.2214134000000456,30.706000954123333,SitRep N65/MVB,2026-07-18,OpenAI-assisted fallback extraction from INSP SitRep PDF; used only after deterministic extraction failed validation. Rows without dashboard geometry are retained in totals but hidden on the case map.
2026-07-18,2026-07,Ituri,Rwampara,vPxN2nZnBXK,440,124.0,1.5710652340000308,30.08327315923981,SitRep N65/MVB,2026-07-18,OpenAI-assisted fallback extraction from INSP SitRep PDF; used only after deterministic extraction failed validation. Rows without dashboard geometry are retained in totals but hidden on the case map.
2026-07-18,2026-07,Ituri,Tchomia,rhj4btTd3i0,22,5.0,1.5216207475000374,30.468986199294,SitRep N65/MVB,2026-07-18,OpenAI-assisted fallback extraction from INSP SitRep PDF; used only after deterministic extraction failed validation. Rows without dashboard geometry are retained in totals but hidden on the case map.
2026-07-18,2026-07,Nord-Kivu,Beni,msg2MyMGhKv,37,25.0,0.493171248666955,29.51358389763662,SitRep N65/MVB,2026-07-18,OpenAI-assisted fallback extraction from INSP SitRep PDF; used only after deterministic extraction failed validation. Rows without dashboard geometry are retained in totals but hidden on the case map.
2026-07-18,2026-07,Nord-Kivu,Butembo,foR0DRLqtdJ,57,29.0,0.1465342500003714,29.251277502423125,SitRep N65/MVB,2026-07-18,OpenAI-assisted fallback extraction from INSP SitRep PDF; used only after deterministic extraction failed validation. Rows without dashboard geometry are retained in totals but hidden on the case map.
2026-07-18,2026-07,Nord-Kivu,Goma,t8tjGKVhkl3,1,0.0,-1.6528676989999551,29.17826328304752,SitRep N65/MVB,2026-07-18,OpenAI-assisted fallback extraction from INSP SitRep PDF; used only after deterministic extraction failed validation. Rows without dashboard geometry are retained in totals but hidden on the case map.
2026-07-18,2026-07,Nord-Kivu,Kalunguta,XoJ3dLz68aj,2,1.0,0.3266166500000906,29.34622252068664,SitRep N65/MVB,2026-07-18,OpenAI-assisted fallback extraction from INSP SitRep PDF; used only after deterministic extraction failed validation. Rows without dashboard geometry are retained in totals but hidden on the case map.
2026-07-18,2026-07,Nord-Kivu,Katwa,woJBeEpIZdy,98,71.0,0.1198993135112445,29.32416416638681,SitRep N65/MVB,2026-07-18,OpenAI-assisted fallback extraction from INSP SitRep PDF; used only after deterministic extraction failed validation. Rows without dashboard geometry are retained in totals but hidden on the case map.
2026-07-18,2026-07,Nord-Kivu,Kyondo,amGiV9h9C2I,9,4.0,0.0132661619471709,29.50420270117476,SitRep N65/MVB,2026-07-18,OpenAI-assisted fallback extraction from INSP SitRep PDF; used only after deterministic extraction failed validation. Rows without dashboard geometry are retained in totals but hidden on the case map.
2026-07-18,2026-07,Nord-Kivu,Mabalako,svtAZQ9nVl0,1,0.0,0.5045215710000548,29.19392959948652,SitRep N65/MVB,2026-07-18,OpenAI-assisted fallback extraction from INSP SitRep PDF; used only after deterministic extraction failed validation. Rows without dashboard geometry are retained in totals but hidden on the case map.
2026-07-18,2026-07,Nord-Kivu,Masereka,kQCMPbHKQ93,3,0.0,-0.1092755664999742,29.327512197678764,SitRep N65/MVB,2026-07-18,OpenAI-assisted fallback extraction from INSP SitRep PDF; used only after deterministic extraction failed validation. Rows without dashboard geometry are retained in totals but hidden on the case map.
2026-07-18,2026-07,Nord-Kivu,Musienene,VooLsNf0dDB,18,5.0,0.0725136590002364,28.35327518112168,SitRep N65/MVB,2026-07-18,OpenAI-assisted fallback extraction from INSP SitRep PDF; used only after deterministic extraction failed validation. Rows without dashboard geometry are retained in totals but hidden on the case map.
2026-07-18,2026-07,Nord-Kivu,Oicha,zOOAshOz4Cz,3,3.0,0.7639879778753311,29.54704482375912,SitRep N65/MVB,2026-07-18,OpenAI-assisted fallback extraction from INSP SitRep PDF; used only after deterministic extraction failed validation. Rows without dashboard geometry are retained in totals but hidden on the case map.
2026-07-18,2026-07,Nord-Kivu,Vuhovi,,1,1.0,,,SitRep N65/MVB,2026-07-18,OpenAI-assisted fallback extraction from INSP SitRep PDF; used only after deterministic extraction failed validation. Rows without dashboard geometry are retained in totals but hidden on the case map.
2026-07-18,2026-07,Sud-Kivu,Miti-Murhesa,,3,1.0,,,SitRep N65/MVB,2026-07-18,OpenAI-assisted fallback extraction from INSP SitRep PDF; used only after deterministic extraction failed validation. Rows without dashboard geometry are retained in totals but hidden on the case map.
2026-07-18,2026-07,Tshopo,Lubunga,I9d1F9TGn33,1,0.0,0.4130002195000486,25.10564709446672,SitRep N65/MVB,2026-07-18,OpenAI-assisted fallback extraction from INSP SitRep PDF; used only after deterministic extraction failed validation. Rows without dashboard geometry are retained in totals but hidden on the case map.
2026-07-18,2026-07,Tshopo,Makiso-Kisangani,,3,3.0,,,SitRep N65/MVB,2026-07-18,OpenAI-assisted fallback extraction from INSP SitRep PDF; used only after deterministic extraction failed validation. Rows without dashboard geometry are retained in totals but hidden on the case map.
2026-07-18,2026-07,Tshopo,Mangobo,wOWB7WbNuSN,1,1.0,0.5399329588970425,25.15236555521503,SitRep N65/MVB,2026-07-18,OpenAI-assisted fallback extraction from INSP SitRep PDF; used only after deterministic extraction failed validation. Rows without dashboard geometry are retained in totals but hidden on the case map.
2026-07-19,2026-07,Haut-Uélé,Boma Mangbetu,qwBasnNFRFW,4,2.0,2.2351428900001054,27.79291728128205,SitRep N66/MVB,2026-07-19,OpenAI-assisted fallback extraction from INSP SitRep PDF; used only after deterministic extraction failed validation. Rows without dashboard geometry are retained in totals but hidden on the case map.
2026-07-19,2026-07,Haut-Uélé,Isiro,lW6NlTXqGcv,3,2.0,2.398158594500046,27.318090299264888,SitRep N66/MVB,2026-07-19,OpenAI-assisted fallback extraction from INSP SitRep PDF; used only after deterministic extraction failed validation. Rows without dashboard geometry are retained in totals but hidden on the case map.
2026-07-19,2026-07,Haut-Uélé,Pawa,ZxQY9szHMx5,3,3.0,2.336214680000097,27.5370451072996,SitRep N66/MVB,2026-07-19,OpenAI-assisted fallback extraction from INSP SitRep PDF; used only after deterministic extraction failed validation. Rows without dashboard geometry are retained in totals but hidden on the case map.
2026-07-19,2026-07,Haut-Uélé,Wamba,ET5R8zSN3gm,6,3.0,2.104064561500138,28.0995466507865,SitRep N66/MVB,2026-07-19,OpenAI-assisted fallback extraction from INSP SitRep PDF; used only after deterministic extraction failed validation. Rows without dashboard geometry are retained in totals but hidden on the case map.
2026-07-19,2026-07,Ituri,Adja,CLboGR4F3lj,10,1.0,3.075097472000124,30.475237413395348,SitRep N66/MVB,2026-07-19,OpenAI-assisted fallback extraction from INSP SitRep PDF; used only after deterministic extraction failed validation. Rows without dashboard geometry are retained in totals but hidden on the case map.
2026-07-19,2026-07,Ituri,Ariwara,fM8IqjhdeyL,7,1.0,3.1940884310532445,30.693184448654044,SitRep N66/MVB,2026-07-19,OpenAI-assisted fallback extraction from INSP SitRep PDF; used only after deterministic extraction failed validation. Rows without dashboard geometry are retained in totals but hidden on the case map.
2026-07-19,2026-07,Ituri,Aru,v8PqffapuVl,4,1.0,2.859042986322321,30.833681049566664,SitRep N66/MVB,2026-07-19,OpenAI-assisted fallback extraction from INSP SitRep PDF; used only after deterministic extraction failed validation. Rows without dashboard geometry are retained in totals but hidden on the case map.
2026-07-19,2026-07,Ituri,Aungba,DFcltLEKLxj,6,2.0,2.5670708830760702,30.592536320311343,SitRep N66/MVB,2026-07-19,OpenAI-assisted fallback extraction from INSP SitRep PDF; used only after deterministic extraction failed validation. Rows without dashboard geometry are retained in totals but hidden on the case map.
2026-07-19,2026-07,Ituri,Bambu,Uc3GqWS8C0w,40,14.0,1.8633970955000336,30.20627592724413,SitRep N66/MVB,2026-07-19,OpenAI-assisted fallback extraction from INSP SitRep PDF; used only after deterministic extraction failed validation. Rows without dashboard geometry are retained in totals but hidden on the case map.
2026-07-19,2026-07,Ituri,Boga,rLadlFjzCh7,1,1.0,0.9822493237397868,30.00346149291752,SitRep N66/MVB,2026-07-19,OpenAI-assisted fallback extraction from INSP SitRep PDF; used only after deterministic extraction failed validation. Rows without dashboard geometry are retained in totals but hidden on the case map.
2026-07-19,2026-07,Ituri,Bunia,GPi6i83o7l6,639,211.0,1.607713140500067,30.282078091482003,SitRep N66/MVB,2026-07-19,OpenAI-assisted fallback extraction from INSP SitRep PDF; used only after deterministic extraction failed validation. Rows without dashboard geometry are retained in totals but hidden on the case map.
2026-07-19,2026-07,Ituri,Damas,ApdB8z3Wrxt,7,0.0,2.1976361605001387,30.22934640858644,SitRep N66/MVB,2026-07-19,OpenAI-assisted fallback extraction from INSP SitRep PDF; used only after deterministic extraction failed validation. Rows without dashboard geometry are retained in totals but hidden on the case map.
2026-07-19,2026-07,Ituri,Drodro,OIhgsXcZf6x,5,3.0,1.7484347510000475,30.586912835820826,SitRep N66/MVB,2026-07-19,OpenAI-assisted fallback extraction from INSP SitRep PDF; used only after deterministic extraction failed validation. Rows without dashboard geometry are retained in totals but hidden on the case map.
2026-07-19,2026-07,Ituri,Fataki,FDNwbfrJhkA,11,7.0,1.9004797405000888,30.565348794325672,SitRep N66/MVB,2026-07-19,OpenAI-assisted fallback extraction from INSP SitRep PDF; used only after deterministic extraction failed validation. Rows without dashboard geometry are retained in totals but hidden on the case map.
2026-07-19,2026-07,Ituri,Gety,X8zFJ7DJlRD,1,0.0,1.253148786140514,30.189368117956285,SitRep N66/MVB,2026-07-19,OpenAI-assisted fallback extraction from INSP SitRep PDF; used only after deterministic extraction failed validation. Rows without dashboard geometry are retained in totals but hidden on the case map.
2026-07-19,2026-07,Ituri,Kambala,SkEKQLSulmp,2,2.0,2.313255370000064,30.54737129473464,SitRep N66/MVB,2026-07-19,OpenAI-assisted fallback extraction from INSP SitRep PDF; used only after deterministic extraction failed validation. Rows without dashboard geometry are retained in totals but hidden on the case map.
2026-07-19,2026-07,Ituri,Kilo,sbyWSsdZ3tj,11,3.0,1.7598275375000298,30.080701985660504,SitRep N66/MVB,2026-07-19,OpenAI-assisted fallback extraction from INSP SitRep PDF; used only after deterministic extraction failed validation. Rows without dashboard geometry are retained in totals but hidden on the case map.
2026-07-19,2026-07,Ituri,Komanda,i2mtQy4nTmD,27,10.0,1.1261791000000585,29.62557262065517,SitRep N66/MVB,2026-07-19,OpenAI-assisted fallback extraction from INSP SitRep PDF; used only after deterministic extraction failed validation. Rows without dashboard geometry are retained in totals but hidden on the case map.
2026-07-19,2026-07,Ituri,Lita,xGWcGHazqtw,78,27.0,1.588332974500048,30.38710948970807,SitRep N66/MVB,2026-07-19,OpenAI-assisted fallback extraction from INSP SitRep PDF; used only after deterministic extraction failed validation. Rows without dashboard geometry are retained in totals but hidden on the case map.
2026-07-19,2026-07,Ituri,Logo,qqGoQGSp1Dw,8,1.0,2.155727226000039,30.877556277526388,SitRep N66/MVB,2026-07-19,OpenAI-assisted fallback extraction from INSP SitRep PDF; used only after deterministic extraction failed validation. Rows without dashboard geometry are retained in totals but hidden on the case map.
2026-07-19,2026-07,Ituri,Lolwa,xp3Y1OXHZLj,2,1.0,1.4666692450000482,29.46470993607435,SitRep N66/MVB,2026-07-19,OpenAI-assisted fallback extraction from INSP SitRep PDF; used only after deterministic extraction failed validation. Rows without dashboard geometry are retained in totals but hidden on the case map.
2026-07-19,2026-07,Ituri,Mahagi,seNn0NUsKYn,1,0.0,2.3021508495800296,30.865062342480392,SitRep N66/MVB,2026-07-19,OpenAI-assisted fallback extraction from INSP SitRep PDF; used only after deterministic extraction failed validation. Rows without dashboard geometry are retained in totals but hidden on the case map.
2026-07-19,2026-07,Ituri,Mambasa,RjHZChl5gJQ,8,6.0,1.4290391459577108,28.62314089055854,SitRep N66/MVB,2026-07-19,OpenAI-assisted fallback extraction from INSP SitRep PDF; used only after deterministic extraction failed validation. Rows without dashboard geometry are retained in totals but hidden on the case map.
2026-07-19,2026-07,Ituri,Mandima,YpXUkTbtAPA,9,4.0,0.9848691425853816,29.17200687013976,SitRep N66/MVB,2026-07-19,OpenAI-assisted fallback extraction from INSP SitRep PDF; used only after deterministic extraction failed validation. Rows without dashboard geometry are retained in totals but hidden on the case map.
2026-07-19,2026-07,Ituri,Mangala,,61,38.0,,,SitRep N66/MVB,2026-07-19,OpenAI-assisted fallback extraction from INSP SitRep PDF; used only after deterministic extraction failed validation. Rows without dashboard geometry are retained in totals but hidden on the case map.
2026-07-19,2026-07,Ituri,Mongbwalu,nv8tx681Gjd,363,203.0,2.120204140000084,29.46395014319073,SitRep N66/MVB,2026-07-19,OpenAI-assisted fallback extraction from INSP SitRep PDF; used only after deterministic extraction failed validation. Rows without dashboard geometry are retained in totals but hidden on the case map.
2026-07-19,2026-07,Ituri,Nia-Nia,,51,15.0,,,SitRep N66/MVB,2026-07-19,OpenAI-assisted fallback extraction from INSP SitRep PDF; used only after deterministic extraction failed validation. Rows without dashboard geometry are retained in totals but hidden on the case map.
2026-07-19,2026-07,Ituri,Nizi,TCE5waEW7Fi,214,93.0,1.7491092545000129,30.29386589242562,SitRep N66/MVB,2026-07-19,OpenAI-assisted fallback extraction from INSP SitRep PDF; used only after deterministic extraction failed validation. Rows without dashboard geometry are retained in totals but hidden on the case map.
2026-07-19,2026-07,Ituri,Nyankunde,mGTaa8TFifO,99,28.0,1.4866449679154434,29.933917392135683,SitRep N66/MVB,2026-07-19,OpenAI-assisted fallback extraction from INSP SitRep PDF; used only after deterministic extraction failed validation. Rows without dashboard geometry are retained in totals but hidden on the case map.
2026-07-19,2026-07,Ituri,Rimba,a2aJcbwnjoK,5,0.0,2.2214134000000456,30.706000954123333,SitRep N66/MVB,2026-07-19,OpenAI-assisted fallback extraction from INSP SitRep PDF; used only after deterministic extraction failed validation. Rows without dashboard geometry are retained in totals but hidden on the case map.
2026-07-19,2026-07,Ituri,Rwampara,vPxN2nZnBXK,450,133.0,1.5710652340000308,30.08327315923981,SitRep N66/MVB,2026-07-19,OpenAI-assisted fallback extraction from INSP SitRep PDF; used only after deterministic extraction failed validation. Rows without dashboard geometry are retained in totals but hidden on the case map.
2026-07-19,2026-07,Ituri,Tchomia,rhj4btTd3i0,23,6.0,1.5216207475000374,30.468986199294,SitRep N66/MVB,2026-07-19,OpenAI-assisted fallback extraction from INSP SitRep PDF; used only after deterministic extraction failed validation. Rows without dashboard geometry are retained in totals but hidden on the case map.
2026-07-19,2026-07,Nord-Kivu,Beni,msg2MyMGhKv,37,25.0,0.493171248666955,29.51358389763662,SitRep N66/MVB,2026-07-19,OpenAI-assisted fallback extraction from INSP SitRep PDF; used only after deterministic extraction failed validation. Rows without dashboard geometry are retained in totals but hidden on the case map.
2026-07-19,2026-07,Nord-Kivu,Butembo,foR0DRLqtdJ,58,30.0,0.1465342500003714,29.251277502423125,SitRep N66/MVB,2026-07-19,OpenAI-assisted fallback extraction from INSP SitRep PDF; used only after deterministic extraction failed validation. Rows without dashboard geometry are retained in totals but hidden on the case map.
2026-07-19,2026-07,Nord-Kivu,Goma,t8tjGKVhkl3,1,0.0,-1.6528676989999551,29.17826328304752,SitRep N66/MVB,2026-07-19,OpenAI-assisted fallback extraction from INSP SitRep PDF; used only after deterministic extraction failed validation. Rows without dashboard geometry are retained in totals but hidden on the case map.
2026-07-19,2026-07,Nord-Kivu,Kalunguta,XoJ3dLz68aj,2,1.0,0.3266166500000906,29.34622252068664,SitRep N66/MVB,2026-07-19,OpenAI-assisted fallback extraction from INSP SitRep PDF; used only after deterministic extraction failed validation. Rows without dashboard geometry are retained in totals but hidden on the case map.
2026-07-19,2026-07,Nord-Kivu,Katwa,woJBeEpIZdy,104,72.0,0.1198993135112445,29.32416416638681,SitRep N66/MVB,2026-07-19,OpenAI-assisted fallback extraction from INSP SitRep PDF; used only after deterministic extraction failed validation. Rows without dashboard geometry are retained in totals but hidden on the case map.
2026-07-19,2026-07,Nord-Kivu,Kyondo,amGiV9h9C2I,9,4.0,0.0132661619471709,29.50420270117476,SitRep N66/MVB,2026-07-19,OpenAI-assisted fallback extraction from INSP SitRep PDF; used only after deterministic extraction failed validation. Rows without dashboard geometry are retained in totals but hidden on the case map.
2026-07-19,2026-07,Nord-Kivu,Mabalako,svtAZQ9nVl0,1,0.0,0.5045215710000548,29.19392959948652,SitRep N66/MVB,2026-07-19,OpenAI-assisted fallback extraction from INSP SitRep PDF; used only after deterministic extraction failed validation. Rows without dashboard geometry are retained in totals but hidden on the case map.
2026-07-19,2026-07,Nord-Kivu,Masereka,kQCMPbHKQ93,3,0.0,-0.1092755664999742,29.327512197678764,SitRep N66/MVB,2026-07-19,OpenAI-assisted fallback extraction from INSP SitRep PDF; used only after deterministic extraction failed validation. Rows without dashboard geometry are retained in totals but hidden on the case map.
2026-07-19,2026-07,Nord-Kivu,Musienene,VooLsNf0dDB,19,5.0,0.0725136590002364,28.35327518112168,SitRep N66/MVB,2026-07-19,OpenAI-assisted fallback extraction from INSP SitRep PDF; used only after deterministic extraction failed validation. Rows without dashboard geometry are retained in totals but hidden on the case map.
2026-07-19,2026-07,Nord-Kivu,Oicha,zOOAshOz4Cz,4,3.0,0.7639879778753311,29.54704482375912,SitRep N66/MVB,2026-07-19,OpenAI-assisted fallback extraction from INSP SitRep PDF; used only after deterministic extraction failed validation. Rows without dashboard geometry are retained in totals but hidden on the case map.
2026-07-19,2026-07,Nord-Kivu,Vuhovi,,1,1.0,,,SitRep N66/MVB,2026-07-19,OpenAI-assisted fallback extraction from INSP SitRep PDF; used only after deterministic extraction failed validation. Rows without dashboard geometry are retained in totals but hidden on the case map.
2026-07-19,2026-07,Sud-Kivu,Miti-Murhesa,,3,1.0,,,SitRep N66/MVB,2026-07-19,OpenAI-assisted fallback extraction from INSP SitRep PDF; used only after deterministic extraction failed validation. Rows without dashboard geometry are retained in totals but hidden on the case map.
2026-07-19,2026-07,Tshopo,Lubunga,I9d1F9TGn33,1,0.0,0.4130002195000486,25.10564709446672,SitRep N66/MVB,2026-07-19,OpenAI-assisted fallback extraction from INSP SitRep PDF; used only after deterministic extraction failed validation. Rows without dashboard geometry are retained in totals but hidden on the case map.
2026-07-19,2026-07,Tshopo,Makiso-Kisangani,,3,3.0,,,SitRep N66/MVB,2026-07-19,OpenAI-assisted fallback extraction from INSP SitRep PDF; used only after deterministic extraction failed validation. Rows without dashboard geometry are retained in totals but hidden on the case map.
2026-07-19,2026-07,Tshopo,Mangobo,wOWB7WbNuSN,1,1.0,0.5399329588970425,25.15236555521503,SitRep N66/MVB,2026-07-19,OpenAI-assisted fallback extraction from INSP SitRep PDF; used only after deterministic extraction failed validation. Rows without dashboard geometry are retained in totals but hidden on the case map.
2026-07-20,2026-07,Haut-Uélé,Boma Mangbetu,qwBasnNFRFW,4,2.0,2.2351428900001054,27.79291728128205,SitRep N67/MVB,2026-07-20,OpenAI-assisted fallback extraction from INSP SitRep PDF; used only after deterministic extraction failed validation. Rows without dashboard geometry are retained in totals but hidden on the case map.
2026-07-20,2026-07,Haut-Uélé,Isiro,lW6NlTXqGcv,3,2.0,2.398158594500046,27.318090299264888,SitRep N67/MVB,2026-07-20,OpenAI-assisted fallback extraction from INSP SitRep PDF; used only after deterministic extraction failed validation. Rows without dashboard geometry are retained in totals but hidden on the case map.
2026-07-20,2026-07,Haut-Uélé,Pawa,ZxQY9szHMx5,3,3.0,2.336214680000097,27.5370451072996,SitRep N67/MVB,2026-07-20,OpenAI-assisted fallback extraction from INSP SitRep PDF; used only after deterministic extraction failed validation. Rows without dashboard geometry are retained in totals but hidden on the case map.
2026-07-20,2026-07,Haut-Uélé,Wamba,ET5R8zSN3gm,6,3.0,2.104064561500138,28.0995466507865,SitRep N67/MVB,2026-07-20,OpenAI-assisted fallback extraction from INSP SitRep PDF; used only after deterministic extraction failed validation. Rows without dashboard geometry are retained in totals but hidden on the case map.
2026-07-20,2026-07,Ituri,Adja,CLboGR4F3lj,10,1.0,3.075097472000124,30.475237413395348,SitRep N67/MVB,2026-07-20,OpenAI-assisted fallback extraction from INSP SitRep PDF; used only after deterministic extraction failed validation. Rows without dashboard geometry are retained in totals but hidden on the case map.
2026-07-20,2026-07,Ituri,Ariwara,fM8IqjhdeyL,10,1.0,3.1940884310532445,30.693184448654044,SitRep N67/MVB,2026-07-20,OpenAI-assisted fallback extraction from INSP SitRep PDF; used only after deterministic extraction failed validation. Rows without dashboard geometry are retained in totals but hidden on the case map.
2026-07-20,2026-07,Ituri,Aru,v8PqffapuVl,4,2.0,2.859042986322321,30.833681049566664,SitRep N67/MVB,2026-07-20,OpenAI-assisted fallback extraction from INSP SitRep PDF; used only after deterministic extraction failed validation. Rows without dashboard geometry are retained in totals but hidden on the case map.
2026-07-20,2026-07,Ituri,Aungba,DFcltLEKLxj,6,2.0,2.5670708830760702,30.592536320311343,SitRep N67/MVB,2026-07-20,OpenAI-assisted fallback extraction from INSP SitRep PDF; used only after deterministic extraction failed validation. Rows without dashboard geometry are retained in totals but hidden on the case map.
2026-07-20,2026-07,Ituri,Bambu,Uc3GqWS8C0w,40,14.0,1.8633970955000336,30.20627592724413,SitRep N67/MVB,2026-07-20,OpenAI-assisted fallback extraction from INSP SitRep PDF; used only after deterministic extraction failed validation. Rows without dashboard geometry are retained in totals but hidden on the case map.
2026-07-20,2026-07,Ituri,Boga,rLadlFjzCh7,1,1.0,0.9822493237397868,30.00346149291752,SitRep N67/MVB,2026-07-20,OpenAI-assisted fallback extraction from INSP SitRep PDF; used only after deterministic extraction failed validation. Rows without dashboard geometry are retained in totals but hidden on the case map.
2026-07-20,2026-07,Ituri,Bunia,GPi6i83o7l6,657,219.0,1.607713140500067,30.282078091482003,SitRep N67/MVB,2026-07-20,OpenAI-assisted fallback extraction from INSP SitRep PDF; used only after deterministic extraction failed validation. Rows without dashboard geometry are retained in totals but hidden on the case map.
2026-07-20,2026-07,Ituri,Damas,ApdB8z3Wrxt,7,0.0,2.1976361605001387,30.22934640858644,SitRep N67/MVB,2026-07-20,OpenAI-assisted fallback extraction from INSP SitRep PDF; used only after deterministic extraction failed validation. Rows without dashboard geometry are retained in totals but hidden on the case map.
2026-07-20,2026-07,Ituri,Drodro,OIhgsXcZf6x,5,3.0,1.7484347510000475,30.586912835820826,SitRep N67/MVB,2026-07-20,OpenAI-assisted fallback extraction from INSP SitRep PDF; used only after deterministic extraction failed validation. Rows without dashboard geometry are retained in totals but hidden on the case map.
2026-07-20,2026-07,Ituri,Fataki,FDNwbfrJhkA,11,7.0,1.9004797405000888,30.565348794325672,SitRep N67/MVB,2026-07-20,OpenAI-assisted fallback extraction from INSP SitRep PDF; used only after deterministic extraction failed validation. Rows without dashboard geometry are retained in totals but hidden on the case map.
2026-07-20,2026-07,Ituri,Gety,X8zFJ7DJlRD,1,0.0,1.253148786140514,30.189368117956285,SitRep N67/MVB,2026-07-20,OpenAI-assisted fallback extraction from INSP SitRep PDF; used only after deterministic extraction failed validation. Rows without dashboard geometry are retained in totals but hidden on the case map.
2026-07-20,2026-07,Ituri,Kambala,SkEKQLSulmp,2,2.0,2.313255370000064,30.54737129473464,SitRep N67/MVB,2026-07-20,OpenAI-assisted fallback extraction from INSP SitRep PDF; used only after deterministic extraction failed validation. Rows without dashboard geometry are retained in totals but hidden on the case map.
2026-07-20,2026-07,Ituri,Kilo,sbyWSsdZ3tj,11,3.0,1.7598275375000298,30.080701985660504,SitRep N67/MVB,2026-07-20,OpenAI-assisted fallback extraction from INSP SitRep PDF; used only after deterministic extraction failed validation. Rows without dashboard geometry are retained in totals but hidden on the case map.
2026-07-20,2026-07,Ituri,Komanda,i2mtQy4nTmD,27,11.0,1.1261791000000585,29.62557262065517,SitRep N67/MVB,2026-07-20,OpenAI-assisted fallback extraction from INSP SitRep PDF; used only after deterministic extraction failed validation. Rows without dashboard geometry are retained in totals but hidden on the case map.
2026-07-20,2026-07,Ituri,Lita,xGWcGHazqtw,78,27.0,1.588332974500048,30.38710948970807,SitRep N67/MVB,2026-07-20,OpenAI-assisted fallback extraction from INSP SitRep PDF; used only after deterministic extraction failed validation. Rows without dashboard geometry are retained in totals but hidden on the case map.
2026-07-20,2026-07,Ituri,Logo,qqGoQGSp1Dw,8,1.0,2.155727226000039,30.877556277526388,SitRep N67/MVB,2026-07-20,OpenAI-assisted fallback extraction from INSP SitRep PDF; used only after deterministic extraction failed validation. Rows without dashboard geometry are retained in totals but hidden on the case map.
2026-07-20,2026-07,Ituri,Lolwa,xp3Y1OXHZLj,2,1.0,1.4666692450000482,29.46470993607435,SitRep N67/MVB,2026-07-20,OpenAI-assisted fallback extraction from INSP SitRep PDF; used only after deterministic extraction failed validation. Rows without dashboard geometry are retained in totals but hidden on the case map.
2026-07-20,2026-07,Ituri,Mahagi,seNn0NUsKYn,1,0.0,2.3021508495800296,30.865062342480392,SitRep N67/MVB,2026-07-20,OpenAI-assisted fallback extraction from INSP SitRep PDF; used only after deterministic extraction failed validation. Rows without dashboard geometry are retained in totals but hidden on the case map.
2026-07-20,2026-07,Ituri,Mambasa,RjHZChl5gJQ,8,6.0,1.4290391459577108,28.62314089055854,SitRep N67/MVB,2026-07-20,OpenAI-assisted fallback extraction from INSP SitRep PDF; used only after deterministic extraction failed validation. Rows without dashboard geometry are retained in totals but hidden on the case map.
2026-07-20,2026-07,Ituri,Mandima,YpXUkTbtAPA,10,5.0,0.9848691425853816,29.17200687013976,SitRep N67/MVB,2026-07-20,OpenAI-assisted fallback extraction from INSP SitRep PDF; used only after deterministic extraction failed validation. Rows without dashboard geometry are retained in totals but hidden on the case map.
2026-07-20,2026-07,Ituri,Mangala,,61,38.0,,,SitRep N67/MVB,2026-07-20,OpenAI-assisted fallback extraction from INSP SitRep PDF; used only after deterministic extraction failed validation. Rows without dashboard geometry are retained in totals but hidden on the case map.
2026-07-20,2026-07,Ituri,Mongbwalu,nv8tx681Gjd,364,204.0,2.120204140000084,29.46395014319073,SitRep N67/MVB,2026-07-20,OpenAI-assisted fallback extraction from INSP SitRep PDF; used only after deterministic extraction failed validation. Rows without dashboard geometry are retained in totals but hidden on the case map.
2026-07-20,2026-07,Ituri,Nia-Nia,,54,16.0,,,SitRep N67/MVB,2026-07-20,OpenAI-assisted fallback extraction from INSP SitRep PDF; used only after deterministic extraction failed validation. Rows without dashboard geometry are retained in totals but hidden on the case map.
2026-07-20,2026-07,Ituri,Nizi,TCE5waEW7Fi,223,99.0,1.7491092545000129,30.29386589242562,SitRep N67/MVB,2026-07-20,OpenAI-assisted fallback extraction from INSP SitRep PDF; used only after deterministic extraction failed validation. Rows without dashboard geometry are retained in totals but hidden on the case map.
2026-07-20,2026-07,Ituri,Nyankunde,mGTaa8TFifO,99,28.0,1.4866449679154434,29.933917392135683,SitRep N67/MVB,2026-07-20,OpenAI-assisted fallback extraction from INSP SitRep PDF; used only after deterministic extraction failed validation. Rows without dashboard geometry are retained in totals but hidden on the case map.
2026-07-20,2026-07,Ituri,Rimba,a2aJcbwnjoK,5,0.0,2.2214134000000456,30.706000954123333,SitRep N67/MVB,2026-07-20,OpenAI-assisted fallback extraction from INSP SitRep PDF; used only after deterministic extraction failed validation. Rows without dashboard geometry are retained in totals but hidden on the case map.
2026-07-20,2026-07,Ituri,Rwampara,vPxN2nZnBXK,457,140.0,1.5710652340000308,30.08327315923981,SitRep N67/MVB,2026-07-20,OpenAI-assisted fallback extraction from INSP SitRep PDF; used only after deterministic extraction failed validation. Rows without dashboard geometry are retained in totals but hidden on the case map.
2026-07-20,2026-07,Ituri,Tchomia,rhj4btTd3i0,23,7.0,1.5216207475000374,30.468986199294,SitRep N67/MVB,2026-07-20,OpenAI-assisted fallback extraction from INSP SitRep PDF; used only after deterministic extraction failed validation. Rows without dashboard geometry are retained in totals but hidden on the case map.
2026-07-20,2026-07,Nord-Kivu,Beni,msg2MyMGhKv,37,25.0,0.493171248666955,29.51358389763662,SitRep N67/MVB,2026-07-20,OpenAI-assisted fallback extraction from INSP SitRep PDF; used only after deterministic extraction failed validation. Rows without dashboard geometry are retained in totals but hidden on the case map.
2026-07-20,2026-07,Nord-Kivu,Butembo,foR0DRLqtdJ,61,31.0,0.1465342500003714,29.251277502423125,SitRep N67/MVB,2026-07-20,OpenAI-assisted fallback extraction from INSP SitRep PDF; used only after deterministic extraction failed validation. Rows without dashboard geometry are retained in totals but hidden on the case map.
2026-07-20,2026-07,Nord-Kivu,Goma,t8tjGKVhkl3,1,0.0,-1.6528676989999551,29.17826328304752,SitRep N67/MVB,2026-07-20,OpenAI-assisted fallback extraction from INSP SitRep PDF; used only after deterministic extraction failed validation. Rows without dashboard geometry are retained in totals but hidden on the case map.
2026-07-20,2026-07,Nord-Kivu,Kalunguta,XoJ3dLz68aj,2,1.0,0.3266166500000906,29.34622252068664,SitRep N67/MVB,2026-07-20,OpenAI-assisted fallback extraction from INSP SitRep PDF; used only after deterministic extraction failed validation. Rows without dashboard geometry are retained in totals but hidden on the case map.
2026-07-20,2026-07,Nord-Kivu,Katwa,woJBeEpIZdy,108,74.0,0.1198993135112445,29.32416416638681,SitRep N67/MVB,2026-07-20,OpenAI-assisted fallback extraction from INSP SitRep PDF; used only after deterministic extraction failed validation. Rows without dashboard geometry are retained in totals but hidden on the case map.
2026-07-20,2026-07,Nord-Kivu,Kyondo,amGiV9h9C2I,10,5.0,0.0132661619471709,29.50420270117476,SitRep N67/MVB,2026-07-20,OpenAI-assisted fallback extraction from INSP SitRep PDF; used only after deterministic extraction failed validation. Rows without dashboard geometry are retained in totals but hidden on the case map.
2026-07-20,2026-07,Nord-Kivu,Mabalako,svtAZQ9nVl0,1,0.0,0.5045215710000548,29.19392959948652,SitRep N67/MVB,2026-07-20,OpenAI-assisted fallback extraction from INSP SitRep PDF; used only after deterministic extraction failed validation. Rows without dashboard geometry are retained in totals but hidden on the case map.
2026-07-20,2026-07,Nord-Kivu,Masereka,kQCMPbHKQ93,3,0.0,-0.1092755664999742,29.327512197678764,SitRep N67/MVB,2026-07-20,OpenAI-assisted fallback extraction from INSP SitRep PDF; used only after deterministic extraction failed validation. Rows without dashboard geometry are retained in totals but hidden on the case map.
2026-07-20,2026-07,Nord-Kivu,Musienene,VooLsNf0dDB,19,5.0,0.0725136590002364,28.35327518112168,SitRep N67/MVB,2026-07-20,OpenAI-assisted fallback extraction from INSP SitRep PDF; used only after deterministic extraction failed validation. Rows without dashboard geometry are retained in totals but hidden on the case map.
2026-07-20,2026-07,Nord-Kivu,Oicha,zOOAshOz4Cz,4,4.0,0.7639879778753311,29.54704482375912,SitRep N67/MVB,2026-07-20,OpenAI-assisted fallback extraction from INSP SitRep PDF; used only after deterministic extraction failed validation. Rows without dashboard geometry are retained in totals but hidden on the case map.
2026-07-20,2026-07,Nord-Kivu,Vuhovi,,1,1.0,,,SitRep N67/MVB,2026-07-20,OpenAI-assisted fallback extraction from INSP SitRep PDF; used only after deterministic extraction failed validation. Rows without dashboard geometry are retained in totals but hidden on the case map.
2026-07-20,2026-07,Sud-Kivu,Miti-Murhesa,,3,1.0,,,SitRep N67/MVB,2026-07-20,OpenAI-assisted fallback extraction from INSP SitRep PDF; used only after deterministic extraction failed validation. Rows without dashboard geometry are retained in totals but hidden on the case map.
2026-07-20,2026-07,Tshopo,Lubunga,I9d1F9TGn33,1,0.0,0.4130002195000486,25.10564709446672,SitRep N67/MVB,2026-07-20,OpenAI-assisted fallback extraction from INSP SitRep PDF; used only after deterministic extraction failed validation. Rows without dashboard geometry are retained in totals but hidden on the case map.
2026-07-20,2026-07,Tshopo,Makiso-Kisangani,,3,3.0,,,SitRep N67/MVB,2026-07-20,OpenAI-assisted fallback extraction from INSP SitRep PDF; used only after deterministic extraction failed validation. Rows without dashboard geometry are retained in totals but hidden on the case map.
2026-07-20,2026-07,Tshopo,Mangobo,wOWB7WbNuSN,1,1.0,0.5399329588970425,25.15236555521503,SitRep N67/MVB,2026-07-20,OpenAI-assisted fallback extraction from INSP SitRep PDF; used only after deterministic extraction failed validation. Rows without dashboard geometry are retained in totals but hidden on the case map.
2026-07-21,2026-07,Haut-Uélé,Boma Mangbetu,qwBasnNFRFW,4,2.0,2.2351428900001054,27.79291728128205,SitRep N68/MVB,2026-07-21,Verified from uploaded SitRep N68 Table 2 cumulative health-zone distribution. Rows without dashboard geometry metadata will not be mapped until boundaries are added.
2026-07-21,2026-07,Haut-Uélé,Isiro,lW6NlTXqGcv,8,4.0,2.398158594500046,27.318090299264888,SitRep N68/MVB,2026-07-21,Verified from uploaded SitRep N68 Table 2 cumulative health-zone distribution. Rows without dashboard geometry metadata will not be mapped until boundaries are added.
2026-07-21,2026-07,Haut-Uélé,Pawa,ZxQY9szHMx5,3,3.0,2.336214680000097,27.5370451072996,SitRep N68/MVB,2026-07-21,Verified from uploaded SitRep N68 Table 2 cumulative health-zone distribution. Rows without dashboard geometry metadata will not be mapped until boundaries are added.
2026-07-21,2026-07,Haut-Uélé,Wamba,ET5R8zSN3gm,6,3.0,2.104064561500138,28.0995466507865,SitRep N68/MVB,2026-07-21,Verified from uploaded SitRep N68 Table 2 cumulative health-zone distribution. Rows without dashboard geometry metadata will not be mapped until boundaries are added.
2026-07-21,2026-07,Ituri,Adja,CLboGR4F3lj,10,1.0,3.075097472000124,30.475237413395348,SitRep N68/MVB,2026-07-21,Verified from uploaded SitRep N68 Table 2 cumulative health-zone distribution. Rows without dashboard geometry metadata will not be mapped until boundaries are added.
2026-07-21,2026-07,Ituri,Ariwara,fM8IqjhdeyL,10,1.0,3.1940884310532445,30.693184448654044,SitRep N68/MVB,2026-07-21,Verified from uploaded SitRep N68 Table 2 cumulative health-zone distribution. Rows without dashboard geometry metadata will not be mapped until boundaries are added.
2026-07-21,2026-07,Ituri,Aru,v8PqffapuVl,4,2.0,2.859042986322321,30.833681049566664,SitRep N68/MVB,2026-07-21,Verified from uploaded SitRep N68 Table 2 cumulative health-zone distribution. Rows without dashboard geometry metadata will not be mapped until boundaries are added.
2026-07-21,2026-07,Ituri,Aungba,DFcltLEKLxj,6,2.0,2.5670708830760702,30.592536320311343,SitRep N68/MVB,2026-07-21,Verified from uploaded SitRep N68 Table 2 cumulative health-zone distribution. Rows without dashboard geometry metadata will not be mapped until boundaries are added.
2026-07-21,2026-07,Ituri,Bambu,Uc3GqWS8C0w,40,14.0,1.8633970955000336,30.20627592724413,SitRep N68/MVB,2026-07-21,Verified from uploaded SitRep N68 Table 2 cumulative health-zone distribution. Rows without dashboard geometry metadata will not be mapped until boundaries are added.
2026-07-21,2026-07,Ituri,Boga,rLadlFjzCh7,3,2.0,0.9822493237397868,30.00346149291752,SitRep N68/MVB,2026-07-21,Verified from uploaded SitRep N68 Table 2 cumulative health-zone distribution. Rows without dashboard geometry metadata will not be mapped until boundaries are added.
2026-07-21,2026-07,Ituri,Bunia,GPi6i83o7l6,681,228.0,1.607713140500067,30.282078091482003,SitRep N68/MVB,2026-07-21,Verified from uploaded SitRep N68 Table 2 cumulative health-zone distribution. Rows without dashboard geometry metadata will not be mapped until boundaries are added.
2026-07-21,2026-07,Ituri,Damas,ApdB8z3Wrxt,7,0.0,2.1976361605001387,30.22934640858644,SitRep N68/MVB,2026-07-21,Verified from uploaded SitRep N68 Table 2 cumulative health-zone distribution. Rows without dashboard geometry metadata will not be mapped until boundaries are added.
2026-07-21,2026-07,Ituri,Drodro,OIhgsXcZf6x,8,4.0,1.7484347510000475,30.586912835820826,SitRep N68/MVB,2026-07-21,Verified from uploaded SitRep N68 Table 2 cumulative health-zone distribution. Rows without dashboard geometry metadata will not be mapped until boundaries are added.
2026-07-21,2026-07,Ituri,Fataki,FDNwbfrJhkA,14,7.0,1.9004797405000888,30.565348794325672,SitRep N68/MVB,2026-07-21,Verified from uploaded SitRep N68 Table 2 cumulative health-zone distribution. Rows without dashboard geometry metadata will not be mapped until boundaries are added.
2026-07-21,2026-07,Ituri,Gety,X8zFJ7DJlRD,1,0.0,1.253148786140514,30.189368117956285,SitRep N68/MVB,2026-07-21,Verified from uploaded SitRep N68 Table 2 cumulative health-zone distribution. Rows without dashboard geometry metadata will not be mapped until boundaries are added.
2026-07-21,2026-07,Ituri,Kambala,SkEKQLSulmp,2,2.0,2.313255370000064,30.54737129473464,SitRep N68/MVB,2026-07-21,Verified from uploaded SitRep N68 Table 2 cumulative health-zone distribution. Rows without dashboard geometry metadata will not be mapped until boundaries are added.
2026-07-21,2026-07,Ituri,Kilo,sbyWSsdZ3tj,11,3.0,1.7598275375000298,30.080701985660504,SitRep N68/MVB,2026-07-21,Verified from uploaded SitRep N68 Table 2 cumulative health-zone distribution. Rows without dashboard geometry metadata will not be mapped until boundaries are added.
2026-07-21,2026-07,Ituri,Komanda,i2mtQy4nTmD,27,11.0,1.1261791000000585,29.62557262065517,SitRep N68/MVB,2026-07-21,Verified from uploaded SitRep N68 Table 2 cumulative health-zone distribution. Rows without dashboard geometry metadata will not be mapped until boundaries are added.
2026-07-21,2026-07,Ituri,Lita,xGWcGHazqtw,79,28.0,1.588332974500048,30.38710948970807,SitRep N68/MVB,2026-07-21,Verified from uploaded SitRep N68 Table 2 cumulative health-zone distribution. Rows without dashboard geometry metadata will not be mapped until boundaries are added.
2026-07-21,2026-07,Ituri,Logo,qqGoQGSp1Dw,8,1.0,2.155727226000039,30.877556277526388,SitRep N68/MVB,2026-07-21,Verified from uploaded SitRep N68 Table 2 cumulative health-zone distribution. Rows without dashboard geometry metadata will not be mapped until boundaries are added.
2026-07-21,2026-07,Ituri,Lolwa,xp3Y1OXHZLj,2,1.0,1.4666692450000482,29.46470993607435,SitRep N68/MVB,2026-07-21,Verified from uploaded SitRep N68 Table 2 cumulative health-zone distribution. Rows without dashboard geometry metadata will not be mapped until boundaries are added.
2026-07-21,2026-07,Ituri,Mahagi,seNn0NUsKYn,1,0.0,2.3021508495800296,30.865062342480392,SitRep N68/MVB,2026-07-21,Verified from uploaded SitRep N68 Table 2 cumulative health-zone distribution. Rows without dashboard geometry metadata will not be mapped until boundaries are added.
2026-07-21,2026-07,Ituri,Mambasa,RjHZChl5gJQ,8,6.0,1.4290391459577108,28.62314089055854,SitRep N68/MVB,2026-07-21,Verified from uploaded SitRep N68 Table 2 cumulative health-zone distribution. Rows without dashboard geometry metadata will not be mapped until boundaries are added.
2026-07-21,2026-07,Ituri,Mandima,YpXUkTbtAPA,11,6.0,0.9848691425853816,29.17200687013976,SitRep N68/MVB,2026-07-21,Verified from uploaded SitRep N68 Table 2 cumulative health-zone distribution. Rows without dashboard geometry metadata will not be mapped until boundaries are added.
2026-07-21,2026-07,Ituri,Mangala,,61,38.0,1.932543075791395,30.386389913262207,SitRep N68/MVB,2026-07-21,Verified from uploaded SitRep N68 Table 2 cumulative health-zone distribution. Rows without dashboard geometry metadata will not be mapped until boundaries are added.
2026-07-21,2026-07,Ituri,Mongbwalu,nv8tx681Gjd,364,206.0,2.120204140000084,29.46395014319073,SitRep N68/MVB,2026-07-21,Verified from uploaded SitRep N68 Table 2 cumulative health-zone distribution. Rows without dashboard geometry metadata will not be mapped until boundaries are added.
2026-07-21,2026-07,Ituri,Nia-Nia,tWlaqwSUheI,56,17.0,1.3355359147381067,27.83913154965078,SitRep N68/MVB,2026-07-21,Verified from uploaded SitRep N68 Table 2 cumulative health-zone distribution. Rows without dashboard geometry metadata will not be mapped until boundaries are added.
2026-07-21,2026-07,Ituri,Nizi,TCE5waEW7Fi,224,99.0,1.7491092545000129,30.29386589242562,SitRep N68/MVB,2026-07-21,Verified from uploaded SitRep N68 Table 2 cumulative health-zone distribution. Rows without dashboard geometry metadata will not be mapped until boundaries are added.
2026-07-21,2026-07,Ituri,Nyankunde,mGTaa8TFifO,99,28.0,1.4866449679154434,29.933917392135683,SitRep N68/MVB,2026-07-21,Verified from uploaded SitRep N68 Table 2 cumulative health-zone distribution. Rows without dashboard geometry metadata will not be mapped until boundaries are added.
2026-07-21,2026-07,Ituri,Rimba,a2aJcbwnjoK,5,0.0,2.2214134000000456,30.706000954123333,SitRep N68/MVB,2026-07-21,Verified from uploaded SitRep N68 Table 2 cumulative health-zone distribution. Rows without dashboard geometry metadata will not be mapped until boundaries are added.
2026-07-21,2026-07,Ituri,Rwampara,vPxN2nZnBXK,466,150.0,1.5710652340000308,30.08327315923981,SitRep N68/MVB,2026-07-21,Verified from uploaded SitRep N68 Table 2 cumulative health-zone distribution. Rows without dashboard geometry metadata will not be mapped until boundaries are added.
2026-07-21,2026-07,Ituri,Tchomia,rhj4btTd3i0,23,7.0,1.5216207475000374,30.468986199294,SitRep N68/MVB,2026-07-21,Verified from uploaded SitRep N68 Table 2 cumulative health-zone distribution. Rows without dashboard geometry metadata will not be mapped until boundaries are added.
2026-07-21,2026-07,Nord-Kivu,Beni,msg2MyMGhKv,39,27.0,0.493171248666955,29.51358389763662,SitRep N68/MVB,2026-07-21,Verified from uploaded SitRep N68 Table 2 cumulative health-zone distribution. Rows without dashboard geometry metadata will not be mapped until boundaries are added.
2026-07-21,2026-07,Nord-Kivu,Butembo,foR0DRLqtdJ,65,31.0,0.1465342500003714,29.251277502423125,SitRep N68/MVB,2026-07-21,Verified from uploaded SitRep N68 Table 2 cumulative health-zone distribution. Rows without dashboard geometry metadata will not be mapped until boundaries are added.
2026-07-21,2026-07,Nord-Kivu,Goma,t8tjGKVhkl3,1,0.0,-1.6528676989999551,29.17826328304752,SitRep N68/MVB,2026-07-21,Verified from uploaded SitRep N68 Table 2 cumulative health-zone distribution. Rows without dashboard geometry metadata will not be mapped until boundaries are added.
2026-07-21,2026-07,Nord-Kivu,Kalunguta,XoJ3dLz68aj,2,1.0,0.3266166500000906,29.34622252068664,SitRep N68/MVB,2026-07-21,Verified from uploaded SitRep N68 Table 2 cumulative health-zone distribution. Rows without dashboard geometry metadata will not be mapped until boundaries are added.
2026-07-21,2026-07,Nord-Kivu,Katwa,woJBeEpIZdy,114,78.0,0.1198993135112445,29.32416416638681,SitRep N68/MVB,2026-07-21,Verified from uploaded SitRep N68 Table 2 cumulative health-zone distribution. Rows without dashboard geometry metadata will not be mapped until boundaries are added.
2026-07-21,2026-07,Nord-Kivu,Kyondo,amGiV9h9C2I,10,5.0,0.0132661619471709,29.50420270117476,SitRep N68/MVB,2026-07-21,Verified from uploaded SitRep N68 Table 2 cumulative health-zone distribution. Rows without dashboard geometry metadata will not be mapped until boundaries are added.
2026-07-21,2026-07,Nord-Kivu,Mabalako,svtAZQ9nVl0,1,0.0,0.5045215710000548,29.19392959948652,SitRep N68/MVB,2026-07-21,Verified from uploaded SitRep N68 Table 2 cumulative health-zone distribution. Rows without dashboard geometry metadata will not be mapped until boundaries are added.
2026-07-21,2026-07,Nord-Kivu,Masereka,kQCMPbHKQ93,3,0.0,-0.1092755664999742,29.327512197678764,SitRep N68/MVB,2026-07-21,Verified from uploaded SitRep N68 Table 2 cumulative health-zone distribution. Rows without dashboard geometry metadata will not be mapped until boundaries are added.
2026-07-21,2026-07,Nord-Kivu,Musienene,VooLsNf0dDB,19,5.0,0.0725136590002364,28.35327518112168,SitRep N68/MVB,2026-07-21,Verified from uploaded SitRep N68 Table 2 cumulative health-zone distribution. Rows without dashboard geometry metadata will not be mapped until boundaries are added.
2026-07-21,2026-07,Nord-Kivu,Oicha,zOOAshOz4Cz,4,4.0,0.7639879778753311,29.54704482375912,SitRep N68/MVB,2026-07-21,Verified from uploaded SitRep N68 Table 2 cumulative health-zone distribution. Rows without dashboard geometry metadata will not be mapped until boundaries are added.
2026-07-21,2026-07,Nord-Kivu,Vuhovi,,1,1.0,0.1784462168028456,29.417509106630853,SitRep N68/MVB,2026-07-21,Verified from uploaded SitRep N68 Table 2 cumulative health-zone distribution. Rows without dashboard geometry metadata will not be mapped until boundaries are added.
2026-07-21,2026-07,Sud-Kivu,Miti-Murhesa,cXkCT53xxfk,3,1.0,-2.39067,28.72098,SitRep N68/MVB,2026-07-21,Verified from uploaded SitRep N68 Table 2 cumulative health-zone distribution. Rows without dashboard geometry metadata will not be mapped until boundaries are added.
2026-07-21,2026-07,Tshopo,Lubunga,I9d1F9TGn33,1,0.0,0.4130002195000486,25.10564709446672,SitRep N68/MVB,2026-07-21,Verified from uploaded SitRep N68 Table 2 cumulative health-zone distribution. Rows without dashboard geometry metadata will not be mapped until boundaries are added.
2026-07-21,2026-07,Tshopo,Makiso-Kisangani,,3,3.0,0.5193941813000615,25.19509953699577,SitRep N68/MVB,2026-07-21,Verified from uploaded SitRep N68 Table 2 cumulative health-zone distribution. Rows without dashboard geometry metadata will not be mapped until boundaries are added.
2026-07-21,2026-07,Tshopo,Mangobo,wOWB7WbNuSN,1,1.0,0.5399329588970425,25.15236555521503,SitRep N68/MVB,2026-07-21,Verified from uploaded SitRep N68 Table 2 cumulative health-zone distribution. Rows without dashboard geometry metadata will not be mapped until boundaries are added.
2026-07-22,2026-07,Haut-Uele,Boma Mangbetu,qwBasnNFRFW,6,2.0,2.2351428900001054,27.79291728128205,SitRep N69/MVB,2026-07-22,Verified from uploaded SitRep N69 Table 2 cumulative health-zone distribution. Rows without dashboard geometry metadata will not be mapped until boundaries are added.
2026-07-22,2026-07,Haut-Uele,Isiro,lW6NlTXqGcv,8,5.0,2.398158594500046,27.318090299264888,SitRep N69/MVB,2026-07-22,Verified from uploaded SitRep N69 Table 2 cumulative health-zone distribution. Rows without dashboard geometry metadata will not be mapped until boundaries are added.
2026-07-22,2026-07,Haut-Uele,Pawa,ZxQY9szHMx5,7,5.0,2.336214680000097,27.5370451072996,SitRep N69/MVB,2026-07-22,Verified from uploaded SitRep N69 Table 2 cumulative health-zone distribution. Rows without dashboard geometry metadata will not be mapped until boundaries are added.
2026-07-22,2026-07,Haut-Uele,Wamba,ET5R8zSN3gm,6,3.0,2.104064561500138,28.0995466507865,SitRep N69/MVB,2026-07-22,Verified from uploaded SitRep N69 Table 2 cumulative health-zone distribution. Rows without dashboard geometry metadata will not be mapped until boundaries are added.
2026-07-22,2026-07,Ituri,Adja,CLboGR4F3lj,10,1.0,3.075097472000124,30.475237413395348,SitRep N69/MVB,2026-07-22,Verified from uploaded SitRep N69 Table 2 cumulative health-zone distribution. Rows without dashboard geometry metadata will not be mapped until boundaries are added.
2026-07-22,2026-07,Ituri,Ariwara,fM8IqjhdeyL,7,1.0,3.1940884310532445,30.693184448654044,SitRep N69/MVB,2026-07-22,Verified from uploaded SitRep N69 Table 2 cumulative health-zone distribution. Rows without dashboard geometry metadata will not be mapped until boundaries are added.
2026-07-22,2026-07,Ituri,Aru,v8PqffapuVl,5,1.0,2.859042986322321,30.833681049566664,SitRep N69/MVB,2026-07-22,Verified from uploaded SitRep N69 Table 2 cumulative health-zone distribution. Rows without dashboard geometry metadata will not be mapped until boundaries are added.
2026-07-22,2026-07,Ituri,Aungba,DFcltLEKLxj,4,4.0,2.5670708830760702,30.592536320311343,SitRep N69/MVB,2026-07-22,Verified from uploaded SitRep N69 Table 2 cumulative health-zone distribution. Rows without dashboard geometry metadata will not be mapped until boundaries are added.
2026-07-22,2026-07,Ituri,Bambu,Uc3GqWS8C0w,51,9.0,1.8633970955000336,30.20627592724413,SitRep N69/MVB,2026-07-22,Verified from uploaded SitRep N69 Table 2 cumulative health-zone distribution. Rows without dashboard geometry metadata will not be mapped until boundaries are added.
2026-07-22,2026-07,Ituri,Boga,rLadlFjzCh7,1,1.0,0.9822493237397868,30.003461492917516,SitRep N69/MVB,2026-07-22,Verified from uploaded SitRep N69 Table 2 cumulative health-zone distribution. Rows without dashboard geometry metadata will not be mapped until boundaries are added.
2026-07-22,2026-07,Ituri,Bunia,GPi6i83o7l6,696,175.0,1.607713140500067,30.282078091482003,SitRep N69/MVB,2026-07-22,Verified from uploaded SitRep N69 Table 2 cumulative health-zone distribution. Rows without dashboard geometry metadata will not be mapped until boundaries are added.
2026-07-22,2026-07,Ituri,Damas,ApdB8z3Wrxt,13,8.0,2.1976361605001387,30.229346408586437,SitRep N69/MVB,2026-07-22,Verified from uploaded SitRep N69 Table 2 cumulative health-zone distribution. Rows without dashboard geometry metadata will not be mapped until boundaries are added.
2026-07-22,2026-07,Ituri,Drodro,OIhgsXcZf6x,6,4.0,1.7484347510000475,30.586912835820826,SitRep N69/MVB,2026-07-22,Verified from uploaded SitRep N69 Table 2 cumulative health-zone distribution. Rows without dashboard geometry metadata will not be mapped until boundaries are added.
2026-07-22,2026-07,Ituri,Fataki,FDNwbfrJhkA,17,6.0,1.9004797405000888,30.565348794325672,SitRep N69/MVB,2026-07-22,Verified from uploaded SitRep N69 Table 2 cumulative health-zone distribution. Rows without dashboard geometry metadata will not be mapped until boundaries are added.
2026-07-22,2026-07,Ituri,Gety,X8zFJ7DJlRD,1,0.0,1.253148786140514,30.189368117956285,SitRep N69/MVB,2026-07-22,Verified from uploaded SitRep N69 Table 2 cumulative health-zone distribution. Rows without dashboard geometry metadata will not be mapped until boundaries are added.
2026-07-22,2026-07,Ituri,Kambala,SkEKQLSulmp,2,0.0,2.313255370000064,30.54737129473464,SitRep N69/MVB,2026-07-22,Verified from uploaded SitRep N69 Table 2 cumulative health-zone distribution. Rows without dashboard geometry metadata will not be mapped until boundaries are added.
2026-07-22,2026-07,Ituri,Kilo,sbyWSsdZ3tj,23,11.0,1.7598275375000298,30.080701985660504,SitRep N69/MVB,2026-07-22,Verified from uploaded SitRep N69 Table 2 cumulative health-zone distribution. Rows without dashboard geometry metadata will not be mapped until boundaries are added.
2026-07-22,2026-07,Ituri,Komanda,i2mtQy4nTmD,30,21.0,1.1261791000000585,29.62557262065517,SitRep N69/MVB,2026-07-22,Verified from uploaded SitRep N69 Table 2 cumulative health-zone distribution. Rows without dashboard geometry metadata will not be mapped until boundaries are added.
2026-07-22,2026-07,Ituri,Lita,xGWcGHazqtw,101,58.0,1.588332974500048,30.38710948970807,SitRep N69/MVB,2026-07-22,Verified from uploaded SitRep N69 Table 2 cumulative health-zone distribution. Rows without dashboard geometry metadata will not be mapped until boundaries are added.
2026-07-22,2026-07,Ituri,Logo,qqGoQGSp1Dw,8,3.0,2.155727226000039,30.877556277526388,SitRep N69/MVB,2026-07-22,Verified from uploaded SitRep N69 Table 2 cumulative health-zone distribution. Rows without dashboard geometry metadata will not be mapped until boundaries are added.
2026-07-22,2026-07,Ituri,Lolwa,xp3Y1OXHZLj,4,1.0,1.4666692450000482,29.46470993607435,SitRep N69/MVB,2026-07-22,Verified from uploaded SitRep N69 Table 2 cumulative health-zone distribution. Rows without dashboard geometry metadata will not be mapped until boundaries are added.
2026-07-22,2026-07,Ituri,Mahagi,seNn0NUsKYn,1,1.0,2.3021508495800296,30.865062342480392,SitRep N69/MVB,2026-07-22,Verified from uploaded SitRep N69 Table 2 cumulative health-zone distribution. Rows without dashboard geometry metadata will not be mapped until boundaries are added.
2026-07-22,2026-07,Ituri,Mambasa,RjHZChl5gJQ,7,4.0,1.4290391459577108,28.62314089055854,SitRep N69/MVB,2026-07-22,Verified from uploaded SitRep N69 Table 2 cumulative health-zone distribution. Rows without dashboard geometry metadata will not be mapped until boundaries are added.
2026-07-22,2026-07,Ituri,Mandima,YpXUkTbtAPA,13,9.0,0.9848691425853816,29.17200687013976,SitRep N69/MVB,2026-07-22,Verified from uploaded SitRep N69 Table 2 cumulative health-zone distribution. Rows without dashboard geometry metadata will not be mapped until boundaries are added.
2026-07-22,2026-07,Ituri,Mangala,,86,59.0,1.932543075791395,30.386389913262207,SitRep N69/MVB,2026-07-22,Verified from uploaded SitRep N69 Table 2 cumulative health-zone distribution. Rows without dashboard geometry metadata will not be mapped until boundaries are added.
2026-07-22,2026-07,Ituri,Mongbwalu,nv8tx681Gjd,482,226.0,2.120204140000084,29.46395014319073,SitRep N69/MVB,2026-07-22,Verified from uploaded SitRep N69 Table 2 cumulative health-zone distribution. Rows without dashboard geometry metadata will not be mapped until boundaries are added.
2026-07-22,2026-07,Ituri,Nia-Nia,tWlaqwSUheI,78,41.0,1.3355359147381067,27.83913154965078,SitRep N69/MVB,2026-07-22,Verified from uploaded SitRep N69 Table 2 cumulative health-zone distribution. Rows without dashboard geometry metadata will not be mapped until boundaries are added.
2026-07-22,2026-07,Ituri,Nizi,TCE5waEW7Fi,308,144.0,1.7491092545000129,30.29386589242562,SitRep N69/MVB,2026-07-22,Verified from uploaded SitRep N69 Table 2 cumulative health-zone distribution. Rows without dashboard geometry metadata will not be mapped until boundaries are added.
2026-07-22,2026-07,Ituri,Nyankunde,mGTaa8TFifO,114,30.0,1.4866449679154434,29.933917392135683,SitRep N69/MVB,2026-07-22,Verified from uploaded SitRep N69 Table 2 cumulative health-zone distribution. Rows without dashboard geometry metadata will not be mapped until boundaries are added.
2026-07-22,2026-07,Ituri,Rimba,a2aJcbwnjoK,7,4.0,2.2214134000000456,30.706000954123333,SitRep N69/MVB,2026-07-22,Verified from uploaded SitRep N69 Table 2 cumulative health-zone distribution. Rows without dashboard geometry metadata will not be mapped until boundaries are added.
2026-07-22,2026-07,Ituri,Rwampara,vPxN2nZnBXK,481,231.0,1.5710652340000308,30.08327315923981,SitRep N69/MVB,2026-07-22,Verified from uploaded SitRep N69 Table 2 cumulative health-zone distribution. Rows without dashboard geometry metadata will not be mapped until boundaries are added.
2026-07-22,2026-07,Ituri,Tchomia,rhj4btTd3i0,39,24.0,1.5216207475000374,30.468986199294,SitRep N69/MVB,2026-07-22,Verified from uploaded SitRep N69 Table 2 cumulative health-zone distribution. Rows without dashboard geometry metadata will not be mapped until boundaries are added.
2026-07-22,2026-07,Nord-Kivu,Beni,msg2MyMGhKv,41,29.0,0.493171248666955,29.51358389763662,SitRep N69/MVB,2026-07-22,Verified from uploaded SitRep N69 Table 2 cumulative health-zone distribution. Rows without dashboard geometry metadata will not be mapped until boundaries are added.
2026-07-22,2026-07,Nord-Kivu,Butembo,foR0DRLqtdJ,62,39.0,0.1465342500003714,29.251277502423125,SitRep N69/MVB,2026-07-22,Verified from uploaded SitRep N69 Table 2 cumulative health-zone distribution. Rows without dashboard geometry metadata will not be mapped until boundaries are added.
2026-07-22,2026-07,Nord-Kivu,Goma,t8tjGKVhkl3,1,0.0,-1.6528676989999551,29.17826328304752,SitRep N69/MVB,2026-07-22,Verified from uploaded SitRep N69 Table 2 cumulative health-zone distribution. Rows without dashboard geometry metadata will not be mapped until boundaries are added.
2026-07-22,2026-07,Nord-Kivu,Kalunguta,XoJ3dLz68aj,4,3.0,0.3266166500000906,29.34622252068664,SitRep N69/MVB,2026-07-22,Verified from uploaded SitRep N69 Table 2 cumulative health-zone distribution. Rows without dashboard geometry metadata will not be mapped until boundaries are added.
2026-07-22,2026-07,Nord-Kivu,Katwa,woJBeEpIZdy,121,77.0,0.1198993135112445,29.32416416638681,SitRep N69/MVB,2026-07-22,Verified from uploaded SitRep N69 Table 2 cumulative health-zone distribution. Rows without dashboard geometry metadata will not be mapped until boundaries are added.
2026-07-22,2026-07,Nord-Kivu,Kyondo,amGiV9h9C2I,10,7.0,0.0132661619471709,29.50420270117476,SitRep N69/MVB,2026-07-22,Verified from uploaded SitRep N69 Table 2 cumulative health-zone distribution. Rows without dashboard geometry metadata will not be mapped until boundaries are added.
2026-07-22,2026-07,Nord-Kivu,Mabalako,svtAZQ9nVl0,1,0.0,0.5045215710000548,29.19392959948652,SitRep N69/MVB,2026-07-22,Verified from uploaded SitRep N69 Table 2 cumulative health-zone distribution. Rows without dashboard geometry metadata will not be mapped until boundaries are added.
2026-07-22,2026-07,Nord-Kivu,Masereka,kQCMPbHKQ93,4,0.0,-0.1092755664999742,29.327512197678764,SitRep N69/MVB,2026-07-22,Verified from uploaded SitRep N69 Table 2 cumulative health-zone distribution. Rows without dashboard geometry metadata will not be mapped until boundaries are added.
2026-07-22,2026-07,Nord-Kivu,Musienene,VooLsNf0dDB,26,13.0,0.0725136590002364,28.353275181121678,SitRep N69/MVB,2026-07-22,Verified from uploaded SitRep N69 Table 2 cumulative health-zone distribution. Rows without dashboard geometry metadata will not be mapped until boundaries are added.
2026-07-22,2026-07,Nord-Kivu,Oicha,zOOAshOz4Cz,4,3.0,0.7639879778753311,29.54704482375912,SitRep N69/MVB,2026-07-22,Verified from uploaded SitRep N69 Table 2 cumulative health-zone distribution. Rows without dashboard geometry metadata will not be mapped until boundaries are added.
2026-07-22,2026-07,Nord-Kivu,Vuhovi,,1,1.0,0.1784462168028456,29.417509106630853,SitRep N69/MVB,2026-07-22,Verified from uploaded SitRep N69 Table 2 cumulative health-zone distribution. Rows without dashboard geometry metadata will not be mapped until boundaries are added.
2026-07-22,2026-07,Sud-Kivu,Miti-Murhesa,cXkCT53xxfk,3,1.0,-2.39067,28.72098,SitRep N69/MVB,2026-07-22,Verified from uploaded SitRep N69 Table 2 cumulative health-zone distribution. Rows without dashboard geometry metadata will not be mapped until boundaries are added.
2026-07-22,2026-07,Tshopo,Lubunga,I9d1F9TGn33,1,0.0,0.4130002195000486,25.10564709446672,SitRep N69/MVB,2026-07-22,Verified from uploaded SitRep N69 Table 2 cumulative health-zone distribution. Rows without dashboard geometry metadata will not be mapped until boundaries are added.
2026-07-22,2026-07,Tshopo,Makiso-Kisangani,,3,3.0,0.5193941813000615,25.19509953699577,SitRep N69/MVB,2026-07-22,Verified from uploaded SitRep N69 Table 2 cumulative health-zone distribution. Rows without dashboard geometry metadata will not be mapped until boundaries are added.
2026-07-22,2026-07,Tshopo,Mangobo,wOWB7WbNuSN,1,1.0,0.5399329588970425,25.15236555521503,SitRep N69/MVB,2026-07-22,Verified from uploaded SitRep N69 Table 2 cumulative health-zone distribution. Rows without dashboard geometry metadata will not be mapped until boundaries are added.
2026-07-23,2026-07,Haut-Uele,Boma Mangbetu,qwBasnNFRFW,6,2.0,2.2351428900001054,27.79291728128205,SitRep N70/MVB,2026-07-23,Verified from uploaded SitRep N70 Table 2 cumulative health-zone distribution. Rows without dashboard geometry metadata will not be mapped until boundaries are added.
2026-07-23,2026-07,Haut-Uele,Isiro,lW6NlTXqGcv,8,5.0,2.398158594500046,27.318090299264888,SitRep N70/MVB,2026-07-23,Verified from uploaded SitRep N70 Table 2 cumulative health-zone distribution. Rows without dashboard geometry metadata will not be mapped until boundaries are added.
2026-07-23,2026-07,Haut-Uele,Pawa,ZxQY9szHMx5,7,5.0,2.336214680000097,27.5370451072996,SitRep N70/MVB,2026-07-23,Verified from uploaded SitRep N70 Table 2 cumulative health-zone distribution. Rows without dashboard geometry metadata will not be mapped until boundaries are added.
2026-07-23,2026-07,Haut-Uele,Rungu,EGoMVOvVUAp,1,0.0,2.8721408758778737,28.04597429304644,SitRep N70/MVB,2026-07-23,Verified from uploaded SitRep N70 Table 2 cumulative health-zone distribution. Rows without dashboard geometry metadata will not be mapped until boundaries are added.
2026-07-23,2026-07,Haut-Uele,Wamba,ET5R8zSN3gm,7,3.0,2.104064561500138,28.0995466507865,SitRep N70/MVB,2026-07-23,Verified from uploaded SitRep N70 Table 2 cumulative health-zone distribution. Rows without dashboard geometry metadata will not be mapped until boundaries are added.
2026-07-23,2026-07,Ituri,Adja,CLboGR4F3lj,10,1.0,3.075097472000124,30.475237413395348,SitRep N70/MVB,2026-07-23,Verified from uploaded SitRep N70 Table 2 cumulative health-zone distribution. Rows without dashboard geometry metadata will not be mapped until boundaries are added.
2026-07-23,2026-07,Ituri,Ariwara,fM8IqjhdeyL,7,1.0,3.1940884310532445,30.693184448654044,SitRep N70/MVB,2026-07-23,Verified from uploaded SitRep N70 Table 2 cumulative health-zone distribution. Rows without dashboard geometry metadata will not be mapped until boundaries are added.
2026-07-23,2026-07,Ituri,Aru,v8PqffapuVl,5,1.0,2.859042986322321,30.833681049566664,SitRep N70/MVB,2026-07-23,Verified from uploaded SitRep N70 Table 2 cumulative health-zone distribution. Rows without dashboard geometry metadata will not be mapped until boundaries are added.
2026-07-23,2026-07,Ituri,Aungba,DFcltLEKLxj,4,4.0,2.5670708830760702,30.592536320311343,SitRep N70/MVB,2026-07-23,Verified from uploaded SitRep N70 Table 2 cumulative health-zone distribution. Rows without dashboard geometry metadata will not be mapped until boundaries are added.
2026-07-23,2026-07,Ituri,Bambu,Uc3GqWS8C0w,51,10.0,1.8633970955000336,30.20627592724413,SitRep N70/MVB,2026-07-23,Verified from uploaded SitRep N70 Table 2 cumulative health-zone distribution. Rows without dashboard geometry metadata will not be mapped until boundaries are added.
2026-07-23,2026-07,Ituri,Boga,rLadlFjzCh7,1,1.0,0.9822493237397868,30.003461492917516,SitRep N70/MVB,2026-07-23,Verified from uploaded SitRep N70 Table 2 cumulative health-zone distribution. Rows without dashboard geometry metadata will not be mapped until boundaries are added.
2026-07-23,2026-07,Ituri,Bunia,GPi6i83o7l6,713,185.0,1.607713140500067,30.282078091482003,SitRep N70/MVB,2026-07-23,Verified from uploaded SitRep N70 Table 2 cumulative health-zone distribution. Rows without dashboard geometry metadata will not be mapped until boundaries are added.
2026-07-23,2026-07,Ituri,Damas,ApdB8z3Wrxt,14,8.0,2.1976361605001387,30.229346408586437,SitRep N70/MVB,2026-07-23,Verified from uploaded SitRep N70 Table 2 cumulative health-zone distribution. Rows without dashboard geometry metadata will not be mapped until boundaries are added.
2026-07-23,2026-07,Ituri,Drodro,OIhgsXcZf6x,6,4.0,1.7484347510000475,30.586912835820826,SitRep N70/MVB,2026-07-23,Verified from uploaded SitRep N70 Table 2 cumulative health-zone distribution. Rows without dashboard geometry metadata will not be mapped until boundaries are added.
2026-07-23,2026-07,Ituri,Fataki,FDNwbfrJhkA,17,6.0,1.9004797405000888,30.565348794325672,SitRep N70/MVB,2026-07-23,Verified from uploaded SitRep N70 Table 2 cumulative health-zone distribution. Rows without dashboard geometry metadata will not be mapped until boundaries are added.
2026-07-23,2026-07,Ituri,Gety,X8zFJ7DJlRD,1,0.0,1.253148786140514,30.189368117956285,SitRep N70/MVB,2026-07-23,Verified from uploaded SitRep N70 Table 2 cumulative health-zone distribution. Rows without dashboard geometry metadata will not be mapped until boundaries are added.
2026-07-23,2026-07,Ituri,Kambala,SkEKQLSulmp,2,0.0,2.313255370000064,30.54737129473464,SitRep N70/MVB,2026-07-23,Verified from uploaded SitRep N70 Table 2 cumulative health-zone distribution. Rows without dashboard geometry metadata will not be mapped until boundaries are added.
2026-07-23,2026-07,Ituri,Kilo,sbyWSsdZ3tj,23,11.0,1.7598275375000298,30.080701985660504,SitRep N70/MVB,2026-07-23,Verified from uploaded SitRep N70 Table 2 cumulative health-zone distribution. Rows without dashboard geometry metadata will not be mapped until boundaries are added.
2026-07-23,2026-07,Ituri,Komanda,i2mtQy4nTmD,33,22.0,1.1261791000000585,29.62557262065517,SitRep N70/MVB,2026-07-23,Verified from uploaded SitRep N70 Table 2 cumulative health-zone distribution. Rows without dashboard geometry metadata will not be mapped until boundaries are added.
2026-07-23,2026-07,Ituri,Lita,xGWcGHazqtw,103,59.0,1.588332974500048,30.38710948970807,SitRep N70/MVB,2026-07-23,Verified from uploaded SitRep N70 Table 2 cumulative health-zone distribution. Rows without dashboard geometry metadata will not be mapped until boundaries are added.
2026-07-23,2026-07,Ituri,Logo,qqGoQGSp1Dw,9,3.0,2.155727226000039,30.877556277526388,SitRep N70/MVB,2026-07-23,Verified from uploaded SitRep N70 Table 2 cumulative health-zone distribution. Rows without dashboard geometry metadata will not be mapped until boundaries are added.
2026-07-23,2026-07,Ituri,Lolwa,xp3Y1OXHZLj,4,1.0,1.4666692450000482,29.46470993607435,SitRep N70/MVB,2026-07-23,Verified from uploaded SitRep N70 Table 2 cumulative health-zone distribution. Rows without dashboard geometry metadata will not be mapped until boundaries are added.
2026-07-23,2026-07,Ituri,Mahagi,seNn0NUsKYn,1,1.0,2.3021508495800296,30.865062342480392,SitRep N70/MVB,2026-07-23,Verified from uploaded SitRep N70 Table 2 cumulative health-zone distribution. Rows without dashboard geometry metadata will not be mapped until boundaries are added.
2026-07-23,2026-07,Ituri,Mambasa,RjHZChl5gJQ,7,4.0,1.4290391459577108,28.62314089055854,SitRep N70/MVB,2026-07-23,Verified from uploaded SitRep N70 Table 2 cumulative health-zone distribution. Rows without dashboard geometry metadata will not be mapped until boundaries are added.
2026-07-23,2026-07,Ituri,Mandima,YpXUkTbtAPA,13,9.0,0.9848691425853816,29.17200687013976,SitRep N70/MVB,2026-07-23,Verified from uploaded SitRep N70 Table 2 cumulative health-zone distribution. Rows without dashboard geometry metadata will not be mapped until boundaries are added.
2026-07-23,2026-07,Ituri,Mangala,,92,60.0,1.932543075791395,30.386389913262207,SitRep N70/MVB,2026-07-23,Verified from uploaded SitRep N70 Table 2 cumulative health-zone distribution. Rows without dashboard geometry metadata will not be mapped until boundaries are added.
2026-07-23,2026-07,Ituri,Mongbwalu,nv8tx681Gjd,484,228.0,2.120204140000084,29.46395014319073,SitRep N70/MVB,2026-07-23,Verified from uploaded SitRep N70 Table 2 cumulative health-zone distribution. Rows without dashboard geometry metadata will not be mapped until boundaries are added.
2026-07-23,2026-07,Ituri,Nia-Nia,tWlaqwSUheI,78,43.0,1.3355359147381067,27.83913154965078,SitRep N70/MVB,2026-07-23,Verified from uploaded SitRep N70 Table 2 cumulative health-zone distribution. Rows without dashboard geometry metadata will not be mapped until boundaries are added.
2026-07-23,2026-07,Ituri,Nizi,TCE5waEW7Fi,316,151.0,1.7491092545000129,30.29386589242562,SitRep N70/MVB,2026-07-23,Verified from uploaded SitRep N70 Table 2 cumulative health-zone distribution. Rows without dashboard geometry metadata will not be mapped until boundaries are added.
2026-07-23,2026-07,Ituri,Nyankunde,mGTaa8TFifO,114,30.0,1.4866449679154434,29.933917392135683,SitRep N70/MVB,2026-07-23,Verified from uploaded SitRep N70 Table 2 cumulative health-zone distribution. Rows without dashboard geometry metadata will not be mapped until boundaries are added.
2026-07-23,2026-07,Ituri,Rimba,a2aJcbwnjoK,8,4.0,2.2214134000000456,30.706000954123333,SitRep N70/MVB,2026-07-23,Verified from uploaded SitRep N70 Table 2 cumulative health-zone distribution. Rows without dashboard geometry metadata will not be mapped until boundaries are added.
2026-07-23,2026-07,Ituri,Rwampara,vPxN2nZnBXK,490,236.0,1.5710652340000308,30.08327315923981,SitRep N70/MVB,2026-07-23,Verified from uploaded SitRep N70 Table 2 cumulative health-zone distribution. Rows without dashboard geometry metadata will not be mapped until boundaries are added.
2026-07-23,2026-07,Ituri,Tchomia,rhj4btTd3i0,40,24.0,1.5216207475000374,30.468986199294,SitRep N70/MVB,2026-07-23,Verified from uploaded SitRep N70 Table 2 cumulative health-zone distribution. Rows without dashboard geometry metadata will not be mapped until boundaries are added.
2026-07-23,2026-07,Nord-Kivu,Beni,msg2MyMGhKv,42,29.0,0.493171248666955,29.51358389763662,SitRep N70/MVB,2026-07-23,Verified from uploaded SitRep N70 Table 2 cumulative health-zone distribution. Rows without dashboard geometry metadata will not be mapped until boundaries are added.
2026-07-23,2026-07,Nord-Kivu,Butembo,foR0DRLqtdJ,63,41.0,0.1465342500003714,29.251277502423125,SitRep N70/MVB,2026-07-23,Verified from uploaded SitRep N70 Table 2 cumulative health-zone distribution. Rows without dashboard geometry metadata will not be mapped until boundaries are added.
2026-07-23,2026-07,Nord-Kivu,Goma,t8tjGKVhkl3,1,0.0,-1.6528676989999551,29.17826328304752,SitRep N70/MVB,2026-07-23,Verified from uploaded SitRep N70 Table 2 cumulative health-zone distribution. Rows without dashboard geometry metadata will not be mapped until boundaries are added.
2026-07-23,2026-07,Nord-Kivu,Kalunguta,XoJ3dLz68aj,4,3.0,0.3266166500000906,29.34622252068664,SitRep N70/MVB,2026-07-23,Verified from uploaded SitRep N70 Table 2 cumulative health-zone distribution. Rows without dashboard geometry metadata will not be mapped until boundaries are added.
2026-07-23,2026-07,Nord-Kivu,Katwa,woJBeEpIZdy,133,85.0,0.1198993135112445,29.32416416638681,SitRep N70/MVB,2026-07-23,Verified from uploaded SitRep N70 Table 2 cumulative health-zone distribution. Rows without dashboard geometry metadata will not be mapped until boundaries are added.
2026-07-23,2026-07,Nord-Kivu,Kyondo,amGiV9h9C2I,10,7.0,0.0132661619471709,29.50420270117476,SitRep N70/MVB,2026-07-23,Verified from uploaded SitRep N70 Table 2 cumulative health-zone distribution. Rows without dashboard geometry metadata will not be mapped until boundaries are added.
2026-07-23,2026-07,Nord-Kivu,Mabalako,svtAZQ9nVl0,1,0.0,0.5045215710000548,29.19392959948652,SitRep N70/MVB,2026-07-23,Verified from uploaded SitRep N70 Table 2 cumulative health-zone distribution. Rows without dashboard geometry metadata will not be mapped until boundaries are added.
2026-07-23,2026-07,Nord-Kivu,Masereka,kQCMPbHKQ93,4,0.0,-0.1092755664999742,29.327512197678764,SitRep N70/MVB,2026-07-23,Verified from uploaded SitRep N70 Table 2 cumulative health-zone distribution. Rows without dashboard geometry metadata will not be mapped until boundaries are added.
2026-07-23,2026-07,Nord-Kivu,Musienene,VooLsNf0dDB,27,13.0,0.0725136590002364,28.353275181121678,SitRep N70/MVB,2026-07-23,Verified from uploaded SitRep N70 Table 2 cumulative health-zone distribution. Rows without dashboard geometry metadata will not be mapped until boundaries are added.
2026-07-23,2026-07,Nord-Kivu,Oicha,zOOAshOz4Cz,4,3.0,0.7639879778753311,29.54704482375912,SitRep N70/MVB,2026-07-23,Verified from uploaded SitRep N70 Table 2 cumulative health-zone distribution. Rows without dashboard geometry metadata will not be mapped until boundaries are added.
2026-07-23,2026-07,Nord-Kivu,Vuhovi,,1,1.0,0.1784462168028456,29.417509106630853,SitRep N70/MVB,2026-07-23,Verified from uploaded SitRep N70 Table 2 cumulative health-zone distribution. Rows without dashboard geometry metadata will not be mapped until boundaries are added.
2026-07-23,2026-07,Sud-Kivu,Miti-Murhesa,cXkCT53xxfk,3,1.0,-2.39067,28.72098,SitRep N70/MVB,2026-07-23,Verified from uploaded SitRep N70 Table 2 cumulative health-zone distribution. Rows without dashboard geometry metadata will not be mapped until boundaries are added.
2026-07-23,2026-07,Tshopo,Lubunga,I9d1F9TGn33,1,0.0,0.4130002195000486,25.10564709446672,SitRep N70/MVB,2026-07-23,Verified from uploaded SitRep N70 Table 2 cumulative health-zone distribution. Rows without dashboard geometry metadata will not be mapped until boundaries are added.
2026-07-23,2026-07,Tshopo,Makiso-Kisangani,,3,3.0,0.5193941813000615,25.19509953699577,SitRep N70/MVB,2026-07-23,Verified from uploaded SitRep N70 Table 2 cumulative health-zone distribution. Rows without dashboard geometry metadata will not be mapped until boundaries are added.
2026-07-23,2026-07,Tshopo,Mangobo,wOWB7WbNuSN,1,1.0,0.5399329588970425,25.15236555521503,SitRep N70/MVB,2026-07-23,Verified from uploaded SitRep N70 Table 2 cumulative health-zone distribution. Rows without dashboard geometry metadata will not be mapped until boundaries are added.
2026-07-24,2026-07,Haut-Uele,Boma Mangbetu,qwBasnNFRFW,6,3.0,2.2351428900001054,27.79291728128205,SitRep N71/MVB,2026-07-24,Verified from uploaded SitRep N71 Table 2 cumulative health-zone distribution. Rows without dashboard geometry metadata will not be mapped until boundaries are added.
2026-07-24,2026-07,Haut-Uele,Isiro,lW6NlTXqGcv,11,7.0,2.398158594500046,27.318090299264888,SitRep N71/MVB,2026-07-24,Verified from uploaded SitRep N71 Table 2 cumulative health-zone distribution. Rows without dashboard geometry metadata will not be mapped until boundaries are added.
2026-07-24,2026-07,Haut-Uele,Pawa,ZxQY9szHMx5,7,5.0,2.336214680000097,27.5370451072996,SitRep N71/MVB,2026-07-24,Verified from uploaded SitRep N71 Table 2 cumulative health-zone distribution. Rows without dashboard geometry metadata will not be mapped until boundaries are added.
2026-07-24,2026-07,Haut-Uele,Rungu,EGoMVOvVUAp,1,0.0,2.8721408758778737,28.04597429304644,SitRep N71/MVB,2026-07-24,Verified from uploaded SitRep N71 Table 2 cumulative health-zone distribution. Rows without dashboard geometry metadata will not be mapped until boundaries are added.
2026-07-24,2026-07,Haut-Uele,Wamba,ET5R8zSN3gm,10,4.0,2.104064561500138,28.0995466507865,SitRep N71/MVB,2026-07-24,Verified from uploaded SitRep N71 Table 2 cumulative health-zone distribution. Rows without dashboard geometry metadata will not be mapped until boundaries are added.
2026-07-24,2026-07,Ituri,Adja,CLboGR4F3lj,10,1.0,3.075097472000124,30.475237413395348,SitRep N71/MVB,2026-07-24,Verified from uploaded SitRep N71 Table 2 cumulative health-zone distribution. Rows without dashboard geometry metadata will not be mapped until boundaries are added.
2026-07-24,2026-07,Ituri,Ariwara,fM8IqjhdeyL,7,1.0,3.1940884310532445,30.693184448654044,SitRep N71/MVB,2026-07-24,Verified from uploaded SitRep N71 Table 2 cumulative health-zone distribution. Rows without dashboard geometry metadata will not be mapped until boundaries are added.
2026-07-24,2026-07,Ituri,Aru,v8PqffapuVl,5,1.0,2.859042986322321,30.833681049566664,SitRep N71/MVB,2026-07-24,Verified from uploaded SitRep N71 Table 2 cumulative health-zone distribution. Rows without dashboard geometry metadata will not be mapped until boundaries are added.
2026-07-24,2026-07,Ituri,Aungba,DFcltLEKLxj,4,4.0,2.5670708830760702,30.592536320311343,SitRep N71/MVB,2026-07-24,Verified from uploaded SitRep N71 Table 2 cumulative health-zone distribution. Rows without dashboard geometry metadata will not be mapped until boundaries are added.
2026-07-24,2026-07,Ituri,Bambu,Uc3GqWS8C0w,54,11.0,1.8633970955000336,30.20627592724413,SitRep N71/MVB,2026-07-24,Verified from uploaded SitRep N71 Table 2 cumulative health-zone distribution. Rows without dashboard geometry metadata will not be mapped until boundaries are added.
2026-07-24,2026-07,Ituri,Boga,rLadlFjzCh7,1,1.0,0.9822493237397868,30.003461492917516,SitRep N71/MVB,2026-07-24,Verified from uploaded SitRep N71 Table 2 cumulative health-zone distribution. Rows without dashboard geometry metadata will not be mapped until boundaries are added.
2026-07-24,2026-07,Ituri,Bunia,GPi6i83o7l6,739,200.0,1.607713140500067,30.282078091482003,SitRep N71/MVB,2026-07-24,Verified from uploaded SitRep N71 Table 2 cumulative health-zone distribution. Rows without dashboard geometry metadata will not be mapped until boundaries are added.
2026-07-24,2026-07,Ituri,Damas,ApdB8z3Wrxt,14,8.0,2.1976361605001387,30.229346408586437,SitRep N71/MVB,2026-07-24,Verified from uploaded SitRep N71 Table 2 cumulative health-zone distribution. Rows without dashboard geometry metadata will not be mapped until boundaries are added.
2026-07-24,2026-07,Ituri,Drodro,OIhgsXcZf6x,6,4.0,1.7484347510000475,30.586912835820826,SitRep N71/MVB,2026-07-24,Verified from uploaded SitRep N71 Table 2 cumulative health-zone distribution. Rows without dashboard geometry metadata will not be mapped until boundaries are added.
2026-07-24,2026-07,Ituri,Fataki,FDNwbfrJhkA,17,6.0,1.9004797405000888,30.565348794325672,SitRep N71/MVB,2026-07-24,Verified from uploaded SitRep N71 Table 2 cumulative health-zone distribution. Rows without dashboard geometry metadata will not be mapped until boundaries are added.
2026-07-24,2026-07,Ituri,Gety,X8zFJ7DJlRD,1,0.0,1.253148786140514,30.189368117956285,SitRep N71/MVB,2026-07-24,Verified from uploaded SitRep N71 Table 2 cumulative health-zone distribution. Rows without dashboard geometry metadata will not be mapped until boundaries are added.
2026-07-24,2026-07,Ituri,Kambala,SkEKQLSulmp,2,0.0,2.313255370000064,30.54737129473464,SitRep N71/MVB,2026-07-24,Verified from uploaded SitRep N71 Table 2 cumulative health-zone distribution. Rows without dashboard geometry metadata will not be mapped until boundaries are added.
2026-07-24,2026-07,Ituri,Kilo,sbyWSsdZ3tj,23,11.0,1.7598275375000298,30.080701985660504,SitRep N71/MVB,2026-07-24,Verified from uploaded SitRep N71 Table 2 cumulative health-zone distribution. Rows without dashboard geometry metadata will not be mapped until boundaries are added.
2026-07-24,2026-07,Ituri,Komanda,i2mtQy4nTmD,33,22.0,1.1261791000000585,29.62557262065517,SitRep N71/MVB,2026-07-24,Verified from uploaded SitRep N71 Table 2 cumulative health-zone distribution. Rows without dashboard geometry metadata will not be mapped until boundaries are added.
2026-07-24,2026-07,Ituri,Lita,xGWcGHazqtw,109,62.0,1.588332974500048,30.38710948970807,SitRep N71/MVB,2026-07-24,Verified from uploaded SitRep N71 Table 2 cumulative health-zone distribution. Rows without dashboard geometry metadata will not be mapped until boundaries are added.
2026-07-24,2026-07,Ituri,Logo,qqGoQGSp1Dw,9,3.0,2.155727226000039,30.877556277526388,SitRep N71/MVB,2026-07-24,Verified from uploaded SitRep N71 Table 2 cumulative health-zone distribution. Rows without dashboard geometry metadata will not be mapped until boundaries are added.
2026-07-24,2026-07,Ituri,Lolwa,xp3Y1OXHZLj,4,1.0,1.4666692450000482,29.46470993607435,SitRep N71/MVB,2026-07-24,Verified from uploaded SitRep N71 Table 2 cumulative health-zone distribution. Rows without dashboard geometry metadata will not be mapped until boundaries are added.
2026-07-24,2026-07,Ituri,Mahagi,seNn0NUsKYn,2,1.0,2.3021508495800296,30.865062342480392,SitRep N71/MVB,2026-07-24,Verified from uploaded SitRep N71 Table 2 cumulative health-zone distribution. Rows without dashboard geometry metadata will not be mapped until boundaries are added.
2026-07-24,2026-07,Ituri,Mambasa,RjHZChl5gJQ,7,4.0,1.4290391459577108,28.62314089055854,SitRep N71/MVB,2026-07-24,Verified from uploaded SitRep N71 Table 2 cumulative health-zone distribution. Rows without dashboard geometry metadata will not be mapped until boundaries are added.
2026-07-24,2026-07,Ituri,Mandima,YpXUkTbtAPA,13,9.0,0.9848691425853816,29.17200687013976,SitRep N71/MVB,2026-07-24,Verified from uploaded SitRep N71 Table 2 cumulative health-zone distribution. Rows without dashboard geometry metadata will not be mapped until boundaries are added.
2026-07-24,2026-07,Ituri,Mangala,,98,63.0,1.932543075791395,30.386389913262207,SitRep N71/MVB,2026-07-24,Verified from uploaded SitRep N71 Table 2 cumulative health-zone distribution. Rows without dashboard geometry metadata will not be mapped until boundaries are added.
2026-07-24,2026-07,Ituri,Mongbwalu,nv8tx681Gjd,490,232.0,2.120204140000084,29.46395014319073,SitRep N71/MVB,2026-07-24,Verified from uploaded SitRep N71 Table 2 cumulative health-zone distribution. Rows without dashboard geometry metadata will not be mapped until boundaries are added.
2026-07-24,2026-07,Ituri,Nia-Nia,tWlaqwSUheI,78,45.0,1.3355359147381067,27.83913154965078,SitRep N71/MVB,2026-07-24,Verified from uploaded SitRep N71 Table 2 cumulative health-zone distribution. Rows without dashboard geometry metadata will not be mapped until boundaries are added.
2026-07-24,2026-07,Ituri,Nizi,TCE5waEW7Fi,330,158.0,1.7491092545000129,30.29386589242562,SitRep N71/MVB,2026-07-24,Verified from uploaded SitRep N71 Table 2 cumulative health-zone distribution. Rows without dashboard geometry metadata will not be mapped until boundaries are added.
2026-07-24,2026-07,Ituri,Nyankunde,mGTaa8TFifO,114,30.0,1.4866449679154434,29.933917392135683,SitRep N71/MVB,2026-07-24,Verified from uploaded SitRep N71 Table 2 cumulative health-zone distribution. Rows without dashboard geometry metadata will not be mapped until boundaries are added.
2026-07-24,2026-07,Ituri,Rimba,a2aJcbwnjoK,8,4.0,2.2214134000000456,30.706000954123333,SitRep N71/MVB,2026-07-24,Verified from uploaded SitRep N71 Table 2 cumulative health-zone distribution. Rows without dashboard geometry metadata will not be mapped until boundaries are added.
2026-07-24,2026-07,Ituri,Rwampara,vPxN2nZnBXK,515,236.0,1.5710652340000308,30.08327315923981,SitRep N71/MVB,2026-07-24,Verified from uploaded SitRep N71 Table 2 cumulative health-zone distribution. Rows without dashboard geometry metadata will not be mapped until boundaries are added.
2026-07-24,2026-07,Ituri,Tchomia,rhj4btTd3i0,40,24.0,1.5216207475000374,30.468986199294,SitRep N71/MVB,2026-07-24,Verified from uploaded SitRep N71 Table 2 cumulative health-zone distribution. Rows without dashboard geometry metadata will not be mapped until boundaries are added.
2026-07-24,2026-07,Nord-Kivu,Beni,msg2MyMGhKv,42,29.0,0.493171248666955,29.51358389763662,SitRep N71/MVB,2026-07-24,Verified from uploaded SitRep N71 Table 2 cumulative health-zone distribution. Rows without dashboard geometry metadata will not be mapped until boundaries are added.
2026-07-24,2026-07,Nord-Kivu,Butembo,foR0DRLqtdJ,66,43.0,0.1465342500003714,29.251277502423125,SitRep N71/MVB,2026-07-24,Verified from uploaded SitRep N71 Table 2 cumulative health-zone distribution. Rows without dashboard geometry metadata will not be mapped until boundaries are added.
2026-07-24,2026-07,Nord-Kivu,Goma,t8tjGKVhkl3,1,0.0,-1.6528676989999551,29.17826328304752,SitRep N71/MVB,2026-07-24,Verified from uploaded SitRep N71 Table 2 cumulative health-zone distribution. Rows without dashboard geometry metadata will not be mapped until boundaries are added.
2026-07-24,2026-07,Nord-Kivu,Kalunguta,XoJ3dLz68aj,4,3.0,0.3266166500000906,29.34622252068664,SitRep N71/MVB,2026-07-24,Verified from uploaded SitRep N71 Table 2 cumulative health-zone distribution. Rows without dashboard geometry metadata will not be mapped until boundaries are added.
2026-07-24,2026-07,Nord-Kivu,Katwa,woJBeEpIZdy,136,88.0,0.1198993135112445,29.32416416638681,SitRep N71/MVB,2026-07-24,Verified from uploaded SitRep N71 Table 2 cumulative health-zone distribution. Rows without dashboard geometry metadata will not be mapped until boundaries are added.
2026-07-24,2026-07,Nord-Kivu,Kyondo,amGiV9h9C2I,11,7.0,0.0132661619471709,29.50420270117476,SitRep N71/MVB,2026-07-24,Verified from uploaded SitRep N71 Table 2 cumulative health-zone distribution. Rows without dashboard geometry metadata will not be mapped until boundaries are added.
2026-07-24,2026-07,Nord-Kivu,Mabalako,svtAZQ9nVl0,1,0.0,0.5045215710000548,29.19392959948652,SitRep N71/MVB,2026-07-24,Verified from uploaded SitRep N71 Table 2 cumulative health-zone distribution. Rows without dashboard geometry metadata will not be mapped until boundaries are added.
2026-07-24,2026-07,Nord-Kivu,Masereka,kQCMPbHKQ93,4,0.0,-0.1092755664999742,29.327512197678764,SitRep N71/MVB,2026-07-24,Verified from uploaded SitRep N71 Table 2 cumulative health-zone distribution. Rows without dashboard geometry metadata will not be mapped until boundaries are added.
2026-07-24,2026-07,Nord-Kivu,Musienene,VooLsNf0dDB,29,14.0,0.0725136590002364,28.353275181121678,SitRep N71/MVB,2026-07-24,Verified from uploaded SitRep N71 Table 2 cumulative health-zone distribution. Rows without dashboard geometry metadata will not be mapped until boundaries are added.
2026-07-24,2026-07,Nord-Kivu,Oicha,zOOAshOz4Cz,4,3.0,0.7639879778753311,29.54704482375912,SitRep N71/MVB,2026-07-24,Verified from uploaded SitRep N71 Table 2 cumulative health-zone distribution. Rows without dashboard geometry metadata will not be mapped until boundaries are added.
2026-07-24,2026-07,Nord-Kivu,Vuhovi,,1,1.0,0.1784462168028456,29.417509106630853,SitRep N71/MVB,2026-07-24,Verified from uploaded SitRep N71 Table 2 cumulative health-zone distribution. Rows without dashboard geometry metadata will not be mapped until boundaries are added.
2026-07-24,2026-07,Sud-Kivu,Miti-Murhesa,cXkCT53xxfk,3,1.0,-2.39067,28.72098,SitRep N71/MVB,2026-07-24,Verified from uploaded SitRep N71 Table 2 cumulative health-zone distribution. Rows without dashboard geometry metadata will not be mapped until boundaries are added.
2026-07-24,2026-07,Tshopo,Lubunga,I9d1F9TGn33,1,0.0,0.4130002195000486,25.10564709446672,SitRep N71/MVB,2026-07-24,Verified from uploaded SitRep N71 Table 2 cumulative health-zone distribution. Rows without dashboard geometry metadata will not be mapped until boundaries are added.
2026-07-24,2026-07,Tshopo,Makiso-Kisangani,,3,3.0,0.5193941813000615,25.19509953699577,SitRep N71/MVB,2026-07-24,Verified from uploaded SitRep N71 Table 2 cumulative health-zone distribution. Rows without dashboard geometry metadata will not be mapped until boundaries are added.
2026-07-24,2026-07,Tshopo,Mangobo,wOWB7WbNuSN,1,1.0,0.5399329588970425,25.15236555521503,SitRep N71/MVB,2026-07-24,Verified from uploaded SitRep N71 Table 2 cumulative health-zone distribution. Rows without dashboard geometry metadata will not be mapped until boundaries are added.
2026-07-25,2026-07,Haut-Uele,Boma Mangbetu,qwBasnNFRFW,7,4.0,2.2351428900001054,27.79291728128205,SitRep N72/MVB,2026-07-25,Verified from uploaded SitRep N72 Table 2 cumulative health-zone distribution. Rows without dashboard geometry metadata will not be mapped until boundaries are added.
2026-07-25,2026-07,Haut-Uele,Isiro,lW6NlTXqGcv,12,7.0,2.398158594500046,27.318090299264888,SitRep N72/MVB,2026-07-25,Verified from uploaded SitRep N72 Table 2 cumulative health-zone distribution. Rows without dashboard geometry metadata will not be mapped until boundaries are added.
2026-07-25,2026-07,Haut-Uele,Pawa,ZxQY9szHMx5,7,5.0,2.336214680000097,27.5370451072996,SitRep N72/MVB,2026-07-25,Verified from uploaded SitRep N72 Table 2 cumulative health-zone distribution. Rows without dashboard geometry metadata will not be mapped until boundaries are added.
2026-07-25,2026-07,Haut-Uele,Rungu,EGoMVOvVUAp,1,0.0,2.8721408758778737,28.04597429304644,SitRep N72/MVB,2026-07-25,Verified from uploaded SitRep N72 Table 2 cumulative health-zone distribution. Rows without dashboard geometry metadata will not be mapped until boundaries are added.
2026-07-25,2026-07,Haut-Uele,Wamba,ET5R8zSN3gm,11,4.0,2.104064561500138,28.0995466507865,SitRep N72/MVB,2026-07-25,Verified from uploaded SitRep N72 Table 2 cumulative health-zone distribution. Rows without dashboard geometry metadata will not be mapped until boundaries are added.
2026-07-25,2026-07,Ituri,Adja,CLboGR4F3lj,11,1.0,3.075097472000124,30.475237413395348,SitRep N72/MVB,2026-07-25,Verified from uploaded SitRep N72 Table 2 cumulative health-zone distribution. Rows without dashboard geometry metadata will not be mapped until boundaries are added.
2026-07-25,2026-07,Ituri,Ariwara,fM8IqjhdeyL,7,1.0,3.1940884310532445,30.693184448654044,SitRep N72/MVB,2026-07-25,Verified from uploaded SitRep N72 Table 2 cumulative health-zone distribution. Rows without dashboard geometry metadata will not be mapped until boundaries are added.
2026-07-25,2026-07,Ituri,Aru,v8PqffapuVl,5,4.0,2.859042986322321,30.833681049566664,SitRep N72/MVB,2026-07-25,Verified from uploaded SitRep N72 Table 2 cumulative health-zone distribution. Rows without dashboard geometry metadata will not be mapped until boundaries are added.
2026-07-25,2026-07,Ituri,Aungba,DFcltLEKLxj,4,4.0,2.5670708830760702,30.592536320311343,SitRep N72/MVB,2026-07-25,Verified from uploaded SitRep N72 Table 2 cumulative health-zone distribution. Rows without dashboard geometry metadata will not be mapped until boundaries are added.
2026-07-25,2026-07,Ituri,Bambu,Uc3GqWS8C0w,54,11.0,1.8633970955000336,30.20627592724413,SitRep N72/MVB,2026-07-25,Verified from uploaded SitRep N72 Table 2 cumulative health-zone distribution. Rows without dashboard geometry metadata will not be mapped until boundaries are added.
2026-07-25,2026-07,Ituri,Boga,rLadlFjzCh7,1,1.0,0.9822493237397868,30.003461492917516,SitRep N72/MVB,2026-07-25,Verified from uploaded SitRep N72 Table 2 cumulative health-zone distribution. Rows without dashboard geometry metadata will not be mapped until boundaries are added.
2026-07-25,2026-07,Ituri,Bunia,GPi6i83o7l6,762,215.0,1.607713140500067,30.282078091482003,SitRep N72/MVB,2026-07-25,Verified from uploaded SitRep N72 Table 2 cumulative health-zone distribution. Rows without dashboard geometry metadata will not be mapped until boundaries are added.
2026-07-25,2026-07,Ituri,Damas,ApdB8z3Wrxt,16,8.0,2.1976361605001387,30.229346408586437,SitRep N72/MVB,2026-07-25,Verified from uploaded SitRep N72 Table 2 cumulative health-zone distribution. Rows without dashboard geometry metadata will not be mapped until boundaries are added.
2026-07-25,2026-07,Ituri,Drodro,OIhgsXcZf6x,6,4.0,1.7484347510000475,30.586912835820826,SitRep N72/MVB,2026-07-25,Verified from uploaded SitRep N72 Table 2 cumulative health-zone distribution. Rows without dashboard geometry metadata will not be mapped until boundaries are added.
2026-07-25,2026-07,Ituri,Fataki,FDNwbfrJhkA,17,6.0,1.9004797405000888,30.565348794325672,SitRep N72/MVB,2026-07-25,Verified from uploaded SitRep N72 Table 2 cumulative health-zone distribution. Rows without dashboard geometry metadata will not be mapped until boundaries are added.
2026-07-25,2026-07,Ituri,Gety,X8zFJ7DJlRD,1,0.0,1.253148786140514,30.189368117956285,SitRep N72/MVB,2026-07-25,Verified from uploaded SitRep N72 Table 2 cumulative health-zone distribution. Rows without dashboard geometry metadata will not be mapped until boundaries are added.
2026-07-25,2026-07,Ituri,Kambala,SkEKQLSulmp,2,0.0,2.313255370000064,30.54737129473464,SitRep N72/MVB,2026-07-25,Verified from uploaded SitRep N72 Table 2 cumulative health-zone distribution. Rows without dashboard geometry metadata will not be mapped until boundaries are added.
2026-07-25,2026-07,Ituri,Kilo,sbyWSsdZ3tj,23,11.0,1.7598275375000298,30.080701985660504,SitRep N72/MVB,2026-07-25,Verified from uploaded SitRep N72 Table 2 cumulative health-zone distribution. Rows without dashboard geometry metadata will not be mapped until boundaries are added.
2026-07-25,2026-07,Ituri,Komanda,i2mtQy4nTmD,35,24.0,1.1261791000000585,29.62557262065517,SitRep N72/MVB,2026-07-25,Verified from uploaded SitRep N72 Table 2 cumulative health-zone distribution. Rows without dashboard geometry metadata will not be mapped until boundaries are added.
2026-07-25,2026-07,Ituri,Lita,xGWcGHazqtw,117,66.0,1.588332974500048,30.38710948970807,SitRep N72/MVB,2026-07-25,Verified from uploaded SitRep N72 Table 2 cumulative health-zone distribution. Rows without dashboard geometry metadata will not be mapped until boundaries are added.
2026-07-25,2026-07,Ituri,Logo,qqGoQGSp1Dw,9,3.0,2.155727226000039,30.877556277526388,SitRep N72/MVB,2026-07-25,Verified from uploaded SitRep N72 Table 2 cumulative health-zone distribution. Rows without dashboard geometry metadata will not be mapped until boundaries are added.
2026-07-25,2026-07,Ituri,Lolwa,xp3Y1OXHZLj,4,1.0,1.4666692450000482,29.46470993607435,SitRep N72/MVB,2026-07-25,Verified from uploaded SitRep N72 Table 2 cumulative health-zone distribution. Rows without dashboard geometry metadata will not be mapped until boundaries are added.
2026-07-25,2026-07,Ituri,Mahagi,seNn0NUsKYn,3,1.0,2.3021508495800296,30.865062342480392,SitRep N72/MVB,2026-07-25,Verified from uploaded SitRep N72 Table 2 cumulative health-zone distribution. Rows without dashboard geometry metadata will not be mapped until boundaries are added.
2026-07-25,2026-07,Ituri,Mambasa,RjHZChl5gJQ,9,4.0,1.4290391459577108,28.62314089055854,SitRep N72/MVB,2026-07-25,Verified from uploaded SitRep N72 Table 2 cumulative health-zone distribution. Rows without dashboard geometry metadata will not be mapped until boundaries are added.
2026-07-25,2026-07,Ituri,Mandima,YpXUkTbtAPA,13,9.0,0.9848691425853816,29.17200687013976,SitRep N72/MVB,2026-07-25,Verified from uploaded SitRep N72 Table 2 cumulative health-zone distribution. Rows without dashboard geometry metadata will not be mapped until boundaries are added.
2026-07-25,2026-07,Ituri,Mangala,,100,64.0,1.932543075791395,30.386389913262207,SitRep N72/MVB,2026-07-25,Verified from uploaded SitRep N72 Table 2 cumulative health-zone distribution. Rows without dashboard geometry metadata will not be mapped until boundaries are added.
2026-07-25,2026-07,Ituri,Mongbwalu,nv8tx681Gjd,498,237.0,2.120204140000084,29.46395014319073,SitRep N72/MVB,2026-07-25,Verified from uploaded SitRep N72 Table 2 cumulative health-zone distribution. Rows without dashboard geometry metadata will not be mapped until boundaries are added.
2026-07-25,2026-07,Ituri,Nia-Nia,tWlaqwSUheI,89,46.0,1.3355359147381067,27.83913154965078,SitRep N72/MVB,2026-07-25,Verified from uploaded SitRep N72 Table 2 cumulative health-zone distribution. Rows without dashboard geometry metadata will not be mapped until boundaries are added.
2026-07-25,2026-07,Ituri,Nizi,TCE5waEW7Fi,350,166.0,1.7491092545000129,30.29386589242562,SitRep N72/MVB,2026-07-25,Verified from uploaded SitRep N72 Table 2 cumulative health-zone distribution. Rows without dashboard geometry metadata will not be mapped until boundaries are added.
2026-07-25,2026-07,Ituri,Nyankunde,mGTaa8TFifO,114,31.0,1.4866449679154434,29.933917392135683,SitRep N72/MVB,2026-07-25,Verified from uploaded SitRep N72 Table 2 cumulative health-zone distribution. Rows without dashboard geometry metadata will not be mapped until boundaries are added.
2026-07-25,2026-07,Ituri,Rimba,a2aJcbwnjoK,8,4.0,2.2214134000000456,30.706000954123333,SitRep N72/MVB,2026-07-25,Verified from uploaded SitRep N72 Table 2 cumulative health-zone distribution. Rows without dashboard geometry metadata will not be mapped until boundaries are added.
2026-07-25,2026-07,Ituri,Rwampara,vPxN2nZnBXK,550,238.0,1.5710652340000308,30.08327315923981,SitRep N72/MVB,2026-07-25,Verified from uploaded SitRep N72 Table 2 cumulative health-zone distribution. Rows without dashboard geometry metadata will not be mapped until boundaries are added.
2026-07-25,2026-07,Ituri,Tchomia,rhj4btTd3i0,40,24.0,1.5216207475000374,30.468986199294,SitRep N72/MVB,2026-07-25,Verified from uploaded SitRep N72 Table 2 cumulative health-zone distribution. Rows without dashboard geometry metadata will not be mapped until boundaries are added.
2026-07-25,2026-07,Nord-Kivu,Beni,msg2MyMGhKv,43,30.0,0.493171248666955,29.51358389763662,SitRep N72/MVB,2026-07-25,Verified from uploaded SitRep N72 Table 2 cumulative health-zone distribution. Rows without dashboard geometry metadata will not be mapped until boundaries are added.
2026-07-25,2026-07,Nord-Kivu,Butembo,foR0DRLqtdJ,70,48.0,0.1465342500003714,29.251277502423125,SitRep N72/MVB,2026-07-25,Verified from uploaded SitRep N72 Table 2 cumulative health-zone distribution. Rows without dashboard geometry metadata will not be mapped until boundaries are added.
2026-07-25,2026-07,Nord-Kivu,Goma,t8tjGKVhkl3,1,0.0,-1.6528676989999551,29.17826328304752,SitRep N72/MVB,2026-07-25,Verified from uploaded SitRep N72 Table 2 cumulative health-zone distribution. Rows without dashboard geometry metadata will not be mapped until boundaries are added.
2026-07-25,2026-07,Nord-Kivu,Kalunguta,XoJ3dLz68aj,4,3.0,0.3266166500000906,29.34622252068664,SitRep N72/MVB,2026-07-25,Verified from uploaded SitRep N72 Table 2 cumulative health-zone distribution. Rows without dashboard geometry metadata will not be mapped until boundaries are added.
2026-07-25,2026-07,Nord-Kivu,Katwa,woJBeEpIZdy,138,90.0,0.1198993135112445,29.32416416638681,SitRep N72/MVB,2026-07-25,Verified from uploaded SitRep N72 Table 2 cumulative health-zone distribution. Rows without dashboard geometry metadata will not be mapped until boundaries are added.
2026-07-25,2026-07,Nord-Kivu,Kyondo,amGiV9h9C2I,11,7.0,0.0132661619471709,29.50420270117476,SitRep N72/MVB,2026-07-25,Verified from uploaded SitRep N72 Table 2 cumulative health-zone distribution. Rows without dashboard geometry metadata will not be mapped until boundaries are added.
2026-07-25,2026-07,Nord-Kivu,Mabalako,svtAZQ9nVl0,1,0.0,0.5045215710000548,29.19392959948652,SitRep N72/MVB,2026-07-25,Verified from uploaded SitRep N72 Table 2 cumulative health-zone distribution. Rows without dashboard geometry metadata will not be mapped until boundaries are added.
2026-07-25,2026-07,Nord-Kivu,Masereka,kQCMPbHKQ93,4,0.0,-0.1092755664999742,29.327512197678764,SitRep N72/MVB,2026-07-25,Verified from uploaded SitRep N72 Table 2 cumulative health-zone distribution. Rows without dashboard geometry metadata will not be mapped until boundaries are added.
2026-07-25,2026-07,Nord-Kivu,Musienene,VooLsNf0dDB,29,14.0,0.0725136590002364,28.353275181121678,SitRep N72/MVB,2026-07-25,Verified from uploaded SitRep N72 Table 2 cumulative health-zone distribution. Rows without dashboard geometry metadata will not be mapped until boundaries are added.
2026-07-25,2026-07,Nord-Kivu,Oicha,zOOAshOz4Cz,4,3.0,0.7639879778753311,29.54704482375912,SitRep N72/MVB,2026-07-25,Verified from uploaded SitRep N72 Table 2 cumulative health-zone distribution. Rows without dashboard geometry metadata will not be mapped until boundaries are added.
2026-07-25,2026-07,Nord-Kivu,Vuhovi,,1,1.0,0.1784462168028456,29.417509106630853,SitRep N72/MVB,2026-07-25,Verified from uploaded SitRep N72 Table 2 cumulative health-zone distribution. Rows without dashboard geometry metadata will not be mapped until boundaries are added.
2026-07-25,2026-07,Sud-Kivu,Miti-Murhesa,cXkCT53xxfk,3,1.0,-2.39067,28.72098,SitRep N72/MVB,2026-07-25,Verified from uploaded SitRep N72 Table 2 cumulative health-zone distribution. Rows without dashboard geometry metadata will not be mapped until boundaries are added.
2026-07-25,2026-07,Tshopo,Lubunga,I9d1F9TGn33,1,0.0,0.4130002195000486,25.10564709446672,SitRep N72/MVB,2026-07-25,Verified from uploaded SitRep N72 Table 2 cumulative health-zone distribution. Rows without dashboard geometry metadata will not be mapped until boundaries are added.
2026-07-25,2026-07,Tshopo,Makiso-Kisangani,,3,3.0,0.5193941813000615,25.19509953699577,SitRep N72/MVB,2026-07-25,Verified from uploaded SitRep N72 Table 2 cumulative health-zone distribution. Rows without dashboard geometry metadata will not be mapped until boundaries are added.
2026-07-25,2026-07,Tshopo,Mangobo,wOWB7WbNuSN,1,1.0,0.5399329588970425,25.15236555521503,SitRep N72/MVB,2026-07-25,Verified from uploaded SitRep N72 Table 2 cumulative health-zone distribution. Rows without dashboard geometry metadata will not be mapped until boundaries are added.
2026-07-26,2026-07,Haut-Uélé,Boma Mangbetu,qwBasnNFRFW,7,4.0,2.2351428900001054,27.79291728128205,SitRep N73/MVB,2026-07-26,OpenAI-assisted fallback extraction from INSP SitRep PDF; used only after deterministic extraction failed validation. Rows without dashboard geometry are retained in totals but hidden on the case map.
2026-07-26,2026-07,Haut-Uélé,Isiro,lW6NlTXqGcv,12,7.0,2.398158594500046,27.318090299264888,SitRep N73/MVB,2026-07-26,OpenAI-assisted fallback extraction from INSP SitRep PDF; used only after deterministic extraction failed validation. Rows without dashboard geometry are retained in totals but hidden on the case map.
2026-07-26,2026-07,Haut-Uélé,Pawa,ZxQY9szHMx5,8,6.0,2.336214680000097,27.5370451072996,SitRep N73/MVB,2026-07-26,OpenAI-assisted fallback extraction from INSP SitRep PDF; used only after deterministic extraction failed validation. Rows without dashboard geometry are retained in totals but hidden on the case map.
2026-07-26,2026-07,Haut-Uélé,Rungu,EGoMVOvVUAp,1,0.0,2.8721408758778737,28.04597429304644,SitRep N73/MVB,2026-07-26,OpenAI-assisted fallback extraction from INSP SitRep PDF; used only after deterministic extraction failed validation. Rows without dashboard geometry are retained in totals but hidden on the case map.
2026-07-26,2026-07,Haut-Uélé,Wamba,ET5R8zSN3gm,11,4.0,2.104064561500138,28.0995466507865,SitRep N73/MVB,2026-07-26,OpenAI-assisted fallback extraction from INSP SitRep PDF; used only after deterministic extraction failed validation. Rows without dashboard geometry are retained in totals but hidden on the case map.
2026-07-26,2026-07,Ituri,Adja,CLboGR4F3lj,11,1.0,3.075097472000124,30.475237413395348,SitRep N73/MVB,2026-07-26,OpenAI-assisted fallback extraction from INSP SitRep PDF; used only after deterministic extraction failed validation. Rows without dashboard geometry are retained in totals but hidden on the case map.
2026-07-26,2026-07,Ituri,Ariwara,fM8IqjhdeyL,7,1.0,3.1940884310532445,30.693184448654044,SitRep N73/MVB,2026-07-26,OpenAI-assisted fallback extraction from INSP SitRep PDF; used only after deterministic extraction failed validation. Rows without dashboard geometry are retained in totals but hidden on the case map.
2026-07-26,2026-07,Ituri,Aru,v8PqffapuVl,5,5.0,2.859042986322321,30.833681049566664,SitRep N73/MVB,2026-07-26,OpenAI-assisted fallback extraction from INSP SitRep PDF; used only after deterministic extraction failed validation. Rows without dashboard geometry are retained in totals but hidden on the case map.
2026-07-26,2026-07,Ituri,Aungba,DFcltLEKLxj,5,4.0,2.5670708830760702,30.592536320311343,SitRep N73/MVB,2026-07-26,OpenAI-assisted fallback extraction from INSP SitRep PDF; used only after deterministic extraction failed validation. Rows without dashboard geometry are retained in totals but hidden on the case map.
2026-07-26,2026-07,Ituri,Bambu,Uc3GqWS8C0w,57,11.0,1.8633970955000336,30.20627592724413,SitRep N73/MVB,2026-07-26,OpenAI-assisted fallback extraction from INSP SitRep PDF; used only after deterministic extraction failed validation. Rows without dashboard geometry are retained in totals but hidden on the case map.
2026-07-26,2026-07,Ituri,Boga,rLadlFjzCh7,1,1.0,0.9822493237397868,30.003461492917516,SitRep N73/MVB,2026-07-26,OpenAI-assisted fallback extraction from INSP SitRep PDF; used only after deterministic extraction failed validation. Rows without dashboard geometry are retained in totals but hidden on the case map.
2026-07-26,2026-07,Ituri,Bunia,GPi6i83o7l6,773,220.0,1.607713140500067,30.282078091482003,SitRep N73/MVB,2026-07-26,OpenAI-assisted fallback extraction from INSP SitRep PDF; used only after deterministic extraction failed validation. Rows without dashboard geometry are retained in totals but hidden on the case map.
2026-07-26,2026-07,Ituri,Damas,ApdB8z3Wrxt,16,8.0,2.1976361605001387,30.229346408586437,SitRep N73/MVB,2026-07-26,OpenAI-assisted fallback extraction from INSP SitRep PDF; used only after deterministic extraction failed validation. Rows without dashboard geometry are retained in totals but hidden on the case map.
2026-07-26,2026-07,Ituri,Drodro,OIhgsXcZf6x,10,5.0,1.7484347510000475,30.586912835820826,SitRep N73/MVB,2026-07-26,OpenAI-assisted fallback extraction from INSP SitRep PDF; used only after deterministic extraction failed validation. Rows without dashboard geometry are retained in totals but hidden on the case map.
2026-07-26,2026-07,Ituri,Fataki,FDNwbfrJhkA,17,6.0,1.9004797405000888,30.565348794325672,SitRep N73/MVB,2026-07-26,OpenAI-assisted fallback extraction from INSP SitRep PDF; used only after deterministic extraction failed validation. Rows without dashboard geometry are retained in totals but hidden on the case map.
2026-07-26,2026-07,Ituri,Gety,X8zFJ7DJlRD,1,0.0,1.253148786140514,30.189368117956285,SitRep N73/MVB,2026-07-26,OpenAI-assisted fallback extraction from INSP SitRep PDF; used only after deterministic extraction failed validation. Rows without dashboard geometry are retained in totals but hidden on the case map.
2026-07-26,2026-07,Ituri,Kambala,SkEKQLSulmp,2,0.0,2.313255370000064,30.54737129473464,SitRep N73/MVB,2026-07-26,OpenAI-assisted fallback extraction from INSP SitRep PDF; used only after deterministic extraction failed validation. Rows without dashboard geometry are retained in totals but hidden on the case map.
2026-07-26,2026-07,Ituri,Kilo,sbyWSsdZ3tj,23,11.0,1.7598275375000298,30.080701985660504,SitRep N73/MVB,2026-07-26,OpenAI-assisted fallback extraction from INSP SitRep PDF; used only after deterministic extraction failed validation. Rows without dashboard geometry are retained in totals but hidden on the case map.
2026-07-26,2026-07,Ituri,Komanda,i2mtQy4nTmD,35,24.0,1.1261791000000585,29.62557262065517,SitRep N73/MVB,2026-07-26,OpenAI-assisted fallback extraction from INSP SitRep PDF; used only after deterministic extraction failed validation. Rows without dashboard geometry are retained in totals but hidden on the case map.
2026-07-26,2026-07,Ituri,Lita,xGWcGHazqtw,117,66.0,1.588332974500048,30.38710948970807,SitRep N73/MVB,2026-07-26,OpenAI-assisted fallback extraction from INSP SitRep PDF; used only after deterministic extraction failed validation. Rows without dashboard geometry are retained in totals but hidden on the case map.
2026-07-26,2026-07,Ituri,Logo,qqGoQGSp1Dw,9,3.0,2.155727226000039,30.877556277526388,SitRep N73/MVB,2026-07-26,OpenAI-assisted fallback extraction from INSP SitRep PDF; used only after deterministic extraction failed validation. Rows without dashboard geometry are retained in totals but hidden on the case map.
2026-07-26,2026-07,Ituri,Lolwa,xp3Y1OXHZLj,4,1.0,1.4666692450000482,29.46470993607435,SitRep N73/MVB,2026-07-26,OpenAI-assisted fallback extraction from INSP SitRep PDF; used only after deterministic extraction failed validation. Rows without dashboard geometry are retained in totals but hidden on the case map.
2026-07-26,2026-07,Ituri,Mahagi,seNn0NUsKYn,3,1.0,2.3021508495800296,30.865062342480392,SitRep N73/MVB,2026-07-26,OpenAI-assisted fallback extraction from INSP SitRep PDF; used only after deterministic extraction failed validation. Rows without dashboard geometry are retained in totals but hidden on the case map.
2026-07-26,2026-07,Ituri,Mambasa,RjHZChl5gJQ,9,4.0,1.4290391459577108,28.62314089055854,SitRep N73/MVB,2026-07-26,OpenAI-assisted fallback extraction from INSP SitRep PDF; used only after deterministic extraction failed validation. Rows without dashboard geometry are retained in totals but hidden on the case map.
2026-07-26,2026-07,Ituri,Mandima,YpXUkTbtAPA,13,9.0,0.9848691425853816,29.17200687013976,SitRep N73/MVB,2026-07-26,OpenAI-assisted fallback extraction from INSP SitRep PDF; used only after deterministic extraction failed validation. Rows without dashboard geometry are retained in totals but hidden on the case map.
2026-07-26,2026-07,Ituri,Mangala,,100,64.0,,,SitRep N73/MVB,2026-07-26,OpenAI-assisted fallback extraction from INSP SitRep PDF; used only after deterministic extraction failed validation. Rows without dashboard geometry are retained in totals but hidden on the case map.
2026-07-26,2026-07,Ituri,Mongbwalu,nv8tx681Gjd,506,244.0,2.120204140000084,29.46395014319073,SitRep N73/MVB,2026-07-26,OpenAI-assisted fallback extraction from INSP SitRep PDF; used only after deterministic extraction failed validation. Rows without dashboard geometry are retained in totals but hidden on the case map.
2026-07-26,2026-07,Ituri,Nia-Nia,,90,47.0,,,SitRep N73/MVB,2026-07-26,OpenAI-assisted fallback extraction from INSP SitRep PDF; used only after deterministic extraction failed validation. Rows without dashboard geometry are retained in totals but hidden on the case map.
2026-07-26,2026-07,Ituri,Nizi,TCE5waEW7Fi,357,171.0,1.7491092545000129,30.29386589242562,SitRep N73/MVB,2026-07-26,OpenAI-assisted fallback extraction from INSP SitRep PDF; used only after deterministic extraction failed validation. Rows without dashboard geometry are retained in totals but hidden on the case map.
2026-07-26,2026-07,Ituri,Nyankunde,mGTaa8TFifO,114,31.0,1.4866449679154434,29.933917392135683,SitRep N73/MVB,2026-07-26,OpenAI-assisted fallback extraction from INSP SitRep PDF; used only after deterministic extraction failed validation. Rows without dashboard geometry are retained in totals but hidden on the case map.
2026-07-26,2026-07,Ituri,Rimba,a2aJcbwnjoK,8,4.0,2.2214134000000456,30.706000954123333,SitRep N73/MVB,2026-07-26,OpenAI-assisted fallback extraction from INSP SitRep PDF; used only after deterministic extraction failed validation. Rows without dashboard geometry are retained in totals but hidden on the case map.
2026-07-26,2026-07,Ituri,Rwampara,vPxN2nZnBXK,568,241.0,1.5710652340000308,30.08327315923981,SitRep N73/MVB,2026-07-26,OpenAI-assisted fallback extraction from INSP SitRep PDF; used only after deterministic extraction failed validation. Rows without dashboard geometry are retained in totals but hidden on the case map.
2026-07-26,2026-07,Ituri,Tchomia,rhj4btTd3i0,40,24.0,1.5216207475000374,30.468986199294,SitRep N73/MVB,2026-07-26,OpenAI-assisted fallback extraction from INSP SitRep PDF; used only after deterministic extraction failed validation. Rows without dashboard geometry are retained in totals but hidden on the case map.
2026-07-26,2026-07,Nord-Kivu,Beni,msg2MyMGhKv,44,34.0,0.493171248666955,29.51358389763662,SitRep N73/MVB,2026-07-26,OpenAI-assisted fallback extraction from INSP SitRep PDF; used only after deterministic extraction failed validation. Rows without dashboard geometry are retained in totals but hidden on the case map.
2026-07-26,2026-07,Nord-Kivu,Butembo,foR0DRLqtdJ,73,49.0,0.1465342500003714,29.251277502423125,SitRep N73/MVB,2026-07-26,OpenAI-assisted fallback extraction from INSP SitRep PDF; used only after deterministic extraction failed validation. Rows without dashboard geometry are retained in totals but hidden on the case map.
2026-07-26,2026-07,Nord-Kivu,Goma,t8tjGKVhkl3,1,0.0,-1.6528676989999551,29.17826328304752,SitRep N73/MVB,2026-07-26,OpenAI-assisted fallback extraction from INSP SitRep PDF; used only after deterministic extraction failed validation. Rows without dashboard geometry are retained in totals but hidden on the case map.
2026-07-26,2026-07,Nord-Kivu,Kalunguta,XoJ3dLz68aj,5,3.0,0.3266166500000906,29.34622252068664,SitRep N73/MVB,2026-07-26,OpenAI-assisted fallback extraction from INSP SitRep PDF; used only after deterministic extraction failed validation. Rows without dashboard geometry are retained in totals but hidden on the case map.
2026-07-26,2026-07,Nord-Kivu,Katwa,woJBeEpIZdy,140,88.0,0.1198993135112445,29.32416416638681,SitRep N73/MVB,2026-07-26,OpenAI-assisted fallback extraction from INSP SitRep PDF; used only after deterministic extraction failed validation. Rows without dashboard geometry are retained in totals but hidden on the case map.
2026-07-26,2026-07,Nord-Kivu,Kyondo,amGiV9h9C2I,12,7.0,0.0132661619471709,29.50420270117476,SitRep N73/MVB,2026-07-26,OpenAI-assisted fallback extraction from INSP SitRep PDF; used only after deterministic extraction failed validation. Rows without dashboard geometry are retained in totals but hidden on the case map.
2026-07-26,2026-07,Nord-Kivu,Mabalako,svtAZQ9nVl0,1,0.0,0.5045215710000548,29.19392959948652,SitRep N73/MVB,2026-07-26,OpenAI-assisted fallback extraction from INSP SitRep PDF; used only after deterministic extraction failed validation. Rows without dashboard geometry are retained in totals but hidden on the case map.
2026-07-26,2026-07,Nord-Kivu,Masereka,kQCMPbHKQ93,4,0.0,-0.1092755664999742,29.327512197678764,SitRep N73/MVB,2026-07-26,OpenAI-assisted fallback extraction from INSP SitRep PDF; used only after deterministic extraction failed validation. Rows without dashboard geometry are retained in totals but hidden on the case map.
2026-07-26,2026-07,Nord-Kivu,Musienene,VooLsNf0dDB,29,19.0,0.0725136590002364,28.353275181121678,SitRep N73/MVB,2026-07-26,OpenAI-assisted fallback extraction from INSP SitRep PDF; used only after deterministic extraction failed validation. Rows without dashboard geometry are retained in totals but hidden on the case map.
2026-07-26,2026-07,Nord-Kivu,Oicha,zOOAshOz4Cz,4,3.0,0.7639879778753311,29.54704482375912,SitRep N73/MVB,2026-07-26,OpenAI-assisted fallback extraction from INSP SitRep PDF; used only after deterministic extraction failed validation. Rows without dashboard geometry are retained in totals but hidden on the case map.
2026-07-26,2026-07,Nord-Kivu,Vuhovi,,1,1.0,,,SitRep N73/MVB,2026-07-26,OpenAI-assisted fallback extraction from INSP SitRep PDF; used only after deterministic extraction failed validation. Rows without dashboard geometry are retained in totals but hidden on the case map.
2026-07-26,2026-07,Sud-Kivu,Miti-Murhesa,,3,1.0,,,SitRep N73/MVB,2026-07-26,OpenAI-assisted fallback extraction from INSP SitRep PDF; used only after deterministic extraction failed validation. Rows without dashboard geometry are retained in totals but hidden on the case map.
2026-07-26,2026-07,Tshopo,Lubunga,I9d1F9TGn33,1,0.0,0.4130002195000486,25.10564709446672,SitRep N73/MVB,2026-07-26,OpenAI-assisted fallback extraction from INSP SitRep PDF; used only after deterministic extraction failed validation. Rows without dashboard geometry are retained in totals but hidden on the case map.
2026-07-26,2026-07,Tshopo,Makiso-Kisangani,,3,3.0,,,SitRep N73/MVB,2026-07-26,OpenAI-assisted fallback extraction from INSP SitRep PDF; used only after deterministic extraction failed validation. Rows without dashboard geometry are retained in totals but hidden on the case map.
2026-07-26,2026-07,Tshopo,Mangobo,wOWB7WbNuSN,1,1.0,0.5399329588970425,25.15236555521503,SitRep N73/MVB,2026-07-26,OpenAI-assisted fallback extraction from INSP SitRep PDF; used only after deterministic extraction failed validation. Rows without dashboard geometry are retained in totals but hidden on the case map.
2026-07-27,2026-07,Haut-Uélé,Boma Mangbetu,qwBasnNFRFW,7,4.0,2.2351428900001054,27.79291728128205,SitRep N74/MVB,2026-07-27,Verified from uploaded SitRep N74 Table 2 health-zone rows; rows without dashboard geometry are retained in totals but hidden on the case map.
2026-07-27,2026-07,Haut-Uélé,Isiro,lW6NlTXqGcv,12,7.0,2.398158594500046,27.318090299264888,SitRep N74/MVB,2026-07-27,Verified from uploaded SitRep N74 Table 2 health-zone rows; rows without dashboard geometry are retained in totals but hidden on the case map.
2026-07-27,2026-07,Haut-Uélé,Pawa,ZxQY9szHMx5,8,6.0,2.336214680000097,27.5370451072996,SitRep N74/MVB,2026-07-27,Verified from uploaded SitRep N74 Table 2 health-zone rows; rows without dashboard geometry are retained in totals but hidden on the case map.
2026-07-27,2026-07,Haut-Uélé,Rungu,EGoMVOvVUAp,1,0.0,2.8721408758778737,28.04597429304644,SitRep N74/MVB,2026-07-27,Verified from uploaded SitRep N74 Table 2 health-zone rows; rows without dashboard geometry are retained in totals but hidden on the case map.
2026-07-27,2026-07,Haut-Uélé,Wamba,ET5R8zSN3gm,11,4.0,2.104064561500138,28.0995466507865,SitRep N74/MVB,2026-07-27,Verified from uploaded SitRep N74 Table 2 health-zone rows; rows without dashboard geometry are retained in totals but hidden on the case map.
2026-07-27,2026-07,Ituri,Adja,CLboGR4F3lj,11,1.0,3.075097472000124,30.475237413395348,SitRep N74/MVB,2026-07-27,Verified from uploaded SitRep N74 Table 2 health-zone rows; rows without dashboard geometry are retained in totals but hidden on the case map.
2026-07-27,2026-07,Ituri,Ariwara,fM8IqjhdeyL,7,1.0,3.1940884310532445,30.693184448654044,SitRep N74/MVB,2026-07-27,Verified from uploaded SitRep N74 Table 2 health-zone rows; rows without dashboard geometry are retained in totals but hidden on the case map.
2026-07-27,2026-07,Ituri,Aru,v8PqffapuVl,5,5.0,2.859042986322321,30.833681049566664,SitRep N74/MVB,2026-07-27,Verified from uploaded SitRep N74 Table 2 health-zone rows; rows without dashboard geometry are retained in totals but hidden on the case map.
2026-07-27,2026-07,Ituri,Aungba,DFcltLEKLxj,5,4.0,2.5670708830760702,30.592536320311343,SitRep N74/MVB,2026-07-27,Verified from uploaded SitRep N74 Table 2 health-zone rows; rows without dashboard geometry are retained in totals but hidden on the case map.
2026-07-27,2026-07,Ituri,Bambu,Uc3GqWS8C0w,57,12.0,1.8633970955000336,30.20627592724413,SitRep N74/MVB,2026-07-27,Verified from uploaded SitRep N74 Table 2 health-zone rows; rows without dashboard geometry are retained in totals but hidden on the case map.
2026-07-27,2026-07,Ituri,Boga,rLadlFjzCh7,1,1.0,0.9822493237397868,30.003461492917516,SitRep N74/MVB,2026-07-27,Verified from uploaded SitRep N74 Table 2 health-zone rows; rows without dashboard geometry are retained in totals but hidden on the case map.
2026-07-27,2026-07,Ituri,Bunia,GPi6i83o7l6,801,232.0,1.607713140500067,30.282078091482003,SitRep N74/MVB,2026-07-27,Verified from uploaded SitRep N74 Table 2 health-zone rows; rows without dashboard geometry are retained in totals but hidden on the case map.
2026-07-27,2026-07,Ituri,Damas,ApdB8z3Wrxt,16,8.0,2.1976361605001387,30.229346408586437,SitRep N74/MVB,2026-07-27,Verified from uploaded SitRep N74 Table 2 health-zone rows; rows without dashboard geometry are retained in totals but hidden on the case map.
2026-07-27,2026-07,Ituri,Drodro,OIhgsXcZf6x,10,5.0,1.7484347510000475,30.586912835820826,SitRep N74/MVB,2026-07-27,Verified from uploaded SitRep N74 Table 2 health-zone rows; rows without dashboard geometry are retained in totals but hidden on the case map.
2026-07-27,2026-07,Ituri,Fataki,FDNwbfrJhkA,17,6.0,1.9004797405000888,30.565348794325672,SitRep N74/MVB,2026-07-27,Verified from uploaded SitRep N74 Table 2 health-zone rows; rows without dashboard geometry are retained in totals but hidden on the case map.
2026-07-27,2026-07,Ituri,Gety,X8zFJ7DJlRD,1,0.0,1.253148786140514,30.189368117956285,SitRep N74/MVB,2026-07-27,Verified from uploaded SitRep N74 Table 2 health-zone rows; rows without dashboard geometry are retained in totals but hidden on the case map.
2026-07-27,2026-07,Ituri,Kambala,SkEKQLSulmp,2,0.0,2.313255370000064,30.54737129473464,SitRep N74/MVB,2026-07-27,Verified from uploaded SitRep N74 Table 2 health-zone rows; rows without dashboard geometry are retained in totals but hidden on the case map.
2026-07-27,2026-07,Ituri,Kilo,sbyWSsdZ3tj,28,11.0,1.7598275375000298,30.080701985660504,SitRep N74/MVB,2026-07-27,Verified from uploaded SitRep N74 Table 2 health-zone rows; rows without dashboard geometry are retained in totals but hidden on the case map.
2026-07-27,2026-07,Ituri,Komanda,i2mtQy4nTmD,36,25.0,1.1261791000000585,29.62557262065517,SitRep N74/MVB,2026-07-27,Verified from uploaded SitRep N74 Table 2 health-zone rows; rows without dashboard geometry are retained in totals but hidden on the case map.
2026-07-27,2026-07,Ituri,Lita,xGWcGHazqtw,121,67.0,1.588332974500048,30.38710948970807,SitRep N74/MVB,2026-07-27,Verified from uploaded SitRep N74 Table 2 health-zone rows; rows without dashboard geometry are retained in totals but hidden on the case map.
2026-07-27,2026-07,Ituri,Logo,qqGoQGSp1Dw,9,3.0,2.155727226000039,30.877556277526388,SitRep N74/MVB,2026-07-27,Verified from uploaded SitRep N74 Table 2 health-zone rows; rows without dashboard geometry are retained in totals but hidden on the case map.
2026-07-27,2026-07,Ituri,Lolwa,xp3Y1OXHZLj,4,1.0,1.4666692450000482,29.46470993607435,SitRep N74/MVB,2026-07-27,Verified from uploaded SitRep N74 Table 2 health-zone rows; rows without dashboard geometry are retained in totals but hidden on the case map.
2026-07-27,2026-07,Ituri,Mahagi,seNn0NUsKYn,4,1.0,2.3021508495800296,30.865062342480392,SitRep N74/MVB,2026-07-27,Verified from uploaded SitRep N74 Table 2 health-zone rows; rows without dashboard geometry are retained in totals but hidden on the case map.
2026-07-27,2026-07,Ituri,Mambasa,RjHZChl5gJQ,9,4.0,1.4290391459577108,28.62314089055854,SitRep N74/MVB,2026-07-27,Verified from uploaded SitRep N74 Table 2 health-zone rows; rows without dashboard geometry are retained in totals but hidden on the case map.
2026-07-27,2026-07,Ituri,Mandima,YpXUkTbtAPA,16,12.0,0.9848691425853816,29.17200687013976,SitRep N74/MVB,2026-07-27,Verified from uploaded SitRep N74 Table 2 health-zone rows; rows without dashboard geometry are retained in totals but hidden on the case map.
2026-07-27,2026-07,Ituri,Mangala,,100,64.0,,,SitRep N74/MVB,2026-07-27,Verified from uploaded SitRep N74 Table 2 health-zone rows; rows without dashboard geometry are retained in totals but hidden on the case map.
2026-07-27,2026-07,Ituri,Mongbwalu,nv8tx681Gjd,528,252.0,2.120204140000084,29.46395014319073,SitRep N74/MVB,2026-07-27,Verified from uploaded SitRep N74 Table 2 health-zone rows; rows without dashboard geometry are retained in totals but hidden on the case map.
2026-07-27,2026-07,Ituri,Nia-Nia,,92,48.0,,,SitRep N74/MVB,2026-07-27,Verified from uploaded SitRep N74 Table 2 health-zone rows; rows without dashboard geometry are retained in totals but hidden on the case map.
2026-07-27,2026-07,Ituri,Nizi,TCE5waEW7Fi,360,172.0,1.7491092545000129,30.29386589242562,SitRep N74/MVB,2026-07-27,Verified from uploaded SitRep N74 Table 2 health-zone rows; rows without dashboard geometry are retained in totals but hidden on the case map.
2026-07-27,2026-07,Ituri,Nyankunde,mGTaa8TFifO,114,31.0,1.4866449679154434,29.933917392135683,SitRep N74/MVB,2026-07-27,Verified from uploaded SitRep N74 Table 2 health-zone rows; rows without dashboard geometry are retained in totals but hidden on the case map.
2026-07-27,2026-07,Ituri,Rimba,a2aJcbwnjoK,8,4.0,2.2214134000000456,30.706000954123333,SitRep N74/MVB,2026-07-27,Verified from uploaded SitRep N74 Table 2 health-zone rows; rows without dashboard geometry are retained in totals but hidden on the case map.
2026-07-27,2026-07,Ituri,Rwampara,vPxN2nZnBXK,585,244.0,1.5710652340000308,30.08327315923981,SitRep N74/MVB,2026-07-27,Verified from uploaded SitRep N74 Table 2 health-zone rows; rows without dashboard geometry are retained in totals but hidden on the case map.
2026-07-27,2026-07,Ituri,Tchomia,rhj4btTd3i0,41,24.0,1.5216207475000374,30.468986199294,SitRep N74/MVB,2026-07-27,Verified from uploaded SitRep N74 Table 2 health-zone rows; rows without dashboard geometry are retained in totals but hidden on the case map.
2026-07-27,2026-07,Nord-Kivu,Beni,msg2MyMGhKv,46,37.0,0.493171248666955,29.51358389763662,SitRep N74/MVB,2026-07-27,Verified from uploaded SitRep N74 Table 2 health-zone rows; rows without dashboard geometry are retained in totals but hidden on the case map.
2026-07-27,2026-07,Nord-Kivu,Butembo,foR0DRLqtdJ,75,61.0,0.1465342500003714,29.251277502423125,SitRep N74/MVB,2026-07-27,Verified from uploaded SitRep N74 Table 2 health-zone rows; rows without dashboard geometry are retained in totals but hidden on the case map.
2026-07-27,2026-07,Nord-Kivu,Goma,t8tjGKVhkl3,1,0.0,-1.6528676989999551,29.17826328304752,SitRep N74/MVB,2026-07-27,Verified from uploaded SitRep N74 Table 2 health-zone rows; rows without dashboard geometry are retained in totals but hidden on the case map.
2026-07-27,2026-07,Nord-Kivu,Kalunguta,XoJ3dLz68aj,5,3.0,0.3266166500000906,29.34622252068664,SitRep N74/MVB,2026-07-27,Verified from uploaded SitRep N74 Table 2 health-zone rows; rows without dashboard geometry are retained in totals but hidden on the case map.
2026-07-27,2026-07,Nord-Kivu,Katwa,woJBeEpIZdy,145,91.0,0.1198993135112445,29.32416416638681,SitRep N74/MVB,2026-07-27,Verified from uploaded SitRep N74 Table 2 health-zone rows; rows without dashboard geometry are retained in totals but hidden on the case map.
2026-07-27,2026-07,Nord-Kivu,Kyondo,amGiV9h9C2I,12,7.0,0.0132661619471709,29.50420270117476,SitRep N74/MVB,2026-07-27,Verified from uploaded SitRep N74 Table 2 health-zone rows; rows without dashboard geometry are retained in totals but hidden on the case map.
2026-07-27,2026-07,Nord-Kivu,Mabalako,svtAZQ9nVl0,1,0.0,0.5045215710000548,29.19392959948652,SitRep N74/MVB,2026-07-27,Verified from uploaded SitRep N74 Table 2 health-zone rows; rows without dashboard geometry are retained in totals but hidden on the case map.
2026-07-27,2026-07,Nord-Kivu,Masereka,kQCMPbHKQ93,4,0.0,-0.1092755664999742,29.327512197678764,SitRep N74/MVB,2026-07-27,Verified from uploaded SitRep N74 Table 2 health-zone rows; rows without dashboard geometry are retained in totals but hidden on the case map.
2026-07-27,2026-07,Nord-Kivu,Musienene,VooLsNf0dDB,31,20.0,0.0725136590002364,28.353275181121678,SitRep N74/MVB,2026-07-27,Verified from uploaded SitRep N74 Table 2 health-zone rows; rows without dashboard geometry are retained in totals but hidden on the case map.
2026-07-27,2026-07,Nord-Kivu,Oicha,zOOAshOz4Cz,4,3.0,0.7639879778753311,29.54704482375912,SitRep N74/MVB,2026-07-27,Verified from uploaded SitRep N74 Table 2 health-zone rows; rows without dashboard geometry are retained in totals but hidden on the case map.
2026-07-27,2026-07,Nord-Kivu,Vuhovi,,1,1.0,,,SitRep N74/MVB,2026-07-27,Verified from uploaded SitRep N74 Table 2 health-zone rows; rows without dashboard geometry are retained in totals but hidden on the case map.
2026-07-27,2026-07,Sud-Kivu,Miti-Murhesa,,3,1.0,,,SitRep N74/MVB,2026-07-27,Verified from uploaded SitRep N74 Table 2 health-zone rows; rows without dashboard geometry are retained in totals but hidden on the case map.
2026-07-27,2026-07,Tshopo,Lubunga,I9d1F9TGn33,1,0.0,0.4130002195000486,25.10564709446672,SitRep N74/MVB,2026-07-27,Verified from uploaded SitRep N74 Table 2 health-zone rows; rows without dashboard geometry are retained in totals but hidden on the case map.
2026-07-27,2026-07,Tshopo,Makiso-Kisangani,,3,3.0,,,SitRep N74/MVB,2026-07-27,Verified from uploaded SitRep N74 Table 2 health-zone rows; rows without dashboard geometry are retained in totals but hidden on the case map.
2026-07-27,2026-07,Tshopo,Mangobo,wOWB7WbNuSN,1,1.0,0.5399329588970425,25.15236555521503,SitRep N74/MVB,2026-07-27,Verified from uploaded SitRep N74 Table 2 health-zone rows; rows without dashboard geometry are retained in totals but hidden on the case map.
2026-07-30,2026-07,Haut-Uele,Boma Mangbetu,djWn21U4AVy,12,4,-5.814469227499956,13.051532065003762,SitRep N77/MVB,2026-07-30,Automatically extracted from INSP SitRep PDF; validated against total cumulative cases. Rows without dashboard geometry are retained in totals but hidden on the case map. Parsed from vertically rendered table. Legacy split-name repair: Boma -> Boma Mangbetu.
2026-07-30,2026-07,Haut-Uele,Isiro,lW6NlTXqGcv,16,9,2.398158594500046,27.318090299264888,SitRep N77/MVB,2026-07-30,Automatically extracted from INSP SitRep PDF; validated against total cumulative cases. Rows without dashboard geometry are retained in totals but hidden on the case map. Parsed from vertically rendered table.
2026-07-30,2026-07,Haut-Uele,Pawa,ZxQY9szHMx5,9,7,2.336214680000097,27.537045107299598,SitRep N77/MVB,2026-07-30,Automatically extracted from INSP SitRep PDF; validated against total cumulative cases. Rows without dashboard geometry are retained in totals but hidden on the case map. Parsed from vertically rendered table.
2026-07-30,2026-07,Haut-Uele,Rungu,EGoMVOvVUAp,1,0,2.8721408758778737,28.04597429304644,SitRep N77/MVB,2026-07-30,Automatically extracted from INSP SitRep PDF; validated against total cumulative cases. Rows without dashboard geometry are retained in totals but hidden on the case map. Parsed from vertically rendered table.
2026-07-30,2026-07,Haut-Uele,Wamba,ET5R8zSN3gm,15,8,2.104064561500138,28.0995466507865,SitRep N77/MVB,2026-07-30,Automatically extracted from INSP SitRep PDF; validated against total cumulative cases. Rows without dashboard geometry are retained in totals but hidden on the case map. Parsed from vertically rendered table.
2026-07-30,2026-07,Ituri,Adja,CLboGR4F3lj,11,1,3.075097472000124,30.475237413395348,SitRep N77/MVB,2026-07-30,Automatically extracted from INSP SitRep PDF; validated against total cumulative cases. Rows without dashboard geometry are retained in totals but hidden on the case map. Parsed from vertically rendered table.
2026-07-30,2026-07,Ituri,Ariwara,fM8IqjhdeyL,7,2,3.1940884310532445,30.693184448654044,SitRep N77/MVB,2026-07-30,Automatically extracted from INSP SitRep PDF; validated against total cumulative cases. Rows without dashboard geometry are retained in totals but hidden on the case map. Parsed from vertically rendered table.
2026-07-30,2026-07,Ituri,Aru,v8PqffapuVl,5,5,2.859042986322321,30.833681049566664,SitRep N77/MVB,2026-07-30,Automatically extracted from INSP SitRep PDF; validated against total cumulative cases. Rows without dashboard geometry are retained in totals but hidden on the case map. Parsed from vertically rendered table.
2026-07-30,2026-07,Ituri,Aungba,DFcltLEKLxj,9,5,2.5670708830760702,30.592536320311343,SitRep N77/MVB,2026-07-30,Automatically extracted from INSP SitRep PDF; validated against total cumulative cases. Rows without dashboard geometry are retained in totals but hidden on the case map. Parsed from vertically rendered table.
2026-07-30,2026-07,Ituri,Bambu,Uc3GqWS8C0w,60,12,1.8633970955000336,30.20627592724413,SitRep N77/MVB,2026-07-30,Automatically extracted from INSP SitRep PDF; validated against total cumulative cases. Rows without dashboard geometry are retained in totals but hidden on the case map. Parsed from vertically rendered table.
2026-07-30,2026-07,Ituri,Boga,rLadlFjzCh7,1,1,0.9822493237397867,30.003461492917513,SitRep N77/MVB,2026-07-30,Automatically extracted from INSP SitRep PDF; validated against total cumulative cases. Rows without dashboard geometry are retained in totals but hidden on the case map. Parsed from vertically rendered table.
2026-07-30,2026-07,Ituri,Bunia,GPi6i83o7l6,880,257,1.607713140500067,30.282078091482003,SitRep N77/MVB,2026-07-30,Automatically extracted from INSP SitRep PDF; validated against total cumulative cases. Rows without dashboard geometry are retained in totals but hidden on the case map. Parsed from vertically rendered table.
2026-07-30,2026-07,Ituri,Damas,ApdB8z3Wrxt,17,8,2.1976361605001387,30.229346408586434,SitRep N77/MVB,2026-07-30,Automatically extracted from INSP SitRep PDF; validated against total cumulative cases. Rows without dashboard geometry are retained in totals but hidden on the case map. Parsed from vertically rendered table.
2026-07-30,2026-07,Ituri,Drodro,OIhgsXcZf6x,10,6,1.7484347510000475,30.586912835820826,SitRep N77/MVB,2026-07-30,Automatically extracted from INSP SitRep PDF; validated against total cumulative cases. Rows without dashboard geometry are retained in totals but hidden on the case map. Parsed from vertically rendered table.
2026-07-30,2026-07,Ituri,Fataki,FDNwbfrJhkA,27,12,1.9004797405000886,30.565348794325672,SitRep N77/MVB,2026-07-30,Automatically extracted from INSP SitRep PDF; validated against total cumulative cases. Rows without dashboard geometry are retained in totals but hidden on the case map. Parsed from vertically rendered table.
2026-07-30,2026-07,Ituri,Gety,X8zFJ7DJlRD,1,0,1.253148786140514,30.189368117956285,SitRep N77/MVB,2026-07-30,Automatically extracted from INSP SitRep PDF; validated against total cumulative cases. Rows without dashboard geometry are retained in totals but hidden on the case map. Parsed from vertically rendered table.
2026-07-30,2026-07,Ituri,Kambala,SkEKQLSulmp,2,0,2.313255370000064,30.547371294734642,SitRep N77/MVB,2026-07-30,Automatically extracted from INSP SitRep PDF; validated against total cumulative cases. Rows without dashboard geometry are retained in totals but hidden on the case map. Parsed from vertically rendered table.
2026-07-30,2026-07,Ituri,Kilo,sbyWSsdZ3tj,29,11,1.7598275375000298,30.080701985660504,SitRep N77/MVB,2026-07-30,Automatically extracted from INSP SitRep PDF; validated against total cumulative cases. Rows without dashboard geometry are retained in totals but hidden on the case map. Parsed from vertically rendered table.
2026-07-30,2026-07,Ituri,Komanda,i2mtQy4nTmD,36,25,1.1261791000000585,29.62557262065517,SitRep N77/MVB,2026-07-30,Automatically extracted from INSP SitRep PDF; validated against total cumulative cases. Rows without dashboard geometry are retained in totals but hidden on the case map. Parsed from vertically rendered table.
2026-07-30,2026-07,Ituri,Lita,xGWcGHazqtw,131,75,1.588332974500048,30.38710948970807,SitRep N77/MVB,2026-07-30,Automatically extracted from INSP SitRep PDF; validated against total cumulative cases. Rows without dashboard geometry are retained in totals but hidden on the case map. Parsed from vertically rendered table.
2026-07-30,2026-07,Ituri,Logo,qqGoQGSp1Dw,9,3,2.155727226000039,30.877556277526388,SitRep N77/MVB,2026-07-30,Automatically extracted from INSP SitRep PDF; validated against total cumulative cases. Rows without dashboard geometry are retained in totals but hidden on the case map. Parsed from vertically rendered table.
2026-07-30,2026-07,Ituri,Lolwa,xp3Y1OXHZLj,7,2,1.4666692450000482,29.46470993607435,SitRep N77/MVB,2026-07-30,Automatically extracted from INSP SitRep PDF; validated against total cumulative cases. Rows without dashboard geometry are retained in totals but hidden on the case map. Parsed from vertically rendered table.
2026-07-30,2026-07,Ituri,Mahagi,seNn0NUsKYn,4,1,2.3021508495800296,30.865062342480392,SitRep N77/MVB,2026-07-30,Automatically extracted from INSP SitRep PDF; validated against total cumulative cases. Rows without dashboard geometry are retained in totals but hidden on the case map. Parsed from vertically rendered table.
2026-07-30,2026-07,Ituri,Mambasa,RjHZChl5gJQ,9,6,1.4290391459577108,28.62314089055854,SitRep N77/MVB,2026-07-30,Automatically extracted from INSP SitRep PDF; validated against total cumulative cases. Rows without dashboard geometry are retained in totals but hidden on the case map. Parsed from vertically rendered table.
2026-07-30,2026-07,Ituri,Mandima,YpXUkTbtAPA,16,12,0.9848691425853815,29.17200687013976,SitRep N77/MVB,2026-07-30,Automatically extracted from INSP SitRep PDF; validated against total cumulative cases. Rows without dashboard geometry are retained in totals but hidden on the case map. Parsed from vertically rendered table.
2026-07-30,2026-07,Ituri,Mongbwalu,nv8tx681Gjd,541,258,2.1202041400000837,29.46395014319073,SitRep N77/MVB,2026-07-30,Automatically extracted from INSP SitRep PDF; validated against total cumulative cases. Rows without dashboard geometry are retained in totals but hidden on the case map. Parsed from vertically rendered table.
2026-07-30,2026-07,Ituri,Nizi,TCE5waEW7Fi,377,179,1.7491092545000129,30.29386589242562,SitRep N77/MVB,2026-07-30,Automatically extracted from INSP SitRep PDF; validated against total cumulative cases. Rows without dashboard geometry are retained in totals but hidden on the case map. Parsed from vertically rendered table.
2026-07-30,2026-07,Ituri,Nyankunde,mGTaa8TFifO,114,31,1.4866449679154434,29.933917392135683,SitRep N77/MVB,2026-07-30,Automatically extracted from INSP SitRep PDF; validated against total cumulative cases. Rows without dashboard geometry are retained in totals but hidden on the case map. Parsed from vertically rendered table.
2026-07-30,2026-07,Ituri,Rimba,a2aJcbwnjoK,9,4,2.2214134000000456,30.706000954123333,SitRep N77/MVB,2026-07-30,Automatically extracted from INSP SitRep PDF; validated against total cumulative cases. Rows without dashboard geometry are retained in totals but hidden on the case map. Parsed from vertically rendered table.
2026-07-30,2026-07,Ituri,Rwampara,vPxN2nZnBXK,627,257,1.5710652340000308,30.08327315923981,SitRep N77/MVB,2026-07-30,Automatically extracted from INSP SitRep PDF; validated against total cumulative cases. Rows without dashboard geometry are retained in totals but hidden on the case map. Parsed from vertically rendered table.
2026-07-30,2026-07,Ituri,Tchomia,rhj4btTd3i0,41,24,1.5216207475000374,30.468986199294,SitRep N77/MVB,2026-07-30,Automatically extracted from INSP SitRep PDF; validated against total cumulative cases. Rows without dashboard geometry are retained in totals but hidden on the case map. Parsed from vertically rendered table.
2026-07-30,2026-07,Nord-Kivu,Beni,msg2MyMGhKv,50,41,0.49317124866695505,29.51358389763662,SitRep N77/MVB,2026-07-30,Automatically extracted from INSP SitRep PDF; validated against total cumulative cases. Rows without dashboard geometry are retained in totals but hidden on the case map. Parsed from vertically rendered table.
2026-07-30,2026-07,Nord-Kivu,Butembo,foR0DRLqtdJ,82,64,0.14653425000037146,29.251277502423125,SitRep N77/MVB,2026-07-30,Automatically extracted from INSP SitRep PDF; validated against total cumulative cases. Rows without dashboard geometry are retained in totals but hidden on the case map. Parsed from vertically rendered table.
2026-07-30,2026-07,Nord-Kivu,Goma,t8tjGKVhkl3,1,0,-1.6528676989999553,29.17826328304752,SitRep N77/MVB,2026-07-30,Automatically extracted from INSP SitRep PDF; validated against total cumulative cases. Rows without dashboard geometry are retained in totals but hidden on the case map. Parsed from vertically rendered table.
2026-07-30,2026-07,Nord-Kivu,Kalunguta,XoJ3dLz68aj,5,3,0.32661665000009066,29.346222520686638,SitRep N77/MVB,2026-07-30,Automatically extracted from INSP SitRep PDF; validated against total cumulative cases. Rows without dashboard geometry are retained in totals but hidden on the case map. Parsed from vertically rendered table.
2026-07-30,2026-07,Nord-Kivu,Katwa,woJBeEpIZdy,166,100,0.1198993135112445,29.32416416638681,SitRep N77/MVB,2026-07-30,Automatically extracted from INSP SitRep PDF; validated against total cumulative cases. Rows without dashboard geometry are retained in totals but hidden on the case map. Parsed from vertically rendered table.
2026-07-30,2026-07,Nord-Kivu,Kyondo,amGiV9h9C2I,13,8,0.01326616194717092,29.504202701174762,SitRep N77/MVB,2026-07-30,Automatically extracted from INSP SitRep PDF; validated against total cumulative cases. Rows without dashboard geometry are retained in totals but hidden on the case map. Parsed from vertically rendered table.
2026-07-30,2026-07,Nord-Kivu,Mabalako,svtAZQ9nVl0,1,0,0.5045215710000548,29.193929599486516,SitRep N77/MVB,2026-07-30,Automatically extracted from INSP SitRep PDF; validated against total cumulative cases. Rows without dashboard geometry are retained in totals but hidden on the case map. Parsed from vertically rendered table.
2026-07-30,2026-07,Nord-Kivu,Masereka,kQCMPbHKQ93,4,0,-0.10927556649997427,29.327512197678764,SitRep N77/MVB,2026-07-30,Automatically extracted from INSP SitRep PDF; validated against total cumulative cases. Rows without dashboard geometry are retained in totals but hidden on the case map. Parsed from vertically rendered table.
2026-07-30,2026-07,Nord-Kivu,Musienene,VooLsNf0dDB,39,22,0.07251365900023643,28.353275181121674,SitRep N77/MVB,2026-07-30,Automatically extracted from INSP SitRep PDF; validated against total cumulative cases. Rows without dashboard geometry are retained in totals but hidden on the case map. Parsed from vertically rendered table.
2026-07-30,2026-07,Nord-Kivu,Oicha,zOOAshOz4Cz,4,3,0.7639879778753311,29.547044823759116,SitRep N77/MVB,2026-07-30,Automatically extracted from INSP SitRep PDF; validated against total cumulative cases. Rows without dashboard geometry are retained in totals but hidden on the case map. Parsed from vertically rendered table.
2026-07-30,2026-07,Nord-Kivu,Vuhovi,,1,1,,,SitRep N77/MVB,2026-07-30,Automatically extracted from INSP SitRep PDF; validated against total cumulative cases. Rows without dashboard geometry are retained in totals but hidden on the case map. Parsed from vertically rendered table.
2026-07-30,2026-07,Tshopo,Kabondo,Al5GBxzCgMe,1,1,0.611433901500078,25.36859620730113,SitRep N77/MVB,2026-07-30,Automatically extracted from INSP SitRep PDF; validated against total cumulative cases. Rows without dashboard geometry are retained in totals but hidden on the case map. Parsed from vertically rendered table.
2026-07-30,2026-07,Tshopo,Lubunga,I9d1F9TGn33,1,0,0.4130002195000486,25.10564709446672,SitRep N77/MVB,2026-07-30,Automatically extracted from INSP SitRep PDF; validated against total cumulative cases. Rows without dashboard geometry are retained in totals but hidden on the case map. Parsed from vertically rendered table.
2026-07-30,2026-07,Tshopo,Mangobo,wOWB7WbNuSN,1,1,0.5399329588970425,25.15236555521503,SitRep N77/MVB,2026-07-30,Automatically extracted from INSP SitRep PDF; validated against total cumulative cases. Rows without dashboard geometry are retained in totals but hidden on the case map. Parsed from vertically rendered table.
2026-07-30,2026-07,Tshopo,Tshopo,IMkgSD6FVjc,7,5,0.8225417305001201,25.51250589004271,SitRep N77/MVB,2026-07-30,Automatically extracted from INSP SitRep PDF; validated against total cumulative cases. Rows without dashboard geometry are retained in totals but hidden on the case map. Parsed from vertically rendered table.
2026-07-30,2026-07,,Mangala,,101,64,,,SitRep N77/MVB,2026-07-30,Automatically extracted from INSP SitRep PDF; validated against total cumulative cases. Rows without dashboard geometry are retained in totals but hidden on the case map. Parsed from vertically rendered table.
2026-07-30,2026-07,,Miti-Murhesa,,3,1,,,SitRep N77/MVB,2026-07-30,Automatically extracted from INSP SitRep PDF; validated against total cumulative cases. Rows without dashboard geometry are retained in totals but hidden on the case map. Parsed from vertically rendered table.
2026-07-31,2026-07,Haut-Uele,Boma Mangbetu,djWn21U4AVy,12,4,-5.814469227499956,13.051532065003762,SitRep N78/MVB,2026-07-31,Automatically extracted from INSP SitRep PDF; validated against total cumulative cases. Rows without dashboard geometry are retained in totals but hidden on the case map. Parsed from vertically rendered table. Legacy split-name repair: Boma -> Boma Mangbetu.
2026-07-31,2026-07,Haut-Uele,Isiro,lW6NlTXqGcv,19,9,2.398158594500046,27.318090299264888,SitRep N78/MVB,2026-07-31,Automatically extracted from INSP SitRep PDF; validated against total cumulative cases. Rows without dashboard geometry are retained in totals but hidden on the case map. Parsed from vertically rendered table.
2026-07-31,2026-07,Haut-Uele,Pawa,ZxQY9szHMx5,10,7,2.336214680000097,27.537045107299598,SitRep N78/MVB,2026-07-31,Automatically extracted from INSP SitRep PDF; validated against total cumulative cases. Rows without dashboard geometry are retained in totals but hidden on the case map. Parsed from vertically rendered table.
2026-07-31,2026-07,Haut-Uele,Rungu,EGoMVOvVUAp,1,0,2.8721408758778737,28.04597429304644,SitRep N78/MVB,2026-07-31,Automatically extracted from INSP SitRep PDF; validated against total cumulative cases. Rows without dashboard geometry are retained in totals but hidden on the case map. Parsed from vertically rendered table.
2026-07-31,2026-07,Haut-Uele,Wamba,ET5R8zSN3gm,15,8,2.104064561500138,28.0995466507865,SitRep N78/MVB,2026-07-31,Automatically extracted from INSP SitRep PDF; validated against total cumulative cases. Rows without dashboard geometry are retained in totals but hidden on the case map. Parsed from vertically rendered table.
2026-07-31,2026-07,Ituri,Adja,CLboGR4F3lj,11,1,3.075097472000124,30.475237413395348,SitRep N78/MVB,2026-07-31,Automatically extracted from INSP SitRep PDF; validated against total cumulative cases. Rows without dashboard geometry are retained in totals but hidden on the case map. Parsed from vertically rendered table.
2026-07-31,2026-07,Ituri,Ariwara,fM8IqjhdeyL,7,2,3.1940884310532445,30.693184448654044,SitRep N78/MVB,2026-07-31,Automatically extracted from INSP SitRep PDF; validated against total cumulative cases. Rows without dashboard geometry are retained in totals but hidden on the case map. Parsed from vertically rendered table.
2026-07-31,2026-07,Ituri,Aru,v8PqffapuVl,5,5,2.859042986322321,30.833681049566664,SitRep N78/MVB,2026-07-31,Automatically extracted from INSP SitRep PDF; validated against total cumulative cases. Rows without dashboard geometry are retained in totals but hidden on the case map. Parsed from vertically rendered table.
2026-07-31,2026-07,Ituri,Aungba,DFcltLEKLxj,9,5,2.5670708830760702,30.592536320311343,SitRep N78/MVB,2026-07-31,Automatically extracted from INSP SitRep PDF; validated against total cumulative cases. Rows without dashboard geometry are retained in totals but hidden on the case map. Parsed from vertically rendered table.
2026-07-31,2026-07,Ituri,Bambu,Uc3GqWS8C0w,60,12,1.8633970955000336,30.20627592724413,SitRep N78/MVB,2026-07-31,Automatically extracted from INSP SitRep PDF; validated against total cumulative cases. Rows without dashboard geometry are retained in totals but hidden on the case map. Parsed from vertically rendered table.
2026-07-31,2026-07,Ituri,Boga,rLadlFjzCh7,1,1,0.9822493237397867,30.003461492917513,SitRep N78/MVB,2026-07-31,Automatically extracted from INSP SitRep PDF; validated against total cumulative cases. Rows without dashboard geometry are retained in totals but hidden on the case map. Parsed from vertically rendered table.
2026-07-31,2026-07,Ituri,Bunia,GPi6i83o7l6,896,259,1.607713140500067,30.282078091482003,SitRep N78/MVB,2026-07-31,Automatically extracted from INSP SitRep PDF; validated against total cumulative cases. Rows without dashboard geometry are retained in totals but hidden on the case map. Parsed from vertically rendered table.
2026-07-31,2026-07,Ituri,Damas,ApdB8z3Wrxt,17,8,2.1976361605001387,30.229346408586434,SitRep N78/MVB,2026-07-31,Automatically extracted from INSP SitRep PDF; validated against total cumulative cases. Rows without dashboard geometry are retained in totals but hidden on the case map. Parsed from vertically rendered table.
2026-07-31,2026-07,Ituri,Drodro,OIhgsXcZf6x,10,6,1.7484347510000475,30.586912835820826,SitRep N78/MVB,2026-07-31,Automatically extracted from INSP SitRep PDF; validated against total cumulative cases. Rows without dashboard geometry are retained in totals but hidden on the case map. Parsed from vertically rendered table.
2026-07-31,2026-07,Ituri,Fataki,FDNwbfrJhkA,35,17,1.9004797405000886,30.565348794325672,SitRep N78/MVB,2026-07-31,Automatically extracted from INSP SitRep PDF; validated against total cumulative cases. Rows without dashboard geometry are retained in totals but hidden on the case map. Parsed from vertically rendered table.
2026-07-31,2026-07,Ituri,Gety,X8zFJ7DJlRD,1,0,1.253148786140514,30.189368117956285,SitRep N78/MVB,2026-07-31,Automatically extracted from INSP SitRep PDF; validated against total cumulative cases. Rows without dashboard geometry are retained in totals but hidden on the case map. Parsed from vertically rendered table.
2026-07-31,2026-07,Ituri,Kambala,SkEKQLSulmp,2,0,2.313255370000064,30.547371294734642,SitRep N78/MVB,2026-07-31,Automatically extracted from INSP SitRep PDF; validated against total cumulative cases. Rows without dashboard geometry are retained in totals but hidden on the case map. Parsed from vertically rendered table.
2026-07-31,2026-07,Ituri,Kilo,sbyWSsdZ3tj,29,11,1.7598275375000298,30.080701985660504,SitRep N78/MVB,2026-07-31,Automatically extracted from INSP SitRep PDF; validated against total cumulative cases. Rows without dashboard geometry are retained in totals but hidden on the case map. Parsed from vertically rendered table.
2026-07-31,2026-07,Ituri,Komanda,i2mtQy4nTmD,36,25,1.1261791000000585,29.62557262065517,SitRep N78/MVB,2026-07-31,Automatically extracted from INSP SitRep PDF; validated against total cumulative cases. Rows without dashboard geometry are retained in totals but hidden on the case map. Parsed from vertically rendered table.
2026-07-31,2026-07,Ituri,Lita,xGWcGHazqtw,132,79,1.588332974500048,30.38710948970807,SitRep N78/MVB,2026-07-31,Automatically extracted from INSP SitRep PDF; validated against total cumulative cases. Rows without dashboard geometry are retained in totals but hidden on the case map. Parsed from vertically rendered table.
2026-07-31,2026-07,Ituri,Logo,qqGoQGSp1Dw,9,3,2.155727226000039,30.877556277526388,SitRep N78/MVB,2026-07-31,Automatically extracted from INSP SitRep PDF; validated against total cumulative cases. Rows without dashboard geometry are retained in totals but hidden on the case map. Parsed from vertically rendered table.
2026-07-31,2026-07,Ituri,Lolwa,xp3Y1OXHZLj,7,2,1.4666692450000482,29.46470993607435,SitRep N78/MVB,2026-07-31,Automatically extracted from INSP SitRep PDF; validated against total cumulative cases. Rows without dashboard geometry are retained in totals but hidden on the case map. Parsed from vertically rendered table.
2026-07-31,2026-07,Ituri,Mahagi,seNn0NUsKYn,4,1,2.3021508495800296,30.865062342480392,SitRep N78/MVB,2026-07-31,Automatically extracted from INSP SitRep PDF; validated against total cumulative cases. Rows without dashboard geometry are retained in totals but hidden on the case map. Parsed from vertically rendered table.
2026-07-31,2026-07,Ituri,Mambasa,RjHZChl5gJQ,9,6,1.4290391459577108,28.62314089055854,SitRep N78/MVB,2026-07-31,Automatically extracted from INSP SitRep PDF; validated against total cumulative cases. Rows without dashboard geometry are retained in totals but hidden on the case map. Parsed from vertically rendered table.
2026-07-31,2026-07,Ituri,Mandima,YpXUkTbtAPA,16,12,0.9848691425853815,29.17200687013976,SitRep N78/MVB,2026-07-31,Automatically extracted from INSP SitRep PDF; validated against total cumulative cases. Rows without dashboard geometry are retained in totals but hidden on the case map. Parsed from vertically rendered table.
2026-07-31,2026-07,Ituri,Mongbwalu,nv8tx681Gjd,545,259,2.1202041400000837,29.46395014319073,SitRep N78/MVB,2026-07-31,Automatically extracted from INSP SitRep PDF; validated against total cumulative cases. Rows without dashboard geometry are retained in totals but hidden on the case map. Parsed from vertically rendered table.
2026-07-31,2026-07,Ituri,Nizi,TCE5waEW7Fi,387,187,1.7491092545000129,30.29386589242562,SitRep N78/MVB,2026-07-31,Automatically extracted from INSP SitRep PDF; validated against total cumulative cases. Rows without dashboard geometry are retained in totals but hidden on the case map. Parsed from vertically rendered table.
2026-07-31,2026-07,Ituri,Nyankunde,mGTaa8TFifO,115,32,1.4866449679154434,29.933917392135683,SitRep N78/MVB,2026-07-31,Automatically extracted from INSP SitRep PDF; validated against total cumulative cases. Rows without dashboard geometry are retained in totals but hidden on the case map. Parsed from vertically rendered table.
2026-07-31,2026-07,Ituri,Rimba,a2aJcbwnjoK,9,4,2.2214134000000456,30.706000954123333,SitRep N78/MVB,2026-07-31,Automatically extracted from INSP SitRep PDF; validated against total cumulative cases. Rows without dashboard geometry are retained in totals but hidden on the case map. Parsed from vertically rendered table.
2026-07-31,2026-07,Ituri,Rwampara,vPxN2nZnBXK,633,258,1.5710652340000308,30.08327315923981,SitRep N78/MVB,2026-07-31,Automatically extracted from INSP SitRep PDF; validated against total cumulative cases. Rows without dashboard geometry are retained in totals but hidden on the case map. Parsed from vertically rendered table.
2026-07-31,2026-07,Ituri,Tchomia,rhj4btTd3i0,41,24,1.5216207475000374,30.468986199294,SitRep N78/MVB,2026-07-31,Automatically extracted from INSP SitRep PDF; validated against total cumulative cases. Rows without dashboard geometry are retained in totals but hidden on the case map. Parsed from vertically rendered table.
2026-07-31,2026-07,Nord-Kivu,Beni,msg2MyMGhKv,57,46,0.49317124866695505,29.51358389763662,SitRep N78/MVB,2026-07-31,Automatically extracted from INSP SitRep PDF; validated against total cumulative cases. Rows without dashboard geometry are retained in totals but hidden on the case map. Parsed from vertically rendered table.
2026-07-31,2026-07,Nord-Kivu,Butembo,foR0DRLqtdJ,83,65,0.14653425000037146,29.251277502423125,SitRep N78/MVB,2026-07-31,Automatically extracted from INSP SitRep PDF; validated against total cumulative cases. Rows without dashboard geometry are retained in totals but hidden on the case map. Parsed from vertically rendered table.
2026-07-31,2026-07,Nord-Kivu,Goma,t8tjGKVhkl3,1,0,-1.6528676989999553,29.17826328304752,SitRep N78/MVB,2026-07-31,Automatically extracted from INSP SitRep PDF; validated against total cumulative cases. Rows without dashboard geometry are retained in totals but hidden on the case map. Parsed from vertically rendered table.
2026-07-31,2026-07,Nord-Kivu,Kalunguta,XoJ3dLz68aj,6,3,0.32661665000009066,29.346222520686638,SitRep N78/MVB,2026-07-31,Automatically extracted from INSP SitRep PDF; validated against total cumulative cases. Rows without dashboard geometry are retained in totals but hidden on the case map. Parsed from vertically rendered table.
2026-07-31,2026-07,Nord-Kivu,Katwa,woJBeEpIZdy,168,102,0.1198993135112445,29.32416416638681,SitRep N78/MVB,2026-07-31,Automatically extracted from INSP SitRep PDF; validated against total cumulative cases. Rows without dashboard geometry are retained in totals but hidden on the case map. Parsed from vertically rendered table.
2026-07-31,2026-07,Nord-Kivu,Kyondo,amGiV9h9C2I,13,8,0.01326616194717092,29.504202701174762,SitRep N78/MVB,2026-07-31,Automatically extracted from INSP SitRep PDF; validated against total cumulative cases. Rows without dashboard geometry are retained in totals but hidden on the case map. Parsed from vertically rendered table.
2026-07-31,2026-07,Nord-Kivu,Mabalako,svtAZQ9nVl0,1,0,0.5045215710000548,29.193929599486516,SitRep N78/MVB,2026-07-31,Automatically extracted from INSP SitRep PDF; validated against total cumulative cases. Rows without dashboard geometry are retained in totals but hidden on the case map. Parsed from vertically rendered table.
2026-07-31,2026-07,Nord-Kivu,Masereka,kQCMPbHKQ93,4,0,-0.10927556649997427,29.327512197678764,SitRep N78/MVB,2026-07-31,Automatically extracted from INSP SitRep PDF; validated against total cumulative cases. Rows without dashboard geometry are retained in totals but hidden on the case map. Parsed from vertically rendered table.
2026-07-31,2026-07,Nord-Kivu,Musienene,VooLsNf0dDB,40,23,0.07251365900023643,28.353275181121674,SitRep N78/MVB,2026-07-31,Automatically extracted from INSP SitRep PDF; validated against total cumulative cases. Rows without dashboard geometry are retained in totals but hidden on the case map. Parsed from vertically rendered table.
2026-07-31,2026-07,Nord-Kivu,Oicha,zOOAshOz4Cz,4,3,0.7639879778753311,29.547044823759116,SitRep N78/MVB,2026-07-31,Automatically extracted from INSP SitRep PDF; validated against total cumulative cases. Rows without dashboard geometry are retained in totals but hidden on the case map. Parsed from vertically rendered table.
2026-07-31,2026-07,Nord-Kivu,Vuhovi,,1,1,,,SitRep N78/MVB,2026-07-31,Automatically extracted from INSP SitRep PDF; validated against total cumulative cases. Rows without dashboard geometry are retained in totals but hidden on the case map. Parsed from vertically rendered table.
2026-07-31,2026-07,Tshopo,Kabondo,Al5GBxzCgMe,1,1,0.611433901500078,25.36859620730113,SitRep N78/MVB,2026-07-31,Automatically extracted from INSP SitRep PDF; validated against total cumulative cases. Rows without dashboard geometry are retained in totals but hidden on the case map. Parsed from vertically rendered table.
2026-07-31,2026-07,Tshopo,Lubunga,I9d1F9TGn33,1,0,0.4130002195000486,25.10564709446672,SitRep N78/MVB,2026-07-31,Automatically extracted from INSP SitRep PDF; validated against total cumulative cases. Rows without dashboard geometry are retained in totals but hidden on the case map. Parsed from vertically rendered table.
2026-07-31,2026-07,Tshopo,Mangobo,wOWB7WbNuSN,1,1,0.5399329588970425,25.15236555521503,SitRep N78/MVB,2026-07-31,Automatically extracted from INSP SitRep PDF; validated against total cumulative cases. Rows without dashboard geometry are retained in totals but hidden on the case map. Parsed from vertically rendered table.
2026-07-31,2026-07,Tshopo,Tshopo,IMkgSD6FVjc,7,5,0.8225417305001201,25.51250589004271,SitRep N78/MVB,2026-07-31,Automatically extracted from INSP SitRep PDF; validated against total cumulative cases. Rows without dashboard geometry are retained in totals but hidden on the case map. Parsed from vertically rendered table.
2026-07-31,2026-07,,Mangala,,102,64,,,SitRep N78/MVB,2026-07-31,Automatically extracted from INSP SitRep PDF; validated against total cumulative cases. Rows without dashboard geometry are retained in totals but hidden on the case map. Parsed from vertically rendered table.
2026-07-31,2026-07,,Miti-Murhesa,,3,1,,,SitRep N78/MVB,2026-07-31,Automatically extracted from INSP SitRep PDF; validated against total cumulative cases. Rows without dashboard geometry are retained in totals but hidden on the case map. Parsed from vertically rendered table.
2026-08-01,2026-08,Haut-Uele,Boma Mangbetu,djWn21U4AVy,12,4,-5.814469227499956,13.051532065003762,SitRep N79/MVB,2026-08-01,Automatically extracted from INSP SitRep PDF; validated against total cumulative cases. Rows without dashboard geometry are retained in totals but hidden on the case map. Parsed from vertically rendered table. Legacy split-name repair: Boma -> Boma Mangbetu.
2026-08-01,2026-08,Haut-Uele,Isiro,lW6NlTXqGcv,19,9,2.398158594500046,27.318090299264888,SitRep N79/MVB,2026-08-01,Automatically extracted from INSP SitRep PDF; validated against total cumulative cases. Rows without dashboard geometry are retained in totals but hidden on the case map. Parsed from vertically rendered table.
2026-08-01,2026-08,Haut-Uele,Pawa,ZxQY9szHMx5,12,9,2.336214680000097,27.537045107299598,SitRep N79/MVB,2026-08-01,Automatically extracted from INSP SitRep PDF; validated against total cumulative cases. Rows without dashboard geometry are retained in totals but hidden on the case map. Parsed from vertically rendered table.
2026-08-01,2026-08,Haut-Uele,Rungu,EGoMVOvVUAp,1,0,2.8721408758778737,28.04597429304644,SitRep N79/MVB,2026-08-01,Automatically extracted from INSP SitRep PDF; validated against total cumulative cases. Rows without dashboard geometry are retained in totals but hidden on the case map. Parsed from vertically rendered table.
2026-08-01,2026-08,Haut-Uele,Wamba,ET5R8zSN3gm,16,8,2.104064561500138,28.0995466507865,SitRep N79/MVB,2026-08-01,Automatically extracted from INSP SitRep PDF; validated against total cumulative cases. Rows without dashboard geometry are retained in totals but hidden on the case map. Parsed from vertically rendered table.
2026-08-01,2026-08,Ituri,Adja,CLboGR4F3lj,11,1,3.075097472000124,30.475237413395348,SitRep N79/MVB,2026-08-01,Automatically extracted from INSP SitRep PDF; validated against total cumulative cases. Rows without dashboard geometry are retained in totals but hidden on the case map. Parsed from vertically rendered table.
2026-08-01,2026-08,Ituri,Ariwara,fM8IqjhdeyL,7,2,3.1940884310532445,30.693184448654044,SitRep N79/MVB,2026-08-01,Automatically extracted from INSP SitRep PDF; validated against total cumulative cases. Rows without dashboard geometry are retained in totals but hidden on the case map. Parsed from vertically rendered table.
2026-08-01,2026-08,Ituri,Aru,v8PqffapuVl,5,5,2.859042986322321,30.833681049566664,SitRep N79/MVB,2026-08-01,Automatically extracted from INSP SitRep PDF; validated against total cumulative cases. Rows without dashboard geometry are retained in totals but hidden on the case map. Parsed from vertically rendered table.
2026-08-01,2026-08,Ituri,Aungba,DFcltLEKLxj,9,5,2.5670708830760702,30.592536320311343,SitRep N79/MVB,2026-08-01,Automatically extracted from INSP SitRep PDF; validated against total cumulative cases. Rows without dashboard geometry are retained in totals but hidden on the case map. Parsed from vertically rendered table.
2026-08-01,2026-08,Ituri,Bambu,Uc3GqWS8C0w,60,13,1.8633970955000336,30.20627592724413,SitRep N79/MVB,2026-08-01,Automatically extracted from INSP SitRep PDF; validated against total cumulative cases. Rows without dashboard geometry are retained in totals but hidden on the case map. Parsed from vertically rendered table.
2026-08-01,2026-08,Ituri,Boga,rLadlFjzCh7,1,1,0.9822493237397867,30.003461492917513,SitRep N79/MVB,2026-08-01,Automatically extracted from INSP SitRep PDF; validated against total cumulative cases. Rows without dashboard geometry are retained in totals but hidden on the case map. Parsed from vertically rendered table.
2026-08-01,2026-08,Ituri,Bunia,GPi6i83o7l6,905,262,1.607713140500067,30.282078091482003,SitRep N79/MVB,2026-08-01,Automatically extracted from INSP SitRep PDF; validated against total cumulative cases. Rows without dashboard geometry are retained in totals but hidden on the case map. Parsed from vertically rendered table.
2026-08-01,2026-08,Ituri,Damas,ApdB8z3Wrxt,18,8,2.1976361605001387,30.229346408586434,SitRep N79/MVB,2026-08-01,Automatically extracted from INSP SitRep PDF; validated against total cumulative cases. Rows without dashboard geometry are retained in totals but hidden on the case map. Parsed from vertically rendered table.
2026-08-01,2026-08,Ituri,Drodro,OIhgsXcZf6x,11,6,1.7484347510000475,30.586912835820826,SitRep N79/MVB,2026-08-01,Automatically extracted from INSP SitRep PDF; validated against total cumulative cases. Rows without dashboard geometry are retained in totals but hidden on the case map. Parsed from vertically rendered table.
2026-08-01,2026-08,Ituri,Fataki,FDNwbfrJhkA,35,17,1.9004797405000886,30.565348794325672,SitRep N79/MVB,2026-08-01,Automatically extracted from INSP SitRep PDF; validated against total cumulative cases. Rows without dashboard geometry are retained in totals but hidden on the case map. Parsed from vertically rendered table.
2026-08-01,2026-08,Ituri,Gety,X8zFJ7DJlRD,1,0,1.253148786140514,30.189368117956285,SitRep N79/MVB,2026-08-01,Automatically extracted from INSP SitRep PDF; validated against total cumulative cases. Rows without dashboard geometry are retained in totals but hidden on the case map. Parsed from vertically rendered table.
2026-08-01,2026-08,Ituri,Kambala,SkEKQLSulmp,2,0,2.313255370000064,30.547371294734642,SitRep N79/MVB,2026-08-01,Automatically extracted from INSP SitRep PDF; validated against total cumulative cases. Rows without dashboard geometry are retained in totals but hidden on the case map. Parsed from vertically rendered table.
2026-08-01,2026-08,Ituri,Kilo,sbyWSsdZ3tj,29,11,1.7598275375000298,30.080701985660504,SitRep N79/MVB,2026-08-01,Automatically extracted from INSP SitRep PDF; validated against total cumulative cases. Rows without dashboard geometry are retained in totals but hidden on the case map. Parsed from vertically rendered table.
2026-08-01,2026-08,Ituri,Komanda,i2mtQy4nTmD,37,27,1.1261791000000585,29.62557262065517,SitRep N79/MVB,2026-08-01,Automatically extracted from INSP SitRep PDF; validated against total cumulative cases. Rows without dashboard geometry are retained in totals but hidden on the case map. Parsed from vertically rendered table.
2026-08-01,2026-08,Ituri,Lita,xGWcGHazqtw,137,80,1.588332974500048,30.38710948970807,SitRep N79/MVB,2026-08-01,Automatically extracted from INSP SitRep PDF; validated against total cumulative cases. Rows without dashboard geometry are retained in totals but hidden on the case map. Parsed from vertically rendered table.
2026-08-01,2026-08,Ituri,Logo,qqGoQGSp1Dw,9,3,2.155727226000039,30.877556277526388,SitRep N79/MVB,2026-08-01,Automatically extracted from INSP SitRep PDF; validated against total cumulative cases. Rows without dashboard geometry are retained in totals but hidden on the case map. Parsed from vertically rendered table.
2026-08-01,2026-08,Ituri,Lolwa,xp3Y1OXHZLj,7,2,1.4666692450000482,29.46470993607435,SitRep N79/MVB,2026-08-01,Automatically extracted from INSP SitRep PDF; validated against total cumulative cases. Rows without dashboard geometry are retained in totals but hidden on the case map. Parsed from vertically rendered table.
2026-08-01,2026-08,Ituri,Mahagi,seNn0NUsKYn,4,1,2.3021508495800296,30.865062342480392,SitRep N79/MVB,2026-08-01,Automatically extracted from INSP SitRep PDF; validated against total cumulative cases. Rows without dashboard geometry are retained in totals but hidden on the case map. Parsed from vertically rendered table.
2026-08-01,2026-08,Ituri,Mambasa,RjHZChl5gJQ,10,6,1.4290391459577108,28.62314089055854,SitRep N79/MVB,2026-08-01,Automatically extracted from INSP SitRep PDF; validated against total cumulative cases. Rows without dashboard geometry are retained in totals but hidden on the case map. Parsed from vertically rendered table.
2026-08-01,2026-08,Ituri,Mandima,YpXUkTbtAPA,16,12,0.9848691425853815,29.17200687013976,SitRep N79/MVB,2026-08-01,Automatically extracted from INSP SitRep PDF; validated against total cumulative cases. Rows without dashboard geometry are retained in totals but hidden on the case map. Parsed from vertically rendered table.
2026-08-01,2026-08,Ituri,Mongbwalu,nv8tx681Gjd,550,261,2.1202041400000837,29.46395014319073,SitRep N79/MVB,2026-08-01,Automatically extracted from INSP SitRep PDF; validated against total cumulative cases. Rows without dashboard geometry are retained in totals but hidden on the case map. Parsed from vertically rendered table.
2026-08-01,2026-08,Ituri,Nizi,TCE5waEW7Fi,397,192,1.7491092545000129,30.29386589242562,SitRep N79/MVB,2026-08-01,Automatically extracted from INSP SitRep PDF; validated against total cumulative cases. Rows without dashboard geometry are retained in totals but hidden on the case map. Parsed from vertically rendered table.
2026-08-01,2026-08,Ituri,Nyankunde,mGTaa8TFifO,115,34,1.4866449679154434,29.933917392135683,SitRep N79/MVB,2026-08-01,Automatically extracted from INSP SitRep PDF; validated against total cumulative cases. Rows without dashboard geometry are retained in totals but hidden on the case map. Parsed from vertically rendered table.
2026-08-01,2026-08,Ituri,Rimba,a2aJcbwnjoK,9,4,2.2214134000000456,30.706000954123333,SitRep N79/MVB,2026-08-01,Automatically extracted from INSP SitRep PDF; validated against total cumulative cases. Rows without dashboard geometry are retained in totals but hidden on the case map. Parsed from vertically rendered table.
2026-08-01,2026-08,Ituri,Rwampara,vPxN2nZnBXK,644,260,1.5710652340000308,30.08327315923981,SitRep N79/MVB,2026-08-01,Automatically extracted from INSP SitRep PDF; validated against total cumulative cases. Rows without dashboard geometry are retained in totals but hidden on the case map. Parsed from vertically rendered table.
2026-08-01,2026-08,Ituri,Tchomia,rhj4btTd3i0,41,24,1.5216207475000374,30.468986199294,SitRep N79/MVB,2026-08-01,Automatically extracted from INSP SitRep PDF; validated against total cumulative cases. Rows without dashboard geometry are retained in totals but hidden on the case map. Parsed from vertically rendered table.
2026-08-01,2026-08,Nord-Kivu,Beni,msg2MyMGhKv,61,49,0.49317124866695505,29.51358389763662,SitRep N79/MVB,2026-08-01,Automatically extracted from INSP SitRep PDF; validated against total cumulative cases. Rows without dashboard geometry are retained in totals but hidden on the case map. Parsed from vertically rendered table.
2026-08-01,2026-08,Nord-Kivu,Butembo,foR0DRLqtdJ,88,67,0.14653425000037146,29.251277502423125,SitRep N79/MVB,2026-08-01,Automatically extracted from INSP SitRep PDF; validated against total cumulative cases. Rows without dashboard geometry are retained in totals but hidden on the case map. Parsed from vertically rendered table.
2026-08-01,2026-08,Nord-Kivu,Goma,t8tjGKVhkl3,1,0,-1.6528676989999553,29.17826328304752,SitRep N79/MVB,2026-08-01,Automatically extracted from INSP SitRep PDF; validated against total cumulative cases. Rows without dashboard geometry are retained in totals but hidden on the case map. Parsed from vertically rendered table.
2026-08-01,2026-08,Nord-Kivu,Kalunguta,XoJ3dLz68aj,6,3,0.32661665000009066,29.346222520686638,SitRep N79/MVB,2026-08-01,Automatically extracted from INSP SitRep PDF; validated against total cumulative cases. Rows without dashboard geometry are retained in totals but hidden on the case map. Parsed from vertically rendered table.
2026-08-01,2026-08,Nord-Kivu,Katwa,woJBeEpIZdy,180,108,0.1198993135112445,29.32416416638681,SitRep N79/MVB,2026-08-01,Automatically extracted from INSP SitRep PDF; validated against total cumulative cases. Rows without dashboard geometry are retained in totals but hidden on the case map. Parsed from vertically rendered table.
2026-08-01,2026-08,Nord-Kivu,Kyondo,amGiV9h9C2I,13,8,0.01326616194717092,29.504202701174762,SitRep N79/MVB,2026-08-01,Automatically extracted from INSP SitRep PDF; validated against total cumulative cases. Rows without dashboard geometry are retained in totals but hidden on the case map. Parsed from vertically rendered table.
2026-08-01,2026-08,Nord-Kivu,Mabalako,svtAZQ9nVl0,1,0,0.5045215710000548,29.193929599486516,SitRep N79/MVB,2026-08-01,Automatically extracted from INSP SitRep PDF; validated against total cumulative cases. Rows without dashboard geometry are retained in totals but hidden on the case map. Parsed from vertically rendered table.
2026-08-01,2026-08,Nord-Kivu,Masereka,kQCMPbHKQ93,4,0,-0.10927556649997427,29.327512197678764,SitRep N79/MVB,2026-08-01,Automatically extracted from INSP SitRep PDF; validated against total cumulative cases. Rows without dashboard geometry are retained in totals but hidden on the case map. Parsed from vertically rendered table.
2026-08-01,2026-08,Nord-Kivu,Musienene,VooLsNf0dDB,41,23,0.07251365900023643,28.353275181121674,SitRep N79/MVB,2026-08-01,Automatically extracted from INSP SitRep PDF; validated against total cumulative cases. Rows without dashboard geometry are retained in totals but hidden on the case map. Parsed from vertically rendered table.
2026-08-01,2026-08,Nord-Kivu,Oicha,zOOAshOz4Cz,4,3,0.7639879778753311,29.547044823759116,SitRep N79/MVB,2026-08-01,Automatically extracted from INSP SitRep PDF; validated against total cumulative cases. Rows without dashboard geometry are retained in totals but hidden on the case map. Parsed from vertically rendered table.
2026-08-01,2026-08,Nord-Kivu,Vuhovi,,1,1,,,SitRep N79/MVB,2026-08-01,Automatically extracted from INSP SitRep PDF; validated against total cumulative cases. Rows without dashboard geometry are retained in totals but hidden on the case map. Parsed from vertically rendered table.
2026-08-01,2026-08,Tshopo,Kabondo,Al5GBxzCgMe,1,1,0.611433901500078,25.36859620730113,SitRep N79/MVB,2026-08-01,Automatically extracted from INSP SitRep PDF; validated against total cumulative cases. Rows without dashboard geometry are retained in totals but hidden on the case map. Parsed from vertically rendered table.
2026-08-01,2026-08,Tshopo,Lubunga,I9d1F9TGn33,1,0,0.4130002195000486,25.10564709446672,SitRep N79/MVB,2026-08-01,Automatically extracted from INSP SitRep PDF; validated against total cumulative cases. Rows without dashboard geometry are retained in totals but hidden on the case map. Parsed from vertically rendered table.
2026-08-01,2026-08,Tshopo,Mangobo,wOWB7WbNuSN,1,1,0.5399329588970425,25.15236555521503,SitRep N79/MVB,2026-08-01,Automatically extracted from INSP SitRep PDF; validated against total cumulative cases. Rows without dashboard geometry are retained in totals but hidden on the case map. Parsed from vertically rendered table.
2026-08-01,2026-08,Tshopo,Tshopo,IMkgSD6FVjc,7,5,0.8225417305001201,25.51250589004271,SitRep N79/MVB,2026-08-01,Automatically extracted from INSP SitRep PDF; validated against total cumulative cases. Rows without dashboard geometry are retained in totals but hidden on the case map. Parsed from vertically rendered table.
2026-08-01,2026-08,,Mangala,,105,66,,,SitRep N79/MVB,2026-08-01,Automatically extracted from INSP SitRep PDF; validated against total cumulative cases. Rows without dashboard geometry are retained in totals but hidden on the case map. Parsed from vertically rendered table.
2026-08-01,2026-08,,Miti-Murhesa,,3,1,,,SitRep N79/MVB,2026-08-01,Automatically extracted from INSP SitRep PDF; validated against total cumulative cases. Rows without dashboard geometry are retained in totals but hidden on the case map. Parsed from vertically rendered table.
2026-08-02,2026-08,Haut-Uélé,Boma Mangbetu,qwBasnNFRFW,13,4,2.2351428900001054,27.792917281282055,SitRep N80/MVB,2026-08-02,OpenAI-assisted fallback extraction from INSP SitRep PDF; used only after deterministic extraction failed validation. Rows without dashboard geometry are retained in totals but hidden on the case map.
2026-08-02,2026-08,Haut-Uélé,Isiro,lW6NlTXqGcv,19,11,2.398158594500046,27.318090299264888,SitRep N80/MVB,2026-08-02,OpenAI-assisted fallback extraction from INSP SitRep PDF; used only after deterministic extraction failed validation. Rows without dashboard geometry are retained in totals but hidden on the case map.
2026-08-02,2026-08,Haut-Uélé,Pawa,ZxQY9szHMx5,12,10,2.336214680000097,27.537045107299598,SitRep N80/MVB,2026-08-02,OpenAI-assisted fallback extraction from INSP SitRep PDF; used only after deterministic extraction failed validation. Rows without dashboard geometry are retained in totals but hidden on the case map.
2026-08-02,2026-08,Haut-Uélé,Rungu,EGoMVOvVUAp,1,0,2.8721408758778737,28.04597429304644,SitRep N80/MVB,2026-08-02,OpenAI-assisted fallback extraction from INSP SitRep PDF; used only after deterministic extraction failed validation. Rows without dashboard geometry are retained in totals but hidden on the case map.
2026-08-02,2026-08,Haut-Uélé,Wamba,ET5R8zSN3gm,16,9,2.104064561500138,28.0995466507865,SitRep N80/MVB,2026-08-02,OpenAI-assisted fallback extraction from INSP SitRep PDF; used only after deterministic extraction failed validation. Rows without dashboard geometry are retained in totals but hidden on the case map.
2026-08-02,2026-08,Ituri,Adja,CLboGR4F3lj,11,1,3.075097472000124,30.475237413395348,SitRep N80/MVB,2026-08-02,OpenAI-assisted fallback extraction from INSP SitRep PDF; used only after deterministic extraction failed validation. Rows without dashboard geometry are retained in totals but hidden on the case map.
2026-08-02,2026-08,Ituri,Ariwara,fM8IqjhdeyL,7,2,3.1940884310532445,30.693184448654044,SitRep N80/MVB,2026-08-02,OpenAI-assisted fallback extraction from INSP SitRep PDF; used only after deterministic extraction failed validation. Rows without dashboard geometry are retained in totals but hidden on the case map.
2026-08-02,2026-08,Ituri,Aru,v8PqffapuVl,5,5,2.859042986322321,30.833681049566664,SitRep N80/MVB,2026-08-02,OpenAI-assisted fallback extraction from INSP SitRep PDF; used only after deterministic extraction failed validation. Rows without dashboard geometry are retained in totals but hidden on the case map.
2026-08-02,2026-08,Ituri,Aungba,DFcltLEKLxj,10,5,2.5670708830760702,30.592536320311343,SitRep N80/MVB,2026-08-02,OpenAI-assisted fallback extraction from INSP SitRep PDF; used only after deterministic extraction failed validation. Rows without dashboard geometry are retained in totals but hidden on the case map.
2026-08-02,2026-08,Ituri,Bambu,Uc3GqWS8C0w,64,15,1.8633970955000336,30.20627592724413,SitRep N80/MVB,2026-08-02,OpenAI-assisted fallback extraction from INSP SitRep PDF; used only after deterministic extraction failed validation. Rows without dashboard geometry are retained in totals but hidden on the case map.
2026-08-02,2026-08,Ituri,Boga,rLadlFjzCh7,1,1,0.9822493237397867,30.003461492917513,SitRep N80/MVB,2026-08-02,OpenAI-assisted fallback extraction from INSP SitRep PDF; used only after deterministic extraction failed validation. Rows without dashboard geometry are retained in totals but hidden on the case map.
2026-08-02,2026-08,Ituri,Bunia,GPi6i83o7l6,914,270,1.607713140500067,30.282078091482003,SitRep N80/MVB,2026-08-02,OpenAI-assisted fallback extraction from INSP SitRep PDF; used only after deterministic extraction failed validation. Rows without dashboard geometry are retained in totals but hidden on the case map.
2026-08-02,2026-08,Ituri,Damas,ApdB8z3Wrxt,18,8,2.1976361605001387,30.229346408586434,SitRep N80/MVB,2026-08-02,OpenAI-assisted fallback extraction from INSP SitRep PDF; used only after deterministic extraction failed validation. Rows without dashboard geometry are retained in totals but hidden on the case map.
2026-08-02,2026-08,Ituri,Drodro,OIhgsXcZf6x,11,6,1.7484347510000475,30.586912835820826,SitRep N80/MVB,2026-08-02,OpenAI-assisted fallback extraction from INSP SitRep PDF; used only after deterministic extraction failed validation. Rows without dashboard geometry are retained in totals but hidden on the case map.
2026-08-02,2026-08,Ituri,Fataki,FDNwbfrJhkA,35,17,1.9004797405000886,30.565348794325672,SitRep N80/MVB,2026-08-02,OpenAI-assisted fallback extraction from INSP SitRep PDF; used only after deterministic extraction failed validation. Rows without dashboard geometry are retained in totals but hidden on the case map.
2026-08-02,2026-08,Ituri,Gety,X8zFJ7DJlRD,1,0,1.253148786140514,30.189368117956285,SitRep N80/MVB,2026-08-02,OpenAI-assisted fallback extraction from INSP SitRep PDF; used only after deterministic extraction failed validation. Rows without dashboard geometry are retained in totals but hidden on the case map.
2026-08-02,2026-08,Ituri,Kambala,SkEKQLSulmp,2,0,2.313255370000064,30.547371294734642,SitRep N80/MVB,2026-08-02,OpenAI-assisted fallback extraction from INSP SitRep PDF; used only after deterministic extraction failed validation. Rows without dashboard geometry are retained in totals but hidden on the case map.
2026-08-02,2026-08,Ituri,Kilo,sbyWSsdZ3tj,29,11,1.7598275375000298,30.080701985660504,SitRep N80/MVB,2026-08-02,OpenAI-assisted fallback extraction from INSP SitRep PDF; used only after deterministic extraction failed validation. Rows without dashboard geometry are retained in totals but hidden on the case map.
2026-08-02,2026-08,Ituri,Komanda,i2mtQy4nTmD,37,27,1.1261791000000585,29.62557262065517,SitRep N80/MVB,2026-08-02,OpenAI-assisted fallback extraction from INSP SitRep PDF; used only after deterministic extraction failed validation. Rows without dashboard geometry are retained in totals but hidden on the case map.
2026-08-02,2026-08,Ituri,Lita,xGWcGHazqtw,141,84,1.588332974500048,30.38710948970807,SitRep N80/MVB,2026-08-02,OpenAI-assisted fallback extraction from INSP SitRep PDF; used only after deterministic extraction failed validation. Rows without dashboard geometry are retained in totals but hidden on the case map.
2026-08-02,2026-08,Ituri,Logo,qqGoQGSp1Dw,9,4,2.155727226000039,30.877556277526388,SitRep N80/MVB,2026-08-02,OpenAI-assisted fallback extraction from INSP SitRep PDF; used only after deterministic extraction failed validation. Rows without dashboard geometry are retained in totals but hidden on the case map.
2026-08-02,2026-08,Ituri,Lolwa,xp3Y1OXHZLj,7,2,1.4666692450000482,29.46470993607435,SitRep N80/MVB,2026-08-02,OpenAI-assisted fallback extraction from INSP SitRep PDF; used only after deterministic extraction failed validation. Rows without dashboard geometry are retained in totals but hidden on the case map.
2026-08-02,2026-08,Ituri,Mahagi,seNn0NUsKYn,4,1,2.3021508495800296,30.865062342480392,SitRep N80/MVB,2026-08-02,OpenAI-assisted fallback extraction from INSP SitRep PDF; used only after deterministic extraction failed validation. Rows without dashboard geometry are retained in totals but hidden on the case map.
2026-08-02,2026-08,Ituri,Mambasa,RjHZChl5gJQ,10,6,1.4290391459577108,28.62314089055854,SitRep N80/MVB,2026-08-02,OpenAI-assisted fallback extraction from INSP SitRep PDF; used only after deterministic extraction failed validation. Rows without dashboard geometry are retained in totals but hidden on the case map.
2026-08-02,2026-08,Ituri,Mandima,YpXUkTbtAPA,16,12,0.9848691425853815,29.17200687013976,SitRep N80/MVB,2026-08-02,OpenAI-assisted fallback extraction from INSP SitRep PDF; used only after deterministic extraction failed validation. Rows without dashboard geometry are retained in totals but hidden on the case map.
2026-08-02,2026-08,Ituri,Mangala,,105,66,,,SitRep N80/MVB,2026-08-02,OpenAI-assisted fallback extraction from INSP SitRep PDF; used only after deterministic extraction failed validation. Rows without dashboard geometry are retained in totals but hidden on the case map.
2026-08-02,2026-08,Ituri,Mongbwalu,nv8tx681Gjd,552,263,2.1202041400000837,29.46395014319073,SitRep N80/MVB,2026-08-02,OpenAI-assisted fallback extraction from INSP SitRep PDF; used only after deterministic extraction failed validation. Rows without dashboard geometry are retained in totals but hidden on the case map.
2026-08-02,2026-08,Ituri,Nia-Nia,,104,57,,,SitRep N80/MVB,2026-08-02,OpenAI-assisted fallback extraction from INSP SitRep PDF; used only after deterministic extraction failed validation. Rows without dashboard geometry are retained in totals but hidden on the case map.
2026-08-02,2026-08,Ituri,Nizi,TCE5waEW7Fi,402,194,1.7491092545000129,30.29386589242562,SitRep N80/MVB,2026-08-02,OpenAI-assisted fallback extraction from INSP SitRep PDF; used only after deterministic extraction failed validation. Rows without dashboard geometry are retained in totals but hidden on the case map.
2026-08-02,2026-08,Ituri,Nyankunde,mGTaa8TFifO,115,34,1.4866449679154434,29.933917392135683,SitRep N80/MVB,2026-08-02,OpenAI-assisted fallback extraction from INSP SitRep PDF; used only after deterministic extraction failed validation. Rows without dashboard geometry are retained in totals but hidden on the case map.
2026-08-02,2026-08,Ituri,Rimba,a2aJcbwnjoK,9,4,2.2214134000000456,30.706000954123333,SitRep N80/MVB,2026-08-02,OpenAI-assisted fallback extraction from INSP SitRep PDF; used only after deterministic extraction failed validation. Rows without dashboard geometry are retained in totals but hidden on the case map.
2026-08-02,2026-08,Ituri,Rwampara,vPxN2nZnBXK,655,263,1.5710652340000308,30.08327315923981,SitRep N80/MVB,2026-08-02,OpenAI-assisted fallback extraction from INSP SitRep PDF; used only after deterministic extraction failed validation. Rows without dashboard geometry are retained in totals but hidden on the case map.
2026-08-02,2026-08,Ituri,Tchomia,rhj4btTd3i0,43,24,1.5216207475000374,30.468986199294,SitRep N80/MVB,2026-08-02,OpenAI-assisted fallback extraction from INSP SitRep PDF; used only after deterministic extraction failed validation. Rows without dashboard geometry are retained in totals but hidden on the case map.
2026-08-02,2026-08,Nord-Kivu,Beni,msg2MyMGhKv,64,49,0.49317124866695505,29.51358389763662,SitRep N80/MVB,2026-08-02,OpenAI-assisted fallback extraction from INSP SitRep PDF; used only after deterministic extraction failed validation. Rows without dashboard geometry are retained in totals but hidden on the case map.
2026-08-02,2026-08,Nord-Kivu,Butembo,foR0DRLqtdJ,87,69,0.14653425000037146,29.251277502423125,SitRep N80/MVB,2026-08-02,OpenAI-assisted fallback extraction from INSP SitRep PDF; used only after deterministic extraction failed validation. Rows without dashboard geometry are retained in totals but hidden on the case map.
2026-08-02,2026-08,Nord-Kivu,Goma,t8tjGKVhkl3,1,0,-1.6528676989999553,29.17826328304752,SitRep N80/MVB,2026-08-02,OpenAI-assisted fallback extraction from INSP SitRep PDF; used only after deterministic extraction failed validation. Rows without dashboard geometry are retained in totals but hidden on the case map.
2026-08-02,2026-08,Nord-Kivu,Kalunguta,XoJ3dLz68aj,7,4,0.32661665000009066,29.346222520686638,SitRep N80/MVB,2026-08-02,OpenAI-assisted fallback extraction from INSP SitRep PDF; used only after deterministic extraction failed validation. Rows without dashboard geometry are retained in totals but hidden on the case map.
2026-08-02,2026-08,Nord-Kivu,Katwa,woJBeEpIZdy,186,122,0.1198993135112445,29.32416416638681,SitRep N80/MVB,2026-08-02,OpenAI-assisted fallback extraction from INSP SitRep PDF; used only after deterministic extraction failed validation. Rows without dashboard geometry are retained in totals but hidden on the case map.
2026-08-02,2026-08,Nord-Kivu,Kyondo,amGiV9h9C2I,13,10,0.01326616194717092,29.504202701174762,SitRep N80/MVB,2026-08-02,OpenAI-assisted fallback extraction from INSP SitRep PDF; used only after deterministic extraction failed validation. Rows without dashboard geometry are retained in totals but hidden on the case map.
2026-08-02,2026-08,Nord-Kivu,Lubero,oTtGHeQSotN,1,1,-0.2711820729999488,29.337473243936046,SitRep N80/MVB,2026-08-02,OpenAI-assisted fallback extraction from INSP SitRep PDF; used only after deterministic extraction failed validation. Rows without dashboard geometry are retained in totals but hidden on the case map.
2026-08-02,2026-08,Nord-Kivu,Mabalako,svtAZQ9nVl0,1,0,0.5045215710000548,29.193929599486516,SitRep N80/MVB,2026-08-02,OpenAI-assisted fallback extraction from INSP SitRep PDF; used only after deterministic extraction failed validation. Rows without dashboard geometry are retained in totals but hidden on the case map.
2026-08-02,2026-08,Nord-Kivu,Masereka,kQCMPbHKQ93,5,1,-0.10927556649997427,29.327512197678764,SitRep N80/MVB,2026-08-02,OpenAI-assisted fallback extraction from INSP SitRep PDF; used only after deterministic extraction failed validation. Rows without dashboard geometry are retained in totals but hidden on the case map.
2026-08-02,2026-08,Nord-Kivu,Musienene,VooLsNf0dDB,43,25,0.07251365900023643,28.353275181121674,SitRep N80/MVB,2026-08-02,OpenAI-assisted fallback extraction from INSP SitRep PDF; used only after deterministic extraction failed validation. Rows without dashboard geometry are retained in totals but hidden on the case map.
2026-08-02,2026-08,Nord-Kivu,Oicha,zOOAshOz4Cz,4,3,0.7639879778753311,29.547044823759116,SitRep N80/MVB,2026-08-02,OpenAI-assisted fallback extraction from INSP SitRep PDF; used only after deterministic extraction failed validation. Rows without dashboard geometry are retained in totals but hidden on the case map.
2026-08-02,2026-08,Nord-Kivu,Vuhovi,,2,1,,,SitRep N80/MVB,2026-08-02,OpenAI-assisted fallback extraction from INSP SitRep PDF; used only after deterministic extraction failed validation. Rows without dashboard geometry are retained in totals but hidden on the case map.
2026-08-02,2026-08,Sud-Kivu,Miti-Murhesa,,3,1,,,SitRep N80/MVB,2026-08-02,OpenAI-assisted fallback extraction from INSP SitRep PDF; used only after deterministic extraction failed validation. Rows without dashboard geometry are retained in totals but hidden on the case map.
2026-08-02,2026-08,Tshopo,Kabondo,Al5GBxzCgMe,1,1,0.611433901500078,25.36859620730113,SitRep N80/MVB,2026-08-02,OpenAI-assisted fallback extraction from INSP SitRep PDF; used only after deterministic extraction failed validation. Rows without dashboard geometry are retained in totals but hidden on the case map.
2026-08-02,2026-08,Tshopo,Lubunga,I9d1F9TGn33,1,0,0.4130002195000486,25.10564709446672,SitRep N80/MVB,2026-08-02,OpenAI-assisted fallback extraction from INSP SitRep PDF; used only after deterministic extraction failed validation. Rows without dashboard geometry are retained in totals but hidden on the case map.
2026-08-02,2026-08,Tshopo,Makiso-Kisangani,,3,3,,,SitRep N80/MVB,2026-08-02,OpenAI-assisted fallback extraction from INSP SitRep PDF; used only after deterministic extraction failed validation. Rows without dashboard geometry are retained in totals but hidden on the case map.
2026-08-02,2026-08,Tshopo,Mangobo,wOWB7WbNuSN,1,1,0.5399329588970425,25.15236555521503,SitRep N80/MVB,2026-08-02,OpenAI-assisted fallback extraction from INSP SitRep PDF; used only after deterministic extraction failed validation. Rows without dashboard geometry are retained in totals but hidden on the case map.
2026-08-02,2026-08,Tshopo,Wanie-Rukula,,1,0,,,SitRep N80/MVB,2026-08-02,OpenAI-assisted fallback extraction from INSP SitRep PDF; used only after deterministic extraction failed validation. Rows without dashboard geometry are retained in totals but hidden on the case map.
2026-08-03,2026-08,Haut-Uele,Boma Mangbetu,qwBasnNFRFW,13,5,2.2351428900001054,27.792917281282055,SitRep N81/MVB,2026-08-03,Automatically extracted from INSP SitRep PDF; validated against total cumulative cases. Rows without dashboard geometry are retained in totals but hidden on the case map. Parsed from vertically rendered table.
2026-08-03,2026-08,Haut-Uele,Isiro,lW6NlTXqGcv,21,13,2.398158594500046,27.318090299264888,SitRep N81/MVB,2026-08-03,Automatically extracted from INSP SitRep PDF; validated against total cumulative cases. Rows without dashboard geometry are retained in totals but hidden on the case map. Parsed from vertically rendered table.
2026-08-03,2026-08,Haut-Uele,Pawa,ZxQY9szHMx5,12,11,2.336214680000097,27.537045107299598,SitRep N81/MVB,2026-08-03,Automatically extracted from INSP SitRep PDF; validated against total cumulative cases. Rows without dashboard geometry are retained in totals but hidden on the case map. Parsed from vertically rendered table.
2026-08-03,2026-08,Haut-Uele,Rungu,EGoMVOvVUAp,1,0,2.8721408758778737,28.04597429304644,SitRep N81/MVB,2026-08-03,Automatically extracted from INSP SitRep PDF; validated against total cumulative cases. Rows without dashboard geometry are retained in totals but hidden on the case map. Parsed from vertically rendered table.
2026-08-03,2026-08,Haut-Uele,Wamba,ET5R8zSN3gm,16,9,2.104064561500138,28.0995466507865,SitRep N81/MVB,2026-08-03,Automatically extracted from INSP SitRep PDF; validated against total cumulative cases. Rows without dashboard geometry are retained in totals but hidden on the case map. Parsed from vertically rendered table.
2026-08-03,2026-08,Ituri,Adja,CLboGR4F3lj,11,1,3.075097472000124,30.475237413395348,SitRep N81/MVB,2026-08-03,Automatically extracted from INSP SitRep PDF; validated against total cumulative cases. Rows without dashboard geometry are retained in totals but hidden on the case map. Parsed from vertically rendered table.
2026-08-03,2026-08,Ituri,Ariwara,fM8IqjhdeyL,7,2,3.1940884310532445,30.693184448654044,SitRep N81/MVB,2026-08-03,Automatically extracted from INSP SitRep PDF; validated against total cumulative cases. Rows without dashboard geometry are retained in totals but hidden on the case map. Parsed from vertically rendered table.
2026-08-03,2026-08,Ituri,Aru,v8PqffapuVl,5,5,2.859042986322321,30.833681049566664,SitRep N81/MVB,2026-08-03,Automatically extracted from INSP SitRep PDF; validated against total cumulative cases. Rows without dashboard geometry are retained in totals but hidden on the case map. Parsed from vertically rendered table.
2026-08-03,2026-08,Ituri,Aungba,DFcltLEKLxj,10,5,2.5670708830760702,30.592536320311343,SitRep N81/MVB,2026-08-03,Automatically extracted from INSP SitRep PDF; validated against total cumulative cases. Rows without dashboard geometry are retained in totals but hidden on the case map. Parsed from vertically rendered table.
2026-08-03,2026-08,Ituri,Bambu,Uc3GqWS8C0w,69,15,1.8633970955000336,30.20627592724413,SitRep N81/MVB,2026-08-03,Automatically extracted from INSP SitRep PDF; validated against total cumulative cases. Rows without dashboard geometry are retained in totals but hidden on the case map. Parsed from vertically rendered table.
2026-08-03,2026-08,Ituri,Boga,rLadlFjzCh7,1,1,0.9822493237397867,30.003461492917513,SitRep N81/MVB,2026-08-03,Automatically extracted from INSP SitRep PDF; validated against total cumulative cases. Rows without dashboard geometry are retained in totals but hidden on the case map. Parsed from vertically rendered table.
2026-08-03,2026-08,Ituri,Bunia,GPi6i83o7l6,925,277,1.607713140500067,30.282078091482003,SitRep N81/MVB,2026-08-03,Automatically extracted from INSP SitRep PDF; validated against total cumulative cases. Rows without dashboard geometry are retained in totals but hidden on the case map. Parsed from vertically rendered table.
2026-08-03,2026-08,Ituri,Damas,ApdB8z3Wrxt,18,8,2.1976361605001387,30.229346408586434,SitRep N81/MVB,2026-08-03,Automatically extracted from INSP SitRep PDF; validated against total cumulative cases. Rows without dashboard geometry are retained in totals but hidden on the case map. Parsed from vertically rendered table.
2026-08-03,2026-08,Ituri,Drodro,OIhgsXcZf6x,11,6,1.7484347510000475,30.586912835820826,SitRep N81/MVB,2026-08-03,Automatically extracted from INSP SitRep PDF; validated against total cumulative cases. Rows without dashboard geometry are retained in totals but hidden on the case map. Parsed from vertically rendered table.
2026-08-03,2026-08,Ituri,Fataki,FDNwbfrJhkA,35,17,1.9004797405000886,30.565348794325672,SitRep N81/MVB,2026-08-03,Automatically extracted from INSP SitRep PDF; validated against total cumulative cases. Rows without dashboard geometry are retained in totals but hidden on the case map. Parsed from vertically rendered table.
2026-08-03,2026-08,Ituri,Gety,X8zFJ7DJlRD,1,0,1.253148786140514,30.189368117956285,SitRep N81/MVB,2026-08-03,Automatically extracted from INSP SitRep PDF; validated against total cumulative cases. Rows without dashboard geometry are retained in totals but hidden on the case map. Parsed from vertically rendered table.
2026-08-03,2026-08,Ituri,Kambala,SkEKQLSulmp,2,0,2.313255370000064,30.547371294734642,SitRep N81/MVB,2026-08-03,Automatically extracted from INSP SitRep PDF; validated against total cumulative cases. Rows without dashboard geometry are retained in totals but hidden on the case map. Parsed from vertically rendered table.
2026-08-03,2026-08,Ituri,Kilo,sbyWSsdZ3tj,29,11,1.7598275375000298,30.080701985660504,SitRep N81/MVB,2026-08-03,Automatically extracted from INSP SitRep PDF; validated against total cumulative cases. Rows without dashboard geometry are retained in totals but hidden on the case map. Parsed from vertically rendered table.
2026-08-03,2026-08,Ituri,Komanda,i2mtQy4nTmD,38,27,1.1261791000000585,29.62557262065517,SitRep N81/MVB,2026-08-03,Automatically extracted from INSP SitRep PDF; validated against total cumulative cases. Rows without dashboard geometry are retained in totals but hidden on the case map. Parsed from vertically rendered table.
2026-08-03,2026-08,Ituri,Lita,xGWcGHazqtw,142,86,1.588332974500048,30.38710948970807,SitRep N81/MVB,2026-08-03,Automatically extracted from INSP SitRep PDF; validated against total cumulative cases. Rows without dashboard geometry are retained in totals but hidden on the case map. Parsed from vertically rendered table.
2026-08-03,2026-08,Ituri,Logo,qqGoQGSp1Dw,10,5,2.155727226000039,30.877556277526388,SitRep N81/MVB,2026-08-03,Automatically extracted from INSP SitRep PDF; validated against total cumulative cases. Rows without dashboard geometry are retained in totals but hidden on the case map. Parsed from vertically rendered table.
2026-08-03,2026-08,Ituri,Lolwa,xp3Y1OXHZLj,7,2,1.4666692450000482,29.46470993607435,SitRep N81/MVB,2026-08-03,Automatically extracted from INSP SitRep PDF; validated against total cumulative cases. Rows without dashboard geometry are retained in totals but hidden on the case map. Parsed from vertically rendered table.
2026-08-03,2026-08,Ituri,Mahagi,seNn0NUsKYn,4,1,2.3021508495800296,30.865062342480392,SitRep N81/MVB,2026-08-03,Automatically extracted from INSP SitRep PDF; validated against total cumulative cases. Rows without dashboard geometry are retained in totals but hidden on the case map. Parsed from vertically rendered table.
2026-08-03,2026-08,Ituri,Mambasa,RjHZChl5gJQ,10,6,1.4290391459577108,28.62314089055854,SitRep N81/MVB,2026-08-03,Automatically extracted from INSP SitRep PDF; validated against total cumulative cases. Rows without dashboard geometry are retained in totals but hidden on the case map. Parsed from vertically rendered table.
2026-08-03,2026-08,Ituri,Mandima,YpXUkTbtAPA,16,12,0.9848691425853815,29.17200687013976,SitRep N81/MVB,2026-08-03,Automatically extracted from INSP SitRep PDF; validated against total cumulative cases. Rows without dashboard geometry are retained in totals but hidden on the case map. Parsed from vertically rendered table.
2026-08-03,2026-08,Ituri,Mangala,,106,67,,,SitRep N81/MVB,2026-08-03,Automatically extracted from INSP SitRep PDF; validated against total cumulative cases. Rows without dashboard geometry are retained in totals but hidden on the case map. Parsed from vertically rendered table.
2026-08-03,2026-08,Ituri,Mongbwalu,nv8tx681Gjd,553,264,2.1202041400000837,29.46395014319073,SitRep N81/MVB,2026-08-03,Automatically extracted from INSP SitRep PDF; validated against total cumulative cases. Rows without dashboard geometry are retained in totals but hidden on the case map. Parsed from vertically rendered table.
2026-08-03,2026-08,Ituri,Nia-Nia,,112,63,,,SitRep N81/MVB,2026-08-03,Automatically extracted from INSP SitRep PDF; validated against total cumulative cases. Rows without dashboard geometry are retained in totals but hidden on the case map. Parsed from vertically rendered table.
2026-08-03,2026-08,Ituri,Nizi,TCE5waEW7Fi,410,201,1.7491092545000129,30.29386589242562,SitRep N81/MVB,2026-08-03,Automatically extracted from INSP SitRep PDF; validated against total cumulative cases. Rows without dashboard geometry are retained in totals but hidden on the case map. Parsed from vertically rendered table.
2026-08-03,2026-08,Ituri,Nyankunde,mGTaa8TFifO,115,34,1.4866449679154434,29.933917392135683,SitRep N81/MVB,2026-08-03,Automatically extracted from INSP SitRep PDF; validated against total cumulative cases. Rows without dashboard geometry are retained in totals but hidden on the case map. Parsed from vertically rendered table.
2026-08-03,2026-08,Ituri,Rimba,a2aJcbwnjoK,9,4,2.2214134000000456,30.706000954123333,SitRep N81/MVB,2026-08-03,Automatically extracted from INSP SitRep PDF; validated against total cumulative cases. Rows without dashboard geometry are retained in totals but hidden on the case map. Parsed from vertically rendered table.
2026-08-03,2026-08,Ituri,Rwampara,vPxN2nZnBXK,674,273,1.5710652340000308,30.08327315923981,SitRep N81/MVB,2026-08-03,Automatically extracted from INSP SitRep PDF; validated against total cumulative cases. Rows without dashboard geometry are retained in totals but hidden on the case map. Parsed from vertically rendered table.
2026-08-03,2026-08,Ituri,Tchomia,rhj4btTd3i0,45,24,1.5216207475000374,30.468986199294,SitRep N81/MVB,2026-08-03,Automatically extracted from INSP SitRep PDF; validated against total cumulative cases. Rows without dashboard geometry are retained in totals but hidden on the case map. Parsed from vertically rendered table.
2026-08-03,2026-08,Nord-Kivu,Beni,msg2MyMGhKv,64,49,0.49317124866695505,29.51358389763662,SitRep N81/MVB,2026-08-03,Automatically extracted from INSP SitRep PDF; validated against total cumulative cases. Rows without dashboard geometry are retained in totals but hidden on the case map. Parsed from vertically rendered table.
2026-08-03,2026-08,Nord-Kivu,Butembo,foR0DRLqtdJ,89,69,0.14653425000037146,29.251277502423125,SitRep N81/MVB,2026-08-03,Automatically extracted from INSP SitRep PDF; validated against total cumulative cases. Rows without dashboard geometry are retained in totals but hidden on the case map. Parsed from vertically rendered table.
2026-08-03,2026-08,Nord-Kivu,Goma,t8tjGKVhkl3,1,0,-1.6528676989999553,29.17826328304752,SitRep N81/MVB,2026-08-03,Automatically extracted from INSP SitRep PDF; validated against total cumulative cases. Rows without dashboard geometry are retained in totals but hidden on the case map. Parsed from vertically rendered table.
2026-08-03,2026-08,Nord-Kivu,Kalunguta,XoJ3dLz68aj,7,4,0.32661665000009066,29.346222520686638,SitRep N81/MVB,2026-08-03,Automatically extracted from INSP SitRep PDF; validated against total cumulative cases. Rows without dashboard geometry are retained in totals but hidden on the case map. Parsed from vertically rendered table.
2026-08-03,2026-08,Nord-Kivu,Katwa,woJBeEpIZdy,195,125,0.1198993135112445,29.32416416638681,SitRep N81/MVB,2026-08-03,Automatically extracted from INSP SitRep PDF; validated against total cumulative cases. Rows without dashboard geometry are retained in totals but hidden on the case map. Parsed from vertically rendered table.
2026-08-03,2026-08,Nord-Kivu,Kyondo,amGiV9h9C2I,13,10,0.01326616194717092,29.504202701174762,SitRep N81/MVB,2026-08-03,Automatically extracted from INSP SitRep PDF; validated against total cumulative cases. Rows without dashboard geometry are retained in totals but hidden on the case map. Parsed from vertically rendered table.
2026-08-03,2026-08,Nord-Kivu,Lubero,oTtGHeQSotN,1,1,-0.2711820729999488,29.337473243936046,SitRep N81/MVB,2026-08-03,Automatically extracted from INSP SitRep PDF; validated against total cumulative cases. Rows without dashboard geometry are retained in totals but hidden on the case map. Parsed from vertically rendered table.
2026-08-03,2026-08,Nord-Kivu,Mabalako,svtAZQ9nVl0,1,0,0.5045215710000548,29.193929599486516,SitRep N81/MVB,2026-08-03,Automatically extracted from INSP SitRep PDF; validated against total cumulative cases. Rows without dashboard geometry are retained in totals but hidden on the case map. Parsed from vertically rendered table.
2026-08-03,2026-08,Nord-Kivu,Masereka,kQCMPbHKQ93,5,1,-0.10927556649997427,29.327512197678764,SitRep N81/MVB,2026-08-03,Automatically extracted from INSP SitRep PDF; validated against total cumulative cases. Rows without dashboard geometry are retained in totals but hidden on the case map. Parsed from vertically rendered table.
2026-08-03,2026-08,Nord-Kivu,Musienene,VooLsNf0dDB,44,25,0.07251365900023643,28.353275181121674,SitRep N81/MVB,2026-08-03,Automatically extracted from INSP SitRep PDF; validated against total cumulative cases. Rows without dashboard geometry are retained in totals but hidden on the case map. Parsed from vertically rendered table.
2026-08-03,2026-08,Nord-Kivu,Oicha,zOOAshOz4Cz,4,3,0.7639879778753311,29.547044823759116,SitRep N81/MVB,2026-08-03,Automatically extracted from INSP SitRep PDF; validated against total cumulative cases. Rows without dashboard geometry are retained in totals but hidden on the case map. Parsed from vertically rendered table.
2026-08-03,2026-08,Nord-Kivu,Vuhovi,,2,1,,,SitRep N81/MVB,2026-08-03,Automatically extracted from INSP SitRep PDF; validated against total cumulative cases. Rows without dashboard geometry are retained in totals but hidden on the case map. Parsed from vertically rendered table.
2026-08-03,2026-08,Sud-Kivu,Miti-Murhesa,,3,1,,,SitRep N81/MVB,2026-08-03,Automatically extracted from INSP SitRep PDF; validated against total cumulative cases. Rows without dashboard geometry are retained in totals but hidden on the case map. Parsed from vertically rendered table.
2026-08-03,2026-08,Tshopo,Kabondo,Al5GBxzCgMe,1,1,0.611433901500078,25.36859620730113,SitRep N81/MVB,2026-08-03,Automatically extracted from INSP SitRep PDF; validated against total cumulative cases. Rows without dashboard geometry are retained in totals but hidden on the case map. Parsed from vertically rendered table.
2026-08-03,2026-08,Tshopo,Lubunga,I9d1F9TGn33,1,0,0.4130002195000486,25.10564709446672,SitRep N81/MVB,2026-08-03,Automatically extracted from INSP SitRep PDF; validated against total cumulative cases. Rows without dashboard geometry are retained in totals but hidden on the case map. Parsed from vertically rendered table.
2026-08-03,2026-08,Tshopo,Makiso-Kisangani,,3,3,,,SitRep N81/MVB,2026-08-03,Automatically extracted from INSP SitRep PDF; validated against total cumulative cases. Rows without dashboard geometry are retained in totals but hidden on the case map. Parsed from vertically rendered table.
2026-08-03,2026-08,Tshopo,Mangobo,wOWB7WbNuSN,1,1,0.5399329588970425,25.15236555521503,SitRep N81/MVB,2026-08-03,Automatically extracted from INSP SitRep PDF; validated against total cumulative cases. Rows without dashboard geometry are retained in totals but hidden on the case map. Parsed from vertically rendered table.
2026-08-03,2026-08,Tshopo,Wanie-Rukula,,1,0,,,SitRep N81/MVB,2026-08-03,Automatically extracted from INSP SitRep PDF; validated against total cumulative cases. Rows without dashboard geometry are retained in totals but hidden on the case map. Parsed from vertically rendered table.
2026-08-04,2026-08,Haut-Uele,Boma Mangbetu,qwBasnNFRFW,13,5,2.2351428900001054,27.792917281282055,SitRep N82/MVB,2026-08-04,Automatically extracted from INSP SitRep PDF; validated against total cumulative cases. Rows without dashboard geometry are retained in totals but hidden on the case map. Parsed from vertically rendered table.
2026-08-04,2026-08,Haut-Uele,Isiro,lW6NlTXqGcv,25,14,2.398158594500046,27.318090299264888,SitRep N82/MVB,2026-08-04,Automatically extracted from INSP SitRep PDF; validated against total cumulative cases. Rows without dashboard geometry are retained in totals but hidden on the case map. Parsed from vertically rendered table.
2026-08-04,2026-08,Haut-Uele,Pawa,ZxQY9szHMx5,12,11,2.336214680000097,27.537045107299598,SitRep N82/MVB,2026-08-04,Automatically extracted from INSP SitRep PDF; validated against total cumulative cases. Rows without dashboard geometry are retained in totals but hidden on the case map. Parsed from vertically rendered table.
2026-08-04,2026-08,Haut-Uele,Rungu,EGoMVOvVUAp,1,0,2.8721408758778737,28.04597429304644,SitRep N82/MVB,2026-08-04,Automatically extracted from INSP SitRep PDF; validated against total cumulative cases. Rows without dashboard geometry are retained in totals but hidden on the case map. Parsed from vertically rendered table.
2026-08-04,2026-08,Haut-Uele,Wamba,ET5R8zSN3gm,16,9,2.104064561500138,28.0995466507865,SitRep N82/MVB,2026-08-04,Automatically extracted from INSP SitRep PDF; validated against total cumulative cases. Rows without dashboard geometry are retained in totals but hidden on the case map. Parsed from vertically rendered table.
2026-08-04,2026-08,Ituri,Adja,CLboGR4F3lj,11,1,3.075097472000124,30.475237413395348,SitRep N82/MVB,2026-08-04,Automatically extracted from INSP SitRep PDF; validated against total cumulative cases. Rows without dashboard geometry are retained in totals but hidden on the case map. Parsed from vertically rendered table.
2026-08-04,2026-08,Ituri,Ariwara,fM8IqjhdeyL,7,2,3.1940884310532445,30.693184448654044,SitRep N82/MVB,2026-08-04,Automatically extracted from INSP SitRep PDF; validated against total cumulative cases. Rows without dashboard geometry are retained in totals but hidden on the case map. Parsed from vertically rendered table.
2026-08-04,2026-08,Ituri,Aru,v8PqffapuVl,5,5,2.859042986322321,30.833681049566664,SitRep N82/MVB,2026-08-04,Automatically extracted from INSP SitRep PDF; validated against total cumulative cases. Rows without dashboard geometry are retained in totals but hidden on the case map. Parsed from vertically rendered table.
2026-08-04,2026-08,Ituri,Aungba,DFcltLEKLxj,10,5,2.5670708830760702,30.592536320311343,SitRep N82/MVB,2026-08-04,Automatically extracted from INSP SitRep PDF; validated against total cumulative cases. Rows without dashboard geometry are retained in totals but hidden on the case map. Parsed from vertically rendered table.
2026-08-04,2026-08,Ituri,Bambu,Uc3GqWS8C0w,69,17,1.8633970955000336,30.20627592724413,SitRep N82/MVB,2026-08-04,Automatically extracted from INSP SitRep PDF; validated against total cumulative cases. Rows without dashboard geometry are retained in totals but hidden on the case map. Parsed from vertically rendered table.
2026-08-04,2026-08,Ituri,Boga,rLadlFjzCh7,1,1,0.9822493237397867,30.003461492917513,SitRep N82/MVB,2026-08-04,Automatically extracted from INSP SitRep PDF; validated against total cumulative cases. Rows without dashboard geometry are retained in totals but hidden on the case map. Parsed from vertically rendered table.
2026-08-04,2026-08,Ituri,Bunia,GPi6i83o7l6,950,289,1.607713140500067,30.282078091482003,SitRep N82/MVB,2026-08-04,Automatically extracted from INSP SitRep PDF; validated against total cumulative cases. Rows without dashboard geometry are retained in totals but hidden on the case map. Parsed from vertically rendered table.
2026-08-04,2026-08,Ituri,Damas,ApdB8z3Wrxt,18,8,2.1976361605001387,30.229346408586434,SitRep N82/MVB,2026-08-04,Automatically extracted from INSP SitRep PDF; validated against total cumulative cases. Rows without dashboard geometry are retained in totals but hidden on the case map. Parsed from vertically rendered table.
2026-08-04,2026-08,Ituri,Drodro,OIhgsXcZf6x,11,6,1.7484347510000475,30.586912835820826,SitRep N82/MVB,2026-08-04,Automatically extracted from INSP SitRep PDF; validated against total cumulative cases. Rows without dashboard geometry are retained in totals but hidden on the case map. Parsed from vertically rendered table.
2026-08-04,2026-08,Ituri,Fataki,FDNwbfrJhkA,40,20,1.9004797405000886,30.565348794325672,SitRep N82/MVB,2026-08-04,Automatically extracted from INSP SitRep PDF; validated against total cumulative cases. Rows without dashboard geometry are retained in totals but hidden on the case map. Parsed from vertically rendered table.
2026-08-04,2026-08,Ituri,Gety,X8zFJ7DJlRD,1,0,1.253148786140514,30.189368117956285,SitRep N82/MVB,2026-08-04,Automatically extracted from INSP SitRep PDF; validated against total cumulative cases. Rows without dashboard geometry are retained in totals but hidden on the case map. Parsed from vertically rendered table.
2026-08-04,2026-08,Ituri,Kambala,SkEKQLSulmp,2,0,2.313255370000064,30.547371294734642,SitRep N82/MVB,2026-08-04,Automatically extracted from INSP SitRep PDF; validated against total cumulative cases. Rows without dashboard geometry are retained in totals but hidden on the case map. Parsed from vertically rendered table.
2026-08-04,2026-08,Ituri,Kilo,sbyWSsdZ3tj,29,11,1.7598275375000298,30.080701985660504,SitRep N82/MVB,2026-08-04,Automatically extracted from INSP SitRep PDF; validated against total cumulative cases. Rows without dashboard geometry are retained in totals but hidden on the case map. Parsed from vertically rendered table.
2026-08-04,2026-08,Ituri,Komanda,i2mtQy4nTmD,38,27,1.1261791000000585,29.62557262065517,SitRep N82/MVB,2026-08-04,Automatically extracted from INSP SitRep PDF; validated against total cumulative cases. Rows without dashboard geometry are retained in totals but hidden on the case map. Parsed from vertically rendered table.
2026-08-04,2026-08,Ituri,Lita,xGWcGHazqtw,151,89,1.588332974500048,30.38710948970807,SitRep N82/MVB,2026-08-04,Automatically extracted from INSP SitRep PDF; validated against total cumulative cases. Rows without dashboard geometry are retained in totals but hidden on the case map. Parsed from vertically rendered table.
2026-08-04,2026-08,Ituri,Logo,qqGoQGSp1Dw,10,5,2.155727226000039,30.877556277526388,SitRep N82/MVB,2026-08-04,Automatically extracted from INSP SitRep PDF; validated against total cumulative cases. Rows without dashboard geometry are retained in totals but hidden on the case map. Parsed from vertically rendered table.
2026-08-04,2026-08,Ituri,Lolwa,xp3Y1OXHZLj,7,2,1.4666692450000482,29.46470993607435,SitRep N82/MVB,2026-08-04,Automatically extracted from INSP SitRep PDF; validated against total cumulative cases. Rows without dashboard geometry are retained in totals but hidden on the case map. Parsed from vertically rendered table.
2026-08-04,2026-08,Ituri,Mahagi,seNn0NUsKYn,4,1,2.3021508495800296,30.865062342480392,SitRep N82/MVB,2026-08-04,Automatically extracted from INSP SitRep PDF; validated against total cumulative cases. Rows without dashboard geometry are retained in totals but hidden on the case map. Parsed from vertically rendered table.
2026-08-04,2026-08,Ituri,Mambasa,RjHZChl5gJQ,10,6,1.4290391459577108,28.62314089055854,SitRep N82/MVB,2026-08-04,Automatically extracted from INSP SitRep PDF; validated against total cumulative cases. Rows without dashboard geometry are retained in totals but hidden on the case map. Parsed from vertically rendered table.
2026-08-04,2026-08,Ituri,Mandima,YpXUkTbtAPA,16,12,0.9848691425853815,29.17200687013976,SitRep N82/MVB,2026-08-04,Automatically extracted from INSP SitRep PDF; validated against total cumulative cases. Rows without dashboard geometry are retained in totals but hidden on the case map. Parsed from vertically rendered table.
2026-08-04,2026-08,Ituri,Mangala,,108,67,,,SitRep N82/MVB,2026-08-04,Automatically extracted from INSP SitRep PDF; validated against total cumulative cases. Rows without dashboard geometry are retained in totals but hidden on the case map. Parsed from vertically rendered table.
2026-08-04,2026-08,Ituri,Mongbwalu,nv8tx681Gjd,558,268,2.1202041400000837,29.46395014319073,SitRep N82/MVB,2026-08-04,Automatically extracted from INSP SitRep PDF; validated against total cumulative cases. Rows without dashboard geometry are retained in totals but hidden on the case map. Parsed from vertically rendered table.
2026-08-04,2026-08,Ituri,Nia-Nia,,112,66,,,SitRep N82/MVB,2026-08-04,Automatically extracted from INSP SitRep PDF; validated against total cumulative cases. Rows without dashboard geometry are retained in totals but hidden on the case map. Parsed from vertically rendered table.
2026-08-04,2026-08,Ituri,Nizi,TCE5waEW7Fi,431,211,1.7491092545000129,30.29386589242562,SitRep N82/MVB,2026-08-04,Automatically extracted from INSP SitRep PDF; validated against total cumulative cases. Rows without dashboard geometry are retained in totals but hidden on the case map. Parsed from vertically rendered table.
2026-08-04,2026-08,Ituri,Nyankunde,mGTaa8TFifO,115,35,1.4866449679154434,29.933917392135683,SitRep N82/MVB,2026-08-04,Automatically extracted from INSP SitRep PDF; validated against total cumulative cases. Rows without dashboard geometry are retained in totals but hidden on the case map. Parsed from vertically rendered table.
2026-08-04,2026-08,Ituri,Rimba,a2aJcbwnjoK,9,4,2.2214134000000456,30.706000954123333,SitRep N82/MVB,2026-08-04,Automatically extracted from INSP SitRep PDF; validated against total cumulative cases. Rows without dashboard geometry are retained in totals but hidden on the case map. Parsed from vertically rendered table.
2026-08-04,2026-08,Ituri,Rwampara,vPxN2nZnBXK,692,282,1.5710652340000308,30.08327315923981,SitRep N82/MVB,2026-08-04,Automatically extracted from INSP SitRep PDF; validated against total cumulative cases. Rows without dashboard geometry are retained in totals but hidden on the case map. Parsed from vertically rendered table.
2026-08-04,2026-08,Ituri,Tchomia,rhj4btTd3i0,45,24,1.5216207475000374,30.468986199294,SitRep N82/MVB,2026-08-04,Automatically extracted from INSP SitRep PDF; validated against total cumulative cases. Rows without dashboard geometry are retained in totals but hidden on the case map. Parsed from vertically rendered table.
2026-08-04,2026-08,Nord-Kivu,Beni,msg2MyMGhKv,64,49,0.49317124866695505,29.51358389763662,SitRep N82/MVB,2026-08-04,Automatically extracted from INSP SitRep PDF; validated against total cumulative cases. Rows without dashboard geometry are retained in totals but hidden on the case map. Parsed from vertically rendered table.
2026-08-04,2026-08,Nord-Kivu,Butembo,foR0DRLqtdJ,92,69,0.14653425000037146,29.251277502423125,SitRep N82/MVB,2026-08-04,Automatically extracted from INSP SitRep PDF; validated against total cumulative cases. Rows without dashboard geometry are retained in totals but hidden on the case map. Parsed from vertically rendered table.
2026-08-04,2026-08,Nord-Kivu,Goma,t8tjGKVhkl3,1,0,-1.6528676989999553,29.17826328304752,SitRep N82/MVB,2026-08-04,Automatically extracted from INSP SitRep PDF; validated against total cumulative cases. Rows without dashboard geometry are retained in totals but hidden on the case map. Parsed from vertically rendered table.
2026-08-04,2026-08,Nord-Kivu,Kalunguta,XoJ3dLz68aj,8,4,0.32661665000009066,29.346222520686638,SitRep N82/MVB,2026-08-04,Automatically extracted from INSP SitRep PDF; validated against total cumulative cases. Rows without dashboard geometry are retained in totals but hidden on the case map. Parsed from vertically rendered table.
2026-08-04,2026-08,Nord-Kivu,Katwa,woJBeEpIZdy,200,129,0.1198993135112445,29.32416416638681,SitRep N82/MVB,2026-08-04,Automatically extracted from INSP SitRep PDF; validated against total cumulative cases. Rows without dashboard geometry are retained in totals but hidden on the case map. Parsed from vertically rendered table.
2026-08-04,2026-08,Nord-Kivu,Kyondo,amGiV9h9C2I,13,10,0.01326616194717092,29.504202701174762,SitRep N82/MVB,2026-08-04,Automatically extracted from INSP SitRep PDF; validated against total cumulative cases. Rows without dashboard geometry are retained in totals but hidden on the case map. Parsed from vertically rendered table.
2026-08-04,2026-08,Nord-Kivu,Lubero,oTtGHeQSotN,1,1,-0.2711820729999488,29.337473243936046,SitRep N82/MVB,2026-08-04,Automatically extracted from INSP SitRep PDF; validated against total cumulative cases. Rows without dashboard geometry are retained in totals but hidden on the case map. Parsed from vertically rendered table.
2026-08-04,2026-08,Nord-Kivu,Mabalako,svtAZQ9nVl0,1,0,0.5045215710000548,29.193929599486516,SitRep N82/MVB,2026-08-04,Automatically extracted from INSP SitRep PDF; validated against total cumulative cases. Rows without dashboard geometry are retained in totals but hidden on the case map. Parsed from vertically rendered table.
2026-08-04,2026-08,Nord-Kivu,Masereka,kQCMPbHKQ93,5,1,-0.10927556649997427,29.327512197678764,SitRep N82/MVB,2026-08-04,Automatically extracted from INSP SitRep PDF; validated against total cumulative cases. Rows without dashboard geometry are retained in totals but hidden on the case map. Parsed from vertically rendered table.
2026-08-04,2026-08,Nord-Kivu,Musienene,VooLsNf0dDB,45,25,0.07251365900023643,28.353275181121674,SitRep N82/MVB,2026-08-04,Automatically extracted from INSP SitRep PDF; validated against total cumulative cases. Rows without dashboard geometry are retained in totals but hidden on the case map. Parsed from vertically rendered table.
2026-08-04,2026-08,Nord-Kivu,Oicha,zOOAshOz4Cz,4,3,0.7639879778753311,29.547044823759116,SitRep N82/MVB,2026-08-04,Automatically extracted from INSP SitRep PDF; validated against total cumulative cases. Rows without dashboard geometry are retained in totals but hidden on the case map. Parsed from vertically rendered table.
2026-08-04,2026-08,Nord-Kivu,Vuhovi,,2,1,,,SitRep N82/MVB,2026-08-04,Automatically extracted from INSP SitRep PDF; validated against total cumulative cases. Rows without dashboard geometry are retained in totals but hidden on the case map. Parsed from vertically rendered table.
2026-08-04,2026-08,Sud-Kivu,Miti-Murhesa,,3,1,,,SitRep N82/MVB,2026-08-04,Automatically extracted from INSP SitRep PDF; validated against total cumulative cases. Rows without dashboard geometry are retained in totals but hidden on the case map. Parsed from vertically rendered table.
2026-08-04,2026-08,Tshopo,Kabondo,Al5GBxzCgMe,1,1,0.611433901500078,25.36859620730113,SitRep N82/MVB,2026-08-04,Automatically extracted from INSP SitRep PDF; validated against total cumulative cases. Rows without dashboard geometry are retained in totals but hidden on the case map. Parsed from vertically rendered table.
2026-08-04,2026-08,Tshopo,Lubunga,I9d1F9TGn33,1,0,0.4130002195000486,25.10564709446672,SitRep N82/MVB,2026-08-04,Automatically extracted from INSP SitRep PDF; validated against total cumulative cases. Rows without dashboard geometry are retained in totals but hidden on the case map. Parsed from vertically rendered table.
2026-08-04,2026-08,Tshopo,Makiso-Kisangani,,3,3,,,SitRep N82/MVB,2026-08-04,Automatically extracted from INSP SitRep PDF; validated against total cumulative cases. Rows without dashboard geometry are retained in totals but hidden on the case map. Parsed from vertically rendered table.
2026-08-04,2026-08,Tshopo,Mangobo,wOWB7WbNuSN,1,1,0.5399329588970425,25.15236555521503,SitRep N82/MVB,2026-08-04,Automatically extracted from INSP SitRep PDF; validated against total cumulative cases. Rows without dashboard geometry are retained in totals but hidden on the case map. Parsed from vertically rendered table.
2026-08-04,2026-08,Tshopo,Wanie-Rukula,,1,0,,,SitRep N82/MVB,2026-08-04,Automatically extracted from INSP SitRep PDF; validated against total cumulative cases. Rows without dashboard geometry are retained in totals but hidden on the case map. Parsed from vertically rendered table.
2026-08-05,2026-08,Haut-Uele,Boma Mangbetu,qwBasnNFRFW,15,5,2.2351428900001054,27.792917281282055,SitRep N83/MVB,2026-08-05,Automatically extracted from INSP SitRep PDF; validated against total cumulative cases. Rows without dashboard geometry are retained in totals but hidden on the case map. Parsed from vertically rendered table.
2026-08-05,2026-08,Haut-Uele,Gombari,h1dItcsoHRw,1,1,2.8324490322969806,29.003074885174172,SitRep N83/MVB,2026-08-05,Automatically extracted from INSP SitRep PDF; validated against total cumulative cases. Rows without dashboard geometry are retained in totals but hidden on the case map. Parsed from vertically rendered table.
2026-08-05,2026-08,Haut-Uele,Isiro,lW6NlTXqGcv,26,15,2.398158594500046,27.318090299264888,SitRep N83/MVB,2026-08-05,Automatically extracted from INSP SitRep PDF; validated against total cumulative cases. Rows without dashboard geometry are retained in totals but hidden on the case map. Parsed from vertically rendered table.
2026-08-05,2026-08,Haut-Uele,Pawa,ZxQY9szHMx5,15,11,2.336214680000097,27.537045107299598,SitRep N83/MVB,2026-08-05,Automatically extracted from INSP SitRep PDF; validated against total cumulative cases. Rows without dashboard geometry are retained in totals but hidden on the case map. Parsed from vertically rendered table.
2026-08-05,2026-08,Haut-Uele,Rungu,EGoMVOvVUAp,1,0,2.8721408758778737,28.04597429304644,SitRep N83/MVB,2026-08-05,Automatically extracted from INSP SitRep PDF; validated against total cumulative cases. Rows without dashboard geometry are retained in totals but hidden on the case map. Parsed from vertically rendered table.
2026-08-05,2026-08,Haut-Uele,Wamba,ET5R8zSN3gm,16,9,2.104064561500138,28.0995466507865,SitRep N83/MVB,2026-08-05,Automatically extracted from INSP SitRep PDF; validated against total cumulative cases. Rows without dashboard geometry are retained in totals but hidden on the case map. Parsed from vertically rendered table.
2026-08-05,2026-08,Ituri,Adja,CLboGR4F3lj,11,1,3.075097472000124,30.475237413395348,SitRep N83/MVB,2026-08-05,Automatically extracted from INSP SitRep PDF; validated against total cumulative cases. Rows without dashboard geometry are retained in totals but hidden on the case map. Parsed from vertically rendered table.
2026-08-05,2026-08,Ituri,Ariwara,fM8IqjhdeyL,7,2,3.1940884310532445,30.693184448654044,SitRep N83/MVB,2026-08-05,Automatically extracted from INSP SitRep PDF; validated against total cumulative cases. Rows without dashboard geometry are retained in totals but hidden on the case map. Parsed from vertically rendered table.
2026-08-05,2026-08,Ituri,Aru,v8PqffapuVl,6,6,2.859042986322321,30.833681049566664,SitRep N83/MVB,2026-08-05,Automatically extracted from INSP SitRep PDF; validated against total cumulative cases. Rows without dashboard geometry are retained in totals but hidden on the case map. Parsed from vertically rendered table.
2026-08-05,2026-08,Ituri,Aungba,DFcltLEKLxj,10,5,2.5670708830760702,30.592536320311343,SitRep N83/MVB,2026-08-05,Automatically extracted from INSP SitRep PDF; validated against total cumulative cases. Rows without dashboard geometry are retained in totals but hidden on the case map. Parsed from vertically rendered table.
2026-08-05,2026-08,Ituri,Bambu,Uc3GqWS8C0w,77,20,1.8633970955000336,30.20627592724413,SitRep N83/MVB,2026-08-05,Automatically extracted from INSP SitRep PDF; validated against total cumulative cases. Rows without dashboard geometry are retained in totals but hidden on the case map. Parsed from vertically rendered table.
2026-08-05,2026-08,Ituri,Boga,rLadlFjzCh7,1,1,0.9822493237397867,30.003461492917513,SitRep N83/MVB,2026-08-05,Automatically extracted from INSP SitRep PDF; validated against total cumulative cases. Rows without dashboard geometry are retained in totals but hidden on the case map. Parsed from vertically rendered table.
2026-08-05,2026-08,Ituri,Bunia,GPi6i83o7l6,967,297,1.607713140500067,30.282078091482003,SitRep N83/MVB,2026-08-05,Automatically extracted from INSP SitRep PDF; validated against total cumulative cases. Rows without dashboard geometry are retained in totals but hidden on the case map. Parsed from vertically rendered table.
2026-08-05,2026-08,Ituri,Damas,ApdB8z3Wrxt,18,8,2.1976361605001387,30.229346408586434,SitRep N83/MVB,2026-08-05,Automatically extracted from INSP SitRep PDF; validated against total cumulative cases. Rows without dashboard geometry are retained in totals but hidden on the case map. Parsed from vertically rendered table.
2026-08-05,2026-08,Ituri,Drodro,OIhgsXcZf6x,11,6,1.7484347510000475,30.586912835820826,SitRep N83/MVB,2026-08-05,Automatically extracted from INSP SitRep PDF; validated against total cumulative cases. Rows without dashboard geometry are retained in totals but hidden on the case map. Parsed from vertically rendered table.
2026-08-05,2026-08,Ituri,Fataki,FDNwbfrJhkA,45,24,1.9004797405000886,30.565348794325672,SitRep N83/MVB,2026-08-05,Automatically extracted from INSP SitRep PDF; validated against total cumulative cases. Rows without dashboard geometry are retained in totals but hidden on the case map. Parsed from vertically rendered table.
2026-08-05,2026-08,Ituri,Gety,X8zFJ7DJlRD,2,1,1.253148786140514,30.189368117956285,SitRep N83/MVB,2026-08-05,Automatically extracted from INSP SitRep PDF; validated against total cumulative cases. Rows without dashboard geometry are retained in totals but hidden on the case map. Parsed from vertically rendered table.
2026-08-05,2026-08,Ituri,Kambala,SkEKQLSulmp,2,0,2.313255370000064,30.547371294734642,SitRep N83/MVB,2026-08-05,Automatically extracted from INSP SitRep PDF; validated against total cumulative cases. Rows without dashboard geometry are retained in totals but hidden on the case map. Parsed from vertically rendered table.
2026-08-05,2026-08,Ituri,Kilo,sbyWSsdZ3tj,29,11,1.7598275375000298,30.080701985660504,SitRep N83/MVB,2026-08-05,Automatically extracted from INSP SitRep PDF; validated against total cumulative cases. Rows without dashboard geometry are retained in totals but hidden on the case map. Parsed from vertically rendered table.
2026-08-05,2026-08,Ituri,Komanda,i2mtQy4nTmD,39,29,1.1261791000000585,29.62557262065517,SitRep N83/MVB,2026-08-05,Automatically extracted from INSP SitRep PDF; validated against total cumulative cases. Rows without dashboard geometry are retained in totals but hidden on the case map. Parsed from vertically rendered table.
2026-08-05,2026-08,Ituri,Lita,xGWcGHazqtw,152,89,1.588332974500048,30.38710948970807,SitRep N83/MVB,2026-08-05,Automatically extracted from INSP SitRep PDF; validated against total cumulative cases. Rows without dashboard geometry are retained in totals but hidden on the case map. Parsed from vertically rendered table.
2026-08-05,2026-08,Ituri,Logo,qqGoQGSp1Dw,10,5,2.155727226000039,30.877556277526388,SitRep N83/MVB,2026-08-05,Automatically extracted from INSP SitRep PDF; validated against total cumulative cases. Rows without dashboard geometry are retained in totals but hidden on the case map. Parsed from vertically rendered table.
2026-08-05,2026-08,Ituri,Lolwa,xp3Y1OXHZLj,7,2,1.4666692450000482,29.46470993607435,SitRep N83/MVB,2026-08-05,Automatically extracted from INSP SitRep PDF; validated against total cumulative cases. Rows without dashboard geometry are retained in totals but hidden on the case map. Parsed from vertically rendered table.
2026-08-05,2026-08,Ituri,Mahagi,seNn0NUsKYn,4,1,2.3021508495800296,30.865062342480392,SitRep N83/MVB,2026-08-05,Automatically extracted from INSP SitRep PDF; validated against total cumulative cases. Rows without dashboard geometry are retained in totals but hidden on the case map. Parsed from vertically rendered table.
2026-08-05,2026-08,Ituri,Mambasa,RjHZChl5gJQ,10,6,1.4290391459577108,28.62314089055854,SitRep N83/MVB,2026-08-05,Automatically extracted from INSP SitRep PDF; validated against total cumulative cases. Rows without dashboard geometry are retained in totals but hidden on the case map. Parsed from vertically rendered table.
2026-08-05,2026-08,Ituri,Mandima,YpXUkTbtAPA,16,12,0.9848691425853815,29.17200687013976,SitRep N83/MVB,2026-08-05,Automatically extracted from INSP SitRep PDF; validated against total cumulative cases. Rows without dashboard geometry are retained in totals but hidden on the case map. Parsed from vertically rendered table.
2026-08-05,2026-08,Ituri,Mangala,,108,67,,,SitRep N83/MVB,2026-08-05,Automatically extracted from INSP SitRep PDF; validated against total cumulative cases. Rows without dashboard geometry are retained in totals but hidden on the case map. Parsed from vertically rendered table.
2026-08-05,2026-08,Ituri,Mongbwalu,nv8tx681Gjd,561,272,2.1202041400000837,29.46395014319073,SitRep N83/MVB,2026-08-05,Automatically extracted from INSP SitRep PDF; validated against total cumulative cases. Rows without dashboard geometry are retained in totals but hidden on the case map. Parsed from vertically rendered table.
2026-08-05,2026-08,Ituri,Nia-Nia,,114,67,,,SitRep N83/MVB,2026-08-05,Automatically extracted from INSP SitRep PDF; validated against total cumulative cases. Rows without dashboard geometry are retained in totals but hidden on the case map. Parsed from vertically rendered table.
2026-08-05,2026-08,Ituri,Nizi,TCE5waEW7Fi,437,216,1.7491092545000129,30.29386589242562,SitRep N83/MVB,2026-08-05,Automatically extracted from INSP SitRep PDF; validated against total cumulative cases. Rows without dashboard geometry are retained in totals but hidden on the case map. Parsed from vertically rendered table.
2026-08-05,2026-08,Ituri,Nyankunde,mGTaa8TFifO,115,35,1.4866449679154434,29.933917392135683,SitRep N83/MVB,2026-08-05,Automatically extracted from INSP SitRep PDF; validated against total cumulative cases. Rows without dashboard geometry are retained in totals but hidden on the case map. Parsed from vertically rendered table.
2026-08-05,2026-08,Ituri,Rimba,a2aJcbwnjoK,9,4,2.2214134000000456,30.706000954123333,SitRep N83/MVB,2026-08-05,Automatically extracted from INSP SitRep PDF; validated against total cumulative cases. Rows without dashboard geometry are retained in totals but hidden on the case map. Parsed from vertically rendered table.
2026-08-05,2026-08,Ituri,Rwampara,vPxN2nZnBXK,708,291,1.5710652340000308,30.08327315923981,SitRep N83/MVB,2026-08-05,Automatically extracted from INSP SitRep PDF; validated against total cumulative cases. Rows without dashboard geometry are retained in totals but hidden on the case map. Parsed from vertically rendered table.
2026-08-05,2026-08,Ituri,Tchomia,rhj4btTd3i0,45,24,1.5216207475000374,30.468986199294,SitRep N83/MVB,2026-08-05,Automatically extracted from INSP SitRep PDF; validated against total cumulative cases. Rows without dashboard geometry are retained in totals but hidden on the case map. Parsed from vertically rendered table.
2026-08-05,2026-08,Nord-Kivu,Beni,msg2MyMGhKv,65,49,0.49317124866695505,29.51358389763662,SitRep N83/MVB,2026-08-05,Automatically extracted from INSP SitRep PDF; validated against total cumulative cases. Rows without dashboard geometry are retained in totals but hidden on the case map. Parsed from vertically rendered table.
2026-08-05,2026-08,Nord-Kivu,Butembo,foR0DRLqtdJ,92,71,0.14653425000037146,29.251277502423125,SitRep N83/MVB,2026-08-05,Automatically extracted from INSP SitRep PDF; validated against total cumulative cases. Rows without dashboard geometry are retained in totals but hidden on the case map. Parsed from vertically rendered table.
2026-08-05,2026-08,Nord-Kivu,Goma,t8tjGKVhkl3,1,0,-1.6528676989999553,29.17826328304752,SitRep N83/MVB,2026-08-05,Automatically extracted from INSP SitRep PDF; validated against total cumulative cases. Rows without dashboard geometry are retained in totals but hidden on the case map. Parsed from vertically rendered table.
2026-08-05,2026-08,Nord-Kivu,Kalunguta,XoJ3dLz68aj,8,4,0.32661665000009066,29.346222520686638,SitRep N83/MVB,2026-08-05,Automatically extracted from INSP SitRep PDF; validated against total cumulative cases. Rows without dashboard geometry are retained in totals but hidden on the case map. Parsed from vertically rendered table.
2026-08-05,2026-08,Nord-Kivu,Katwa,woJBeEpIZdy,208,135,0.1198993135112445,29.32416416638681,SitRep N83/MVB,2026-08-05,Automatically extracted from INSP SitRep PDF; validated against total cumulative cases. Rows without dashboard geometry are retained in totals but hidden on the case map. Parsed from vertically rendered table.
2026-08-05,2026-08,Nord-Kivu,Kyondo,amGiV9h9C2I,13,10,0.01326616194717092,29.504202701174762,SitRep N83/MVB,2026-08-05,Automatically extracted from INSP SitRep PDF; validated against total cumulative cases. Rows without dashboard geometry are retained in totals but hidden on the case map. Parsed from vertically rendered table.
2026-08-05,2026-08,Nord-Kivu,Lubero,oTtGHeQSotN,1,1,-0.2711820729999488,29.337473243936046,SitRep N83/MVB,2026-08-05,Automatically extracted from INSP SitRep PDF; validated against total cumulative cases. Rows without dashboard geometry are retained in totals but hidden on the case map. Parsed from vertically rendered table.
2026-08-05,2026-08,Nord-Kivu,Mabalako,svtAZQ9nVl0,1,0,0.5045215710000548,29.193929599486516,SitRep N83/MVB,2026-08-05,Automatically extracted from INSP SitRep PDF; validated against total cumulative cases. Rows without dashboard geometry are retained in totals but hidden on the case map. Parsed from vertically rendered table.
2026-08-05,2026-08,Nord-Kivu,Masereka,kQCMPbHKQ93,5,1,-0.10927556649997427,29.327512197678764,SitRep N83/MVB,2026-08-05,Automatically extracted from INSP SitRep PDF; validated against total cumulative cases. Rows without dashboard geometry are retained in totals but hidden on the case map. Parsed from vertically rendered table.
2026-08-05,2026-08,Nord-Kivu,Musienene,VooLsNf0dDB,47,26,0.07251365900023643,28.353275181121674,SitRep N83/MVB,2026-08-05,Automatically extracted from INSP SitRep PDF; validated against total cumulative cases. Rows without dashboard geometry are retained in totals but hidden on the case map. Parsed from vertically rendered table.
2026-08-05,2026-08,Nord-Kivu,Oicha,zOOAshOz4Cz,4,3,0.7639879778753311,29.547044823759116,SitRep N83/MVB,2026-08-05,Automatically extracted from INSP SitRep PDF; validated against total cumulative cases. Rows without dashboard geometry are retained in totals but hidden on the case map. Parsed from vertically rendered table.
2026-08-05,2026-08,Nord-Kivu,Vuhovi,,2,1,,,SitRep N83/MVB,2026-08-05,Automatically extracted from INSP SitRep PDF; validated against total cumulative cases. Rows without dashboard geometry are retained in totals but hidden on the case map. Parsed from vertically rendered table.
2026-08-05,2026-08,Sud-Kivu,Miti-Murhesa,,3,1,,,SitRep N83/MVB,2026-08-05,Automatically extracted from INSP SitRep PDF; validated against total cumulative cases. Rows without dashboard geometry are retained in totals but hidden on the case map. Parsed from vertically rendered table.
2026-08-05,2026-08,Tshopo,Bafwasende,pLBZiohnxFC,1,0,0.5883184495002638,26.679613954245525,SitRep N83/MVB,2026-08-05,Automatically extracted from INSP SitRep PDF; validated against total cumulative cases. Rows without dashboard geometry are retained in totals but hidden on the case map. Parsed from vertically rendered table.
2026-08-05,2026-08,Tshopo,Kabondo,Al5GBxzCgMe,1,1,0.611433901500078,25.36859620730113,SitRep N83/MVB,2026-08-05,Automatically extracted from INSP SitRep PDF; validated against total cumulative cases. Rows without dashboard geometry are retained in totals but hidden on the case map. Parsed from vertically rendered table.
2026-08-05,2026-08,Tshopo,Lubunga,I9d1F9TGn33,1,0,0.4130002195000486,25.10564709446672,SitRep N83/MVB,2026-08-05,Automatically extracted from INSP SitRep PDF; validated against total cumulative cases. Rows without dashboard geometry are retained in totals but hidden on the case map. Parsed from vertically rendered table.
2026-08-05,2026-08,Tshopo,Makiso-Kisangani,,3,3,,,SitRep N83/MVB,2026-08-05,Automatically extracted from INSP SitRep PDF; validated against total cumulative cases. Rows without dashboard geometry are retained in totals but hidden on the case map. Parsed from vertically rendered table.
2026-08-05,2026-08,Tshopo,Mangobo,wOWB7WbNuSN,1,1,0.5399329588970425,25.15236555521503,SitRep N83/MVB,2026-08-05,Automatically extracted from INSP SitRep PDF; validated against total cumulative cases. Rows without dashboard geometry are retained in totals but hidden on the case map. Parsed from vertically rendered table.
2026-08-05,2026-08,Tshopo,Wanie-Rukula,,1,0,,,SitRep N83/MVB,2026-08-05,Automatically extracted from INSP SitRep PDF; validated against total cumulative cases. Rows without dashboard geometry are retained in totals but hidden on the case map. Parsed from vertically rendered table.
2026-08-10,2026-08,Haut-Uele,Boma Mangbetu,qwBasnNFRFW,21,5,2.2351428900001054,27.792917281282055,SitRep N88/MVB,2026-08-10,Automatically extracted from INSP SitRep PDF; validated against total cumulative cases. Rows without dashboard geometry are retained in totals but hidden on the case map. Parsed from vertically rendered table.
2026-08-10,2026-08,Haut-Uele,Gombari,h1dItcsoHRw,1,1,2.8324490322969806,29.003074885174172,SitRep N88/MVB,2026-08-10,Automatically extracted from INSP SitRep PDF; validated against total cumulative cases. Rows without dashboard geometry are retained in totals but hidden on the case map. Parsed from vertically rendered table.
2026-08-10,2026-08,Haut-Uele,Isiro,lW6NlTXqGcv,31,16,2.398158594500046,27.318090299264888,SitRep N88/MVB,2026-08-10,Automatically extracted from INSP SitRep PDF; validated against total cumulative cases. Rows without dashboard geometry are retained in totals but hidden on the case map. Parsed from vertically rendered table.
2026-08-10,2026-08,Haut-Uele,Pawa,ZxQY9szHMx5,17,11,2.336214680000097,27.537045107299598,SitRep N88/MVB,2026-08-10,Automatically extracted from INSP SitRep PDF; validated against total cumulative cases. Rows without dashboard geometry are retained in totals but hidden on the case map. Parsed from vertically rendered table.
2026-08-10,2026-08,Haut-Uele,Rungu,EGoMVOvVUAp,1,0,2.8721408758778737,28.04597429304644,SitRep N88/MVB,2026-08-10,Automatically extracted from INSP SitRep PDF; validated against total cumulative cases. Rows without dashboard geometry are retained in totals but hidden on the case map. Parsed from vertically rendered table.
2026-08-10,2026-08,Haut-Uele,Wamba,ET5R8zSN3gm,42,15,2.104064561500138,28.0995466507865,SitRep N88/MVB,2026-08-10,Automatically extracted from INSP SitRep PDF; validated against total cumulative cases. Rows without dashboard geometry are retained in totals but hidden on the case map. Parsed from vertically rendered table.
2026-08-10,2026-08,Ituri,Adja,CLboGR4F3lj,11,1,3.075097472000124,30.475237413395348,SitRep N88/MVB,2026-08-10,Automatically extracted from INSP SitRep PDF; validated against total cumulative cases. Rows without dashboard geometry are retained in totals but hidden on the case map. Parsed from vertically rendered table.
2026-08-10,2026-08,Ituri,Ariwara,fM8IqjhdeyL,7,2,3.1940884310532445,30.693184448654044,SitRep N88/MVB,2026-08-10,Automatically extracted from INSP SitRep PDF; validated against total cumulative cases. Rows without dashboard geometry are retained in totals but hidden on the case map. Parsed from vertically rendered table.
2026-08-10,2026-08,Ituri,Aru,v8PqffapuVl,7,6,2.859042986322321,30.833681049566664,SitRep N88/MVB,2026-08-10,Automatically extracted from INSP SitRep PDF; validated against total cumulative cases. Rows without dashboard geometry are retained in totals but hidden on the case map. Parsed from vertically rendered table.
2026-08-10,2026-08,Ituri,Aungba,DFcltLEKLxj,10,5,2.5670708830760702,30.592536320311343,SitRep N88/MVB,2026-08-10,Automatically extracted from INSP SitRep PDF; validated against total cumulative cases. Rows without dashboard geometry are retained in totals but hidden on the case map. Parsed from vertically rendered table.
2026-08-10,2026-08,Ituri,Bambu,Uc3GqWS8C0w,93,22,1.8633970955000336,30.20627592724413,SitRep N88/MVB,2026-08-10,Automatically extracted from INSP SitRep PDF; validated against total cumulative cases. Rows without dashboard geometry are retained in totals but hidden on the case map. Parsed from vertically rendered table.
2026-08-10,2026-08,Ituri,Boga,rLadlFjzCh7,1,1,0.9822493237397867,30.003461492917513,SitRep N88/MVB,2026-08-10,Automatically extracted from INSP SitRep PDF; validated against total cumulative cases. Rows without dashboard geometry are retained in totals but hidden on the case map. Parsed from vertically rendered table.
2026-08-10,2026-08,Ituri,Bunia,GPi6i83o7l6,1043,317,1.607713140500067,30.282078091482003,SitRep N88/MVB,2026-08-10,Automatically extracted from INSP SitRep PDF; validated against total cumulative cases. Rows without dashboard geometry are retained in totals but hidden on the case map. Parsed from vertically rendered table.
2026-08-10,2026-08,Ituri,Damas,ApdB8z3Wrxt,18,8,2.1976361605001387,30.229346408586434,SitRep N88/MVB,2026-08-10,Automatically extracted from INSP SitRep PDF; validated against total cumulative cases. Rows without dashboard geometry are retained in totals but hidden on the case map. Parsed from vertically rendered table.
2026-08-10,2026-08,Ituri,Drodro,OIhgsXcZf6x,12,6,1.7484347510000475,30.586912835820826,SitRep N88/MVB,2026-08-10,Automatically extracted from INSP SitRep PDF; validated against total cumulative cases. Rows without dashboard geometry are retained in totals but hidden on the case map. Parsed from vertically rendered table.
2026-08-10,2026-08,Ituri,Fataki,FDNwbfrJhkA,55,29,1.9004797405000886,30.565348794325672,SitRep N88/MVB,2026-08-10,Automatically extracted from INSP SitRep PDF; validated against total cumulative cases. Rows without dashboard geometry are retained in totals but hidden on the case map. Parsed from vertically rendered table.
2026-08-10,2026-08,Ituri,Gety,X8zFJ7DJlRD,2,1,1.253148786140514,30.189368117956285,SitRep N88/MVB,2026-08-10,Automatically extracted from INSP SitRep PDF; validated against total cumulative cases. Rows without dashboard geometry are retained in totals but hidden on the case map. Parsed from vertically rendered table.
2026-08-10,2026-08,Ituri,Kambala,SkEKQLSulmp,2,0,2.313255370000064,30.547371294734642,SitRep N88/MVB,2026-08-10,Automatically extracted from INSP SitRep PDF; validated against total cumulative cases. Rows without dashboard geometry are retained in totals but hidden on the case map. Parsed from vertically rendered table.
2026-08-10,2026-08,Ituri,Kilo,sbyWSsdZ3tj,29,11,1.7598275375000298,30.080701985660504,SitRep N88/MVB,2026-08-10,Automatically extracted from INSP SitRep PDF; validated against total cumulative cases. Rows without dashboard geometry are retained in totals but hidden on the case map. Parsed from vertically rendered table.
2026-08-10,2026-08,Ituri,Komanda,i2mtQy4nTmD,42,29,1.1261791000000585,29.62557262065517,SitRep N88/MVB,2026-08-10,Automatically extracted from INSP SitRep PDF; validated against total cumulative cases. Rows without dashboard geometry are retained in totals but hidden on the case map. Parsed from vertically rendered table.
2026-08-10,2026-08,Ituri,Lita,xGWcGHazqtw,163,96,1.588332974500048,30.38710948970807,SitRep N88/MVB,2026-08-10,Automatically extracted from INSP SitRep PDF; validated against total cumulative cases. Rows without dashboard geometry are retained in totals but hidden on the case map. Parsed from vertically rendered table.
2026-08-10,2026-08,Ituri,Logo,qqGoQGSp1Dw,11,5,2.155727226000039,30.877556277526388,SitRep N88/MVB,2026-08-10,Automatically extracted from INSP SitRep PDF; validated against total cumulative cases. Rows without dashboard geometry are retained in totals but hidden on the case map. Parsed from vertically rendered table.
2026-08-10,2026-08,Ituri,Lolwa,xp3Y1OXHZLj,11,4,1.4666692450000482,29.46470993607435,SitRep N88/MVB,2026-08-10,Automatically extracted from INSP SitRep PDF; validated against total cumulative cases. Rows without dashboard geometry are retained in totals but hidden on the case map. Parsed from vertically rendered table.
2026-08-10,2026-08,Ituri,Mahagi,seNn0NUsKYn,4,1,2.3021508495800296,30.865062342480392,SitRep N88/MVB,2026-08-10,Automatically extracted from INSP SitRep PDF; validated against total cumulative cases. Rows without dashboard geometry are retained in totals but hidden on the case map. Parsed from vertically rendered table.
2026-08-10,2026-08,Ituri,Mambasa,RjHZChl5gJQ,13,6,1.4290391459577108,28.62314089055854,SitRep N88/MVB,2026-08-10,Automatically extracted from INSP SitRep PDF; validated against total cumulative cases. Rows without dashboard geometry are retained in totals but hidden on the case map. Parsed from vertically rendered table.
2026-08-10,2026-08,Ituri,Mandima,YpXUkTbtAPA,19,13,0.9848691425853815,29.17200687013976,SitRep N88/MVB,2026-08-10,Automatically extracted from INSP SitRep PDF; validated against total cumulative cases. Rows without dashboard geometry are retained in totals but hidden on the case map. Parsed from vertically rendered table.
2026-08-10,2026-08,Ituri,Mangala,,116,74,,,SitRep N88/MVB,2026-08-10,Automatically extracted from INSP SitRep PDF; validated against total cumulative cases. Rows without dashboard geometry are retained in totals but hidden on the case map. Parsed from vertically rendered table.
2026-08-10,2026-08,Ituri,Mongbwalu,nv8tx681Gjd,576,280,2.1202041400000837,29.46395014319073,SitRep N88/MVB,2026-08-10,Automatically extracted from INSP SitRep PDF; validated against total cumulative cases. Rows without dashboard geometry are retained in totals but hidden on the case map. Parsed from vertically rendered table.
2026-08-10,2026-08,Ituri,Nia-Nia,,142,84,,,SitRep N88/MVB,2026-08-10,Automatically extracted from INSP SitRep PDF; validated against total cumulative cases. Rows without dashboard geometry are retained in totals but hidden on the case map. Parsed from vertically rendered table.
2026-08-10,2026-08,Ituri,Nizi,TCE5waEW7Fi,489,227,1.7491092545000129,30.29386589242562,SitRep N88/MVB,2026-08-10,Automatically extracted from INSP SitRep PDF; validated against total cumulative cases. Rows without dashboard geometry are retained in totals but hidden on the case map. Parsed from vertically rendered table.
2026-08-10,2026-08,Ituri,Nyankunde,mGTaa8TFifO,116,35,1.4866449679154434,29.933917392135683,SitRep N88/MVB,2026-08-10,Automatically extracted from INSP SitRep PDF; validated against total cumulative cases. Rows without dashboard geometry are retained in totals but hidden on the case map. Parsed from vertically rendered table.
2026-08-10,2026-08,Ituri,Rimba,a2aJcbwnjoK,9,4,2.2214134000000456,30.706000954123333,SitRep N88/MVB,2026-08-10,Automatically extracted from INSP SitRep PDF; validated against total cumulative cases. Rows without dashboard geometry are retained in totals but hidden on the case map. Parsed from vertically rendered table.
2026-08-10,2026-08,Ituri,Rwampara,vPxN2nZnBXK,765,303,1.5710652340000308,30.08327315923981,SitRep N88/MVB,2026-08-10,Automatically extracted from INSP SitRep PDF; validated against total cumulative cases. Rows without dashboard geometry are retained in totals but hidden on the case map. Parsed from vertically rendered table.
2026-08-10,2026-08,Ituri,Tchomia,rhj4btTd3i0,48,24,1.5216207475000374,30.468986199294,SitRep N88/MVB,2026-08-10,Automatically extracted from INSP SitRep PDF; validated against total cumulative cases. Rows without dashboard geometry are retained in totals but hidden on the case map. Parsed from vertically rendered table.
2026-08-10,2026-08,Nord-Kivu,Beni,msg2MyMGhKv,78,60,0.49317124866695505,29.51358389763662,SitRep N88/MVB,2026-08-10,Automatically extracted from INSP SitRep PDF; validated against total cumulative cases. Rows without dashboard geometry are retained in totals but hidden on the case map. Parsed from vertically rendered table.
2026-08-10,2026-08,Nord-Kivu,Butembo,foR0DRLqtdJ,103,85,0.14653425000037146,29.251277502423125,SitRep N88/MVB,2026-08-10,Automatically extracted from INSP SitRep PDF; validated against total cumulative cases. Rows without dashboard geometry are retained in totals but hidden on the case map. Parsed from vertically rendered table.
2026-08-10,2026-08,Nord-Kivu,Goma,t8tjGKVhkl3,1,0,-1.6528676989999553,29.17826328304752,SitRep N88/MVB,2026-08-10,Automatically extracted from INSP SitRep PDF; validated against total cumulative cases. Rows without dashboard geometry are retained in totals but hidden on the case map. Parsed from vertically rendered table.
2026-08-10,2026-08,Nord-Kivu,Kalunguta,XoJ3dLz68aj,10,4,0.32661665000009066,29.346222520686638,SitRep N88/MVB,2026-08-10,Automatically extracted from INSP SitRep PDF; validated against total cumulative cases. Rows without dashboard geometry are retained in totals but hidden on the case map. Parsed from vertically rendered table.
2026-08-10,2026-08,Nord-Kivu,Katwa,woJBeEpIZdy,239,156,0.1198993135112445,29.32416416638681,SitRep N88/MVB,2026-08-10,Automatically extracted from INSP SitRep PDF; validated against total cumulative cases. Rows without dashboard geometry are retained in totals but hidden on the case map. Parsed from vertically rendered table.
2026-08-10,2026-08,Nord-Kivu,Kyondo,amGiV9h9C2I,13,10,0.01326616194717092,29.504202701174762,SitRep N88/MVB,2026-08-10,Automatically extracted from INSP SitRep PDF; validated against total cumulative cases. Rows without dashboard geometry are retained in totals but hidden on the case map. Parsed from vertically rendered table.
2026-08-10,2026-08,Nord-Kivu,Lubero,oTtGHeQSotN,1,1,-0.2711820729999488,29.337473243936046,SitRep N88/MVB,2026-08-10,Automatically extracted from INSP SitRep PDF; validated against total cumulative cases. Rows without dashboard geometry are retained in totals but hidden on the case map. Parsed from vertically rendered table.
2026-08-10,2026-08,Nord-Kivu,Mabalako,svtAZQ9nVl0,1,0,0.5045215710000548,29.193929599486516,SitRep N88/MVB,2026-08-10,Automatically extracted from INSP SitRep PDF; validated against total cumulative cases. Rows without dashboard geometry are retained in totals but hidden on the case map. Parsed from vertically rendered table.
2026-08-10,2026-08,Nord-Kivu,Masereka,kQCMPbHKQ93,7,4,-0.10927556649997427,29.327512197678764,SitRep N88/MVB,2026-08-10,Automatically extracted from INSP SitRep PDF; validated against total cumulative cases. Rows without dashboard geometry are retained in totals but hidden on the case map. Parsed from vertically rendered table.
2026-08-10,2026-08,Nord-Kivu,Musienene,VooLsNf0dDB,49,29,0.07251365900023643,28.353275181121674,SitRep N88/MVB,2026-08-10,Automatically extracted from INSP SitRep PDF; validated against total cumulative cases. Rows without dashboard geometry are retained in totals but hidden on the case map. Parsed from vertically rendered table.
2026-08-10,2026-08,Nord-Kivu,Oicha,zOOAshOz4Cz,5,4,0.7639879778753311,29.547044823759116,SitRep N88/MVB,2026-08-10,Automatically extracted from INSP SitRep PDF; validated against total cumulative cases. Rows without dashboard geometry are retained in totals but hidden on the case map. Parsed from vertically rendered table.
2026-08-10,2026-08,Nord-Kivu,Vuhovi,,3,1,,,SitRep N88/MVB,2026-08-10,Automatically extracted from INSP SitRep PDF; validated against total cumulative cases. Rows without dashboard geometry are retained in totals but hidden on the case map. Parsed from vertically rendered table.
2026-08-10,2026-08,Sud-Kivu,Miti-Murhesa,,3,1,,,SitRep N88/MVB,2026-08-10,Automatically extracted from INSP SitRep PDF; validated against total cumulative cases. Rows without dashboard geometry are retained in totals but hidden on the case map. Parsed from vertically rendered table.
2026-08-10,2026-08,Tshopo,Bafwasende,pLBZiohnxFC,1,0,0.5883184495002638,26.679613954245525,SitRep N88/MVB,2026-08-10,Automatically extracted from INSP SitRep PDF; validated against total cumulative cases. Rows without dashboard geometry are retained in totals but hidden on the case map. Parsed from vertically rendered table.
2026-08-10,2026-08,Tshopo,Kabondo,Al5GBxzCgMe,2,1,0.611433901500078,25.36859620730113,SitRep N88/MVB,2026-08-10,Automatically extracted from INSP SitRep PDF; validated against total cumulative cases. Rows without dashboard geometry are retained in totals but hidden on the case map. Parsed from vertically rendered table.
2026-08-10,2026-08,Tshopo,Lubunga,I9d1F9TGn33,1,0,0.4130002195000486,25.10564709446672,SitRep N88/MVB,2026-08-10,Automatically extracted from INSP SitRep PDF; validated against total cumulative cases. Rows without dashboard geometry are retained in totals but hidden on the case map. Parsed from vertically rendered table.
2026-08-10,2026-08,Tshopo,Makiso-Kisangani,,3,3,,,SitRep N88/MVB,2026-08-10,Automatically extracted from INSP SitRep PDF; validated against total cumulative cases. Rows without dashboard geometry are retained in totals but hidden on the case map. Parsed from vertically rendered table.
2026-08-10,2026-08,Tshopo,Mangobo,wOWB7WbNuSN,1,1,0.5399329588970425,25.15236555521503,SitRep N88/MVB,2026-08-10,Automatically extracted from INSP SitRep PDF; validated against total cumulative cases. Rows without dashboard geometry are retained in totals but hidden on the case map. Parsed from vertically rendered table.
2026-08-10,2026-08,Tshopo,Wanie-Rukula,,1,0,,,SitRep N88/MVB,2026-08-10,Automatically extracted from INSP SitRep PDF; validated against total cumulative cases. Rows without dashboard geometry are retained in totals but hidden on the case map. Parsed from vertically rendered table.
2026-08-11,2026-08,Haut-Uele,Boma Mangbetu,qwBasnNFRFW,20,5,2.2351428900001054,27.792917281282055,SitRep N89/MVB,2026-08-11,Automatically extracted from INSP SitRep PDF; validated against total cumulative cases. Rows without dashboard geometry are retained in totals but hidden on the case map. Repaired from a split health-zone name in PDF text extraction.
2026-08-11,2026-08,Haut-Uele,Gombari,h1dItcsoHRw,1,1,2.8324490322969806,29.003074885174172,SitRep N89/MVB,2026-08-11,Automatically extracted from INSP SitRep PDF; validated against total cumulative cases. Rows without dashboard geometry are retained in totals but hidden on the case map. Parsed from vertically rendered table.
2026-08-11,2026-08,Haut-Uele,Isiro,lW6NlTXqGcv,33,18,2.398158594500046,27.318090299264888,SitRep N89/MVB,2026-08-11,Automatically extracted from INSP SitRep PDF; validated against total cumulative cases. Rows without dashboard geometry are retained in totals but hidden on the case map. Parsed from vertically rendered table.
2026-08-11,2026-08,Haut-Uele,Pawa,ZxQY9szHMx5,17,11,2.336214680000097,27.537045107299598,SitRep N89/MVB,2026-08-11,Automatically extracted from INSP SitRep PDF; validated against total cumulative cases. Rows without dashboard geometry are retained in totals but hidden on the case map. Parsed from vertically rendered table.
2026-08-11,2026-08,Haut-Uele,Rungu,EGoMVOvVUAp,1,0,2.8721408758778737,28.04597429304644,SitRep N89/MVB,2026-08-11,Automatically extracted from INSP SitRep PDF; validated against total cumulative cases. Rows without dashboard geometry are retained in totals but hidden on the case map. Parsed from vertically rendered table.
2026-08-11,2026-08,Haut-Uele,Wamba,ET5R8zSN3gm,43,16,2.104064561500138,28.0995466507865,SitRep N89/MVB,2026-08-11,Automatically extracted from INSP SitRep PDF; validated against total cumulative cases. Rows without dashboard geometry are retained in totals but hidden on the case map. Parsed from vertically rendered table.
2026-08-11,2026-08,Ituri,Adja,CLboGR4F3lj,11,1,3.075097472000124,30.475237413395348,SitRep N89/MVB,2026-08-11,Automatically extracted from INSP SitRep PDF; validated against total cumulative cases. Rows without dashboard geometry are retained in totals but hidden on the case map. Parsed from vertically rendered table.
2026-08-11,2026-08,Ituri,Ariwara,fM8IqjhdeyL,7,2,3.1940884310532445,30.693184448654044,SitRep N89/MVB,2026-08-11,Automatically extracted from INSP SitRep PDF; validated against total cumulative cases. Rows without dashboard geometry are retained in totals but hidden on the case map. Parsed from vertically rendered table.
2026-08-11,2026-08,Ituri,Aru,v8PqffapuVl,7,6,2.859042986322321,30.833681049566664,SitRep N89/MVB,2026-08-11,Automatically extracted from INSP SitRep PDF; validated against total cumulative cases. Rows without dashboard geometry are retained in totals but hidden on the case map. Parsed from vertically rendered table.
2026-08-11,2026-08,Ituri,Aungba,DFcltLEKLxj,10,5,2.5670708830760702,30.592536320311343,SitRep N89/MVB,2026-08-11,Automatically extracted from INSP SitRep PDF; validated against total cumulative cases. Rows without dashboard geometry are retained in totals but hidden on the case map. Parsed from vertically rendered table.
2026-08-11,2026-08,Ituri,Bambu,Uc3GqWS8C0w,93,22,1.8633970955000336,30.20627592724413,SitRep N89/MVB,2026-08-11,Automatically extracted from INSP SitRep PDF; validated against total cumulative cases. Rows without dashboard geometry are retained in totals but hidden on the case map. Parsed from vertically rendered table.
2026-08-11,2026-08,Ituri,Boga,rLadlFjzCh7,1,1,0.9822493237397867,30.003461492917513,SitRep N89/MVB,2026-08-11,Automatically extracted from INSP SitRep PDF; validated against total cumulative cases. Rows without dashboard geometry are retained in totals but hidden on the case map. Parsed from vertically rendered table.
2026-08-11,2026-08,Ituri,Bunia,GPi6i83o7l6,1072,329,1.607713140500067,30.282078091482003,SitRep N89/MVB,2026-08-11,Automatically extracted from INSP SitRep PDF; validated against total cumulative cases. Rows without dashboard geometry are retained in totals but hidden on the case map. Parsed from vertically rendered table.
2026-08-11,2026-08,Ituri,Damas,ApdB8z3Wrxt,20,9,2.1976361605001387,30.229346408586434,SitRep N89/MVB,2026-08-11,Automatically extracted from INSP SitRep PDF; validated against total cumulative cases. Rows without dashboard geometry are retained in totals but hidden on the case map. Parsed from vertically rendered table.
2026-08-11,2026-08,Ituri,Drodro,OIhgsXcZf6x,12,6,1.7484347510000475,30.586912835820826,SitRep N89/MVB,2026-08-11,Automatically extracted from INSP SitRep PDF; validated against total cumulative cases. Rows without dashboard geometry are retained in totals but hidden on the case map. Parsed from vertically rendered table.
2026-08-11,2026-08,Ituri,Fataki,FDNwbfrJhkA,55,29,1.9004797405000886,30.565348794325672,SitRep N89/MVB,2026-08-11,Automatically extracted from INSP SitRep PDF; validated against total cumulative cases. Rows without dashboard geometry are retained in totals but hidden on the case map. Parsed from vertically rendered table.
2026-08-11,2026-08,Ituri,Gety,X8zFJ7DJlRD,2,1,1.253148786140514,30.189368117956285,SitRep N89/MVB,2026-08-11,Automatically extracted from INSP SitRep PDF; validated against total cumulative cases. Rows without dashboard geometry are retained in totals but hidden on the case map. Parsed from vertically rendered table.
2026-08-11,2026-08,Ituri,Kambala,SkEKQLSulmp,2,0,2.313255370000064,30.547371294734642,SitRep N89/MVB,2026-08-11,Automatically extracted from INSP SitRep PDF; validated against total cumulative cases. Rows without dashboard geometry are retained in totals but hidden on the case map. Parsed from vertically rendered table.
2026-08-11,2026-08,Ituri,Kilo,sbyWSsdZ3tj,30,12,1.7598275375000298,30.080701985660504,SitRep N89/MVB,2026-08-11,Automatically extracted from INSP SitRep PDF; validated against total cumulative cases. Rows without dashboard geometry are retained in totals but hidden on the case map. Parsed from vertically rendered table.
2026-08-11,2026-08,Ituri,Komanda,i2mtQy4nTmD,42,29,1.1261791000000585,29.62557262065517,SitRep N89/MVB,2026-08-11,Automatically extracted from INSP SitRep PDF; validated against total cumulative cases. Rows without dashboard geometry are retained in totals but hidden on the case map. Parsed from vertically rendered table.
2026-08-11,2026-08,Ituri,Lita,xGWcGHazqtw,169,97,1.588332974500048,30.38710948970807,SitRep N89/MVB,2026-08-11,Automatically extracted from INSP SitRep PDF; validated against total cumulative cases. Rows without dashboard geometry are retained in totals but hidden on the case map. Parsed from vertically rendered table.
2026-08-11,2026-08,Ituri,Logo,qqGoQGSp1Dw,11,5,2.155727226000039,30.877556277526388,SitRep N89/MVB,2026-08-11,Automatically extracted from INSP SitRep PDF; validated against total cumulative cases. Rows without dashboard geometry are retained in totals but hidden on the case map. Parsed from vertically rendered table.
2026-08-11,2026-08,Ituri,Lolwa,xp3Y1OXHZLj,11,4,1.4666692450000482,29.46470993607435,SitRep N89/MVB,2026-08-11,Automatically extracted from INSP SitRep PDF; validated against total cumulative cases. Rows without dashboard geometry are retained in totals but hidden on the case map. Parsed from vertically rendered table.
2026-08-11,2026-08,Ituri,Mahagi,seNn0NUsKYn,4,1,2.3021508495800296,30.865062342480392,SitRep N89/MVB,2026-08-11,Automatically extracted from INSP SitRep PDF; validated against total cumulative cases. Rows without dashboard geometry are retained in totals but hidden on the case map. Parsed from vertically rendered table.
2026-08-11,2026-08,Ituri,Mambasa,RjHZChl5gJQ,13,6,1.4290391459577108,28.62314089055854,SitRep N89/MVB,2026-08-11,Automatically extracted from INSP SitRep PDF; validated against total cumulative cases. Rows without dashboard geometry are retained in totals but hidden on the case map. Parsed from vertically rendered table.
2026-08-11,2026-08,Ituri,Mandima,YpXUkTbtAPA,19,13,0.9848691425853815,29.17200687013976,SitRep N89/MVB,2026-08-11,Automatically extracted from INSP SitRep PDF; validated against total cumulative cases. Rows without dashboard geometry are retained in totals but hidden on the case map. Parsed from vertically rendered table.
2026-08-11,2026-08,Ituri,Mangala,,120,76,,,SitRep N89/MVB,2026-08-11,Automatically extracted from INSP SitRep PDF; validated against total cumulative cases. Rows without dashboard geometry are retained in totals but hidden on the case map. Parsed from vertically rendered table.
2026-08-11,2026-08,Ituri,Mongbwalu,nv8tx681Gjd,579,281,2.1202041400000837,29.46395014319073,SitRep N89/MVB,2026-08-11,Automatically extracted from INSP SitRep PDF; validated against total cumulative cases. Rows without dashboard geometry are retained in totals but hidden on the case map. Parsed from vertically rendered table.
2026-08-11,2026-08,Ituri,Nia-Nia,,146,87,,,SitRep N89/MVB,2026-08-11,Automatically extracted from INSP SitRep PDF; validated against total cumulative cases. Rows without dashboard geometry are retained in totals but hidden on the case map. Parsed from vertically rendered table.
2026-08-11,2026-08,Ituri,Nizi,TCE5waEW7Fi,502,231,1.7491092545000129,30.29386589242562,SitRep N89/MVB,2026-08-11,Automatically extracted from INSP SitRep PDF; validated against total cumulative cases. Rows without dashboard geometry are retained in totals but hidden on the case map. Parsed from vertically rendered table.
2026-08-11,2026-08,Ituri,Nyankunde,mGTaa8TFifO,117,35,1.4866449679154434,29.933917392135683,SitRep N89/MVB,2026-08-11,Automatically extracted from INSP SitRep PDF; validated against total cumulative cases. Rows without dashboard geometry are retained in totals but hidden on the case map. Parsed from vertically rendered table.
2026-08-11,2026-08,Ituri,Rimba,a2aJcbwnjoK,9,4,2.2214134000000456,30.706000954123333,SitRep N89/MVB,2026-08-11,Automatically extracted from INSP SitRep PDF; validated against total cumulative cases. Rows without dashboard geometry are retained in totals but hidden on the case map. Parsed from vertically rendered table.
2026-08-11,2026-08,Ituri,Rwampara,vPxN2nZnBXK,800,316,1.5710652340000308,30.08327315923981,SitRep N89/MVB,2026-08-11,Automatically extracted from INSP SitRep PDF; validated against total cumulative cases. Rows without dashboard geometry are retained in totals but hidden on the case map. Parsed from vertically rendered table.
2026-08-11,2026-08,Ituri,Tchomia,rhj4btTd3i0,48,24,1.5216207475000374,30.468986199294,SitRep N89/MVB,2026-08-11,Automatically extracted from INSP SitRep PDF; validated against total cumulative cases. Rows without dashboard geometry are retained in totals but hidden on the case map. Parsed from vertically rendered table.
2026-08-11,2026-08,Nord-Kivu,Beni,msg2MyMGhKv,80,62,0.49317124866695505,29.51358389763662,SitRep N89/MVB,2026-08-11,Automatically extracted from INSP SitRep PDF; validated against total cumulative cases. Rows without dashboard geometry are retained in totals but hidden on the case map. Parsed from vertically rendered table.
2026-08-11,2026-08,Nord-Kivu,Butembo,foR0DRLqtdJ,105,86,0.14653425000037146,29.251277502423125,SitRep N89/MVB,2026-08-11,Automatically extracted from INSP SitRep PDF; validated against total cumulative cases. Rows without dashboard geometry are retained in totals but hidden on the case map. Parsed from vertically rendered table.
2026-08-11,2026-08,Nord-Kivu,Goma,t8tjGKVhkl3,1,0,-1.6528676989999553,29.17826328304752,SitRep N89/MVB,2026-08-11,Automatically extracted from INSP SitRep PDF; validated against total cumulative cases. Rows without dashboard geometry are retained in totals but hidden on the case map. Parsed from vertically rendered table.
2026-08-11,2026-08,Nord-Kivu,Kalunguta,XoJ3dLz68aj,10,4,0.32661665000009066,29.346222520686638,SitRep N89/MVB,2026-08-11,Automatically extracted from INSP SitRep PDF; validated against total cumulative cases. Rows without dashboard geometry are retained in totals but hidden on the case map. Parsed from vertically rendered table.
2026-08-11,2026-08,Nord-Kivu,Katwa,woJBeEpIZdy,249,166,0.1198993135112445,29.32416416638681,SitRep N89/MVB,2026-08-11,Automatically extracted from INSP SitRep PDF; validated against total cumulative cases. Rows without dashboard geometry are retained in totals but hidden on the case map. Parsed from vertically rendered table.
2026-08-11,2026-08,Nord-Kivu,Kyondo,amGiV9h9C2I,13,10,0.01326616194717092,29.504202701174762,SitRep N89/MVB,2026-08-11,Automatically extracted from INSP SitRep PDF; validated against total cumulative cases. Rows without dashboard geometry are retained in totals but hidden on the case map. Parsed from vertically rendered table.
2026-08-11,2026-08,Nord-Kivu,Lubero,oTtGHeQSotN,1,1,-0.2711820729999488,29.337473243936046,SitRep N89/MVB,2026-08-11,Automatically extracted from INSP SitRep PDF; validated against total cumulative cases. Rows without dashboard geometry are retained in totals but hidden on the case map. Parsed from vertically rendered table.
2026-08-11,2026-08,Nord-Kivu,Mabalako,svtAZQ9nVl0,1,0,0.5045215710000548,29.193929599486516,SitRep N89/MVB,2026-08-11,Automatically extracted from INSP SitRep PDF; validated against total cumulative cases. Rows without dashboard geometry are retained in totals but hidden on the case map. Parsed from vertically rendered table.
2026-08-11,2026-08,Nord-Kivu,Masereka,kQCMPbHKQ93,7,4,-0.10927556649997427,29.327512197678764,SitRep N89/MVB,2026-08-11,Automatically extracted from INSP SitRep PDF; validated against total cumulative cases. Rows without dashboard geometry are retained in totals but hidden on the case map. Parsed from vertically rendered table.
2026-08-11,2026-08,Nord-Kivu,Musienene,VooLsNf0dDB,53,31,0.07251365900023643,28.353275181121674,SitRep N89/MVB,2026-08-11,Automatically extracted from INSP SitRep PDF; validated against total cumulative cases. Rows without dashboard geometry are retained in totals but hidden on the case map. Parsed from vertically rendered table.
2026-08-11,2026-08,Nord-Kivu,Oicha,zOOAshOz4Cz,5,4,0.7639879778753311,29.547044823759116,SitRep N89/MVB,2026-08-11,Automatically extracted from INSP SitRep PDF; validated against total cumulative cases. Rows without dashboard geometry are retained in totals but hidden on the case map. Parsed from vertically rendered table.
2026-08-11,2026-08,Nord-Kivu,Vuhovi,,3,1,,,SitRep N89/MVB,2026-08-11,Automatically extracted from INSP SitRep PDF; validated against total cumulative cases. Rows without dashboard geometry are retained in totals but hidden on the case map. Parsed from vertically rendered table.
2026-08-11,2026-08,Sud-Kivu,Miti-Murhesa,,3,1,,,SitRep N89/MVB,2026-08-11,Automatically extracted from INSP SitRep PDF; validated against total cumulative cases. Rows without dashboard geometry are retained in totals but hidden on the case map. Parsed from vertically rendered table.
2026-08-11,2026-08,Tshopo,Bafwasende,pLBZiohnxFC,1,0,0.5883184495002638,26.679613954245525,SitRep N89/MVB,2026-08-11,Automatically extracted from INSP SitRep PDF; validated against total cumulative cases. Rows without dashboard geometry are retained in totals but hidden on the case map. Parsed from vertically rendered table.
2026-08-11,2026-08,Tshopo,Kabondo,Al5GBxzCgMe,2,1,0.611433901500078,25.36859620730113,SitRep N89/MVB,2026-08-11,Automatically extracted from INSP SitRep PDF; validated against total cumulative cases. Rows without dashboard geometry are retained in totals but hidden on the case map. Parsed from vertically rendered table.
2026-08-11,2026-08,Tshopo,Lubunga,I9d1F9TGn33,1,0,0.4130002195000486,25.10564709446672,SitRep N89/MVB,2026-08-11,Automatically extracted from INSP SitRep PDF; validated against total cumulative cases. Rows without dashboard geometry are retained in totals but hidden on the case map. Parsed from vertically rendered table.
2026-08-11,2026-08,Tshopo,Makiso-Kisangani,,3,3,,,SitRep N89/MVB,2026-08-11,Automatically extracted from INSP SitRep PDF; validated against total cumulative cases. Rows without dashboard geometry are retained in totals but hidden on the case map. Repaired from a split health-zone name in PDF text extraction.
2026-08-11,2026-08,Tshopo,Mangobo,wOWB7WbNuSN,1,1,0.5399329588970425,25.15236555521503,SitRep N89/MVB,2026-08-11,Automatically extracted from INSP SitRep PDF; validated against total cumulative cases. Rows without dashboard geometry are retained in totals but hidden on the case map. Parsed from vertically rendered table.
2026-08-11,2026-08,Tshopo,Wanie-Rukula,,1,0,,,SitRep N89/MVB,2026-08-11,Automatically extracted from INSP SitRep PDF; validated against total cumulative cases. Rows without dashboard geometry are retained in totals but hidden on the case map. Parsed from vertically rendered table.
2026-08-12,2026-08,Bas-Uele,Buta,pggZxV6O3iF,1,1,2.8350074602528936,25.201793052528068,SitRep N90/MVB,2026-08-12,Automatically extracted from INSP SitRep PDF; validated against total cumulative cases. Rows without dashboard geometry are retained in totals but hidden on the case map. Parsed from vertically rendered table.
2026-08-12,2026-08,Haut-Uele,Boma Mangbetu,qwBasnNFRFW,22,5,2.2351428900001054,27.792917281282055,SitRep N90/MVB,2026-08-12,Automatically extracted from INSP SitRep PDF; validated against total cumulative cases. Rows without dashboard geometry are retained in totals but hidden on the case map. Repaired from a split health-zone name in PDF text extraction.
2026-08-12,2026-08,Haut-Uele,Gombari,h1dItcsoHRw,1,1,2.8324490322969806,29.003074885174172,SitRep N90/MVB,2026-08-12,Automatically extracted from INSP SitRep PDF; validated against total cumulative cases. Rows without dashboard geometry are retained in totals but hidden on the case map. Parsed from vertically rendered table.
2026-08-12,2026-08,Haut-Uele,Isiro,lW6NlTXqGcv,37,19,2.398158594500046,27.318090299264888,SitRep N90/MVB,2026-08-12,Automatically extracted from INSP SitRep PDF; validated against total cumulative cases. Rows without dashboard geometry are retained in totals but hidden on the case map. Parsed from vertically rendered table.
2026-08-12,2026-08,Haut-Uele,Pawa,ZxQY9szHMx5,17,14,2.336214680000097,27.537045107299598,SitRep N90/MVB,2026-08-12,Automatically extracted from INSP SitRep PDF; validated against total cumulative cases. Rows without dashboard geometry are retained in totals but hidden on the case map. Parsed from vertically rendered table.
2026-08-12,2026-08,Haut-Uele,Rungu,EGoMVOvVUAp,1,0,2.8721408758778737,28.04597429304644,SitRep N90/MVB,2026-08-12,Automatically extracted from INSP SitRep PDF; validated against total cumulative cases. Rows without dashboard geometry are retained in totals but hidden on the case map. Parsed from vertically rendered table.
2026-08-12,2026-08,Haut-Uele,Wamba,ET5R8zSN3gm,41,16,2.104064561500138,28.0995466507865,SitRep N90/MVB,2026-08-12,Automatically extracted from INSP SitRep PDF; validated against total cumulative cases. Rows without dashboard geometry are retained in totals but hidden on the case map. Parsed from vertically rendered table.
2026-08-12,2026-08,Ituri,Adja,CLboGR4F3lj,11,1,3.075097472000124,30.475237413395348,SitRep N90/MVB,2026-08-12,Automatically extracted from INSP SitRep PDF; validated against total cumulative cases. Rows without dashboard geometry are retained in totals but hidden on the case map. Parsed from vertically rendered table.
2026-08-12,2026-08,Ituri,Ariwara,fM8IqjhdeyL,7,2,3.1940884310532445,30.693184448654044,SitRep N90/MVB,2026-08-12,Automatically extracted from INSP SitRep PDF; validated against total cumulative cases. Rows without dashboard geometry are retained in totals but hidden on the case map. Parsed from vertically rendered table.
2026-08-12,2026-08,Ituri,Aru,v8PqffapuVl,7,6,2.859042986322321,30.833681049566664,SitRep N90/MVB,2026-08-12,Automatically extracted from INSP SitRep PDF; validated against total cumulative cases. Rows without dashboard geometry are retained in totals but hidden on the case map. Parsed from vertically rendered table.
2026-08-12,2026-08,Ituri,Aungba,DFcltLEKLxj,10,5,2.5670708830760702,30.592536320311343,SitRep N90/MVB,2026-08-12,Automatically extracted from INSP SitRep PDF; validated against total cumulative cases. Rows without dashboard geometry are retained in totals but hidden on the case map. Parsed from vertically rendered table.
2026-08-12,2026-08,Ituri,Bambu,Uc3GqWS8C0w,93,22,1.8633970955000336,30.20627592724413,SitRep N90/MVB,2026-08-12,Automatically extracted from INSP SitRep PDF; validated against total cumulative cases. Rows without dashboard geometry are retained in totals but hidden on the case map. Parsed from vertically rendered table.
2026-08-12,2026-08,Ituri,Boga,rLadlFjzCh7,1,1,0.9822493237397867,30.003461492917513,SitRep N90/MVB,2026-08-12,Automatically extracted from INSP SitRep PDF; validated against total cumulative cases. Rows without dashboard geometry are retained in totals but hidden on the case map. Parsed from vertically rendered table.
2026-08-12,2026-08,Ituri,Bunia,GPi6i83o7l6,1095,333,1.607713140500067,30.282078091482003,SitRep N90/MVB,2026-08-12,Automatically extracted from INSP SitRep PDF; validated against total cumulative cases. Rows without dashboard geometry are retained in totals but hidden on the case map. Parsed from vertically rendered table.
2026-08-12,2026-08,Ituri,Damas,ApdB8z3Wrxt,21,9,2.1976361605001387,30.229346408586434,SitRep N90/MVB,2026-08-12,Automatically extracted from INSP SitRep PDF; validated against total cumulative cases. Rows without dashboard geometry are retained in totals but hidden on the case map. Parsed from vertically rendered table.
2026-08-12,2026-08,Ituri,Drodro,OIhgsXcZf6x,13,6,1.7484347510000475,30.586912835820826,SitRep N90/MVB,2026-08-12,Automatically extracted from INSP SitRep PDF; validated against total cumulative cases. Rows without dashboard geometry are retained in totals but hidden on the case map. Parsed from vertically rendered table.
2026-08-12,2026-08,Ituri,Fataki,FDNwbfrJhkA,59,30,1.9004797405000886,30.565348794325672,SitRep N90/MVB,2026-08-12,Automatically extracted from INSP SitRep PDF; validated against total cumulative cases. Rows without dashboard geometry are retained in totals but hidden on the case map. Parsed from vertically rendered table.
2026-08-12,2026-08,Ituri,Gety,X8zFJ7DJlRD,2,1,1.253148786140514,30.189368117956285,SitRep N90/MVB,2026-08-12,Automatically extracted from INSP SitRep PDF; validated against total cumulative cases. Rows without dashboard geometry are retained in totals but hidden on the case map. Parsed from vertically rendered table.
2026-08-12,2026-08,Ituri,Kambala,SkEKQLSulmp,2,0,2.313255370000064,30.547371294734642,SitRep N90/MVB,2026-08-12,Automatically extracted from INSP SitRep PDF; validated against total cumulative cases. Rows without dashboard geometry are retained in totals but hidden on the case map. Parsed from vertically rendered table.
2026-08-12,2026-08,Ituri,Kilo,sbyWSsdZ3tj,30,12,1.7598275375000298,30.080701985660504,SitRep N90/MVB,2026-08-12,Automatically extracted from INSP SitRep PDF; validated against total cumulative cases. Rows without dashboard geometry are retained in totals but hidden on the case map. Parsed from vertically rendered table.
2026-08-12,2026-08,Ituri,Komanda,i2mtQy4nTmD,42,29,1.1261791000000585,29.62557262065517,SitRep N90/MVB,2026-08-12,Automatically extracted from INSP SitRep PDF; validated against total cumulative cases. Rows without dashboard geometry are retained in totals but hidden on the case map. Parsed from vertically rendered table.
2026-08-12,2026-08,Ituri,Lita,xGWcGHazqtw,169,97,1.588332974500048,30.38710948970807,SitRep N90/MVB,2026-08-12,Automatically extracted from INSP SitRep PDF; validated against total cumulative cases. Rows without dashboard geometry are retained in totals but hidden on the case map. Parsed from vertically rendered table.
2026-08-12,2026-08,Ituri,Logo,qqGoQGSp1Dw,11,5,2.155727226000039,30.877556277526388,SitRep N90/MVB,2026-08-12,Automatically extracted from INSP SitRep PDF; validated against total cumulative cases. Rows without dashboard geometry are retained in totals but hidden on the case map. Parsed from vertically rendered table.
2026-08-12,2026-08,Ituri,Lolwa,xp3Y1OXHZLj,14,4,1.4666692450000482,29.46470993607435,SitRep N90/MVB,2026-08-12,Automatically extracted from INSP SitRep PDF; validated against total cumulative cases. Rows without dashboard geometry are retained in totals but hidden on the case map. Parsed from vertically rendered table.
2026-08-12,2026-08,Ituri,Mahagi,seNn0NUsKYn,4,1,2.3021508495800296,30.865062342480392,SitRep N90/MVB,2026-08-12,Automatically extracted from INSP SitRep PDF; validated against total cumulative cases. Rows without dashboard geometry are retained in totals but hidden on the case map. Parsed from vertically rendered table.
2026-08-12,2026-08,Ituri,Mambasa,RjHZChl5gJQ,13,6,1.4290391459577108,28.62314089055854,SitRep N90/MVB,2026-08-12,Automatically extracted from INSP SitRep PDF; validated against total cumulative cases. Rows without dashboard geometry are retained in totals but hidden on the case map. Parsed from vertically rendered table.
2026-08-12,2026-08,Ituri,Mandima,YpXUkTbtAPA,19,13,0.9848691425853815,29.17200687013976,SitRep N90/MVB,2026-08-12,Automatically extracted from INSP SitRep PDF; validated against total cumulative cases. Rows without dashboard geometry are retained in totals but hidden on the case map. Parsed from vertically rendered table.
2026-08-12,2026-08,Ituri,Mangala,,122,76,,,SitRep N90/MVB,2026-08-12,Automatically extracted from INSP SitRep PDF; validated against total cumulative cases. Rows without dashboard geometry are retained in totals but hidden on the case map. Parsed from vertically rendered table.
2026-08-12,2026-08,Ituri,Mongbwalu,nv8tx681Gjd,581,282,2.1202041400000837,29.46395014319073,SitRep N90/MVB,2026-08-12,Automatically extracted from INSP SitRep PDF; validated against total cumulative cases. Rows without dashboard geometry are retained in totals but hidden on the case map. Parsed from vertically rendered table.
2026-08-12,2026-08,Ituri,Nia-Nia,,151,88,,,SitRep N90/MVB,2026-08-12,Automatically extracted from INSP SitRep PDF; validated against total cumulative cases. Rows without dashboard geometry are retained in totals but hidden on the case map. Parsed from vertically rendered table.
2026-08-12,2026-08,Ituri,Nizi,TCE5waEW7Fi,509,231,1.7491092545000129,30.29386589242562,SitRep N90/MVB,2026-08-12,Automatically extracted from INSP SitRep PDF; validated against total cumulative cases. Rows without dashboard geometry are retained in totals but hidden on the case map. Parsed from vertically rendered table.
2026-08-12,2026-08,Ituri,Nyankunde,mGTaa8TFifO,118,35,1.4866449679154434,29.933917392135683,SitRep N90/MVB,2026-08-12,Automatically extracted from INSP SitRep PDF; validated against total cumulative cases. Rows without dashboard geometry are retained in totals but hidden on the case map. Parsed from vertically rendered table.
2026-08-12,2026-08,Ituri,Rimba,a2aJcbwnjoK,9,4,2.2214134000000456,30.706000954123333,SitRep N90/MVB,2026-08-12,Automatically extracted from INSP SitRep PDF; validated against total cumulative cases. Rows without dashboard geometry are retained in totals but hidden on the case map. Parsed from vertically rendered table.
2026-08-12,2026-08,Ituri,Rwampara,vPxN2nZnBXK,818,319,1.5710652340000308,30.08327315923981,SitRep N90/MVB,2026-08-12,Automatically extracted from INSP SitRep PDF; validated against total cumulative cases. Rows without dashboard geometry are retained in totals but hidden on the case map. Parsed from vertically rendered table.
2026-08-12,2026-08,Ituri,Tchomia,rhj4btTd3i0,48,24,1.5216207475000374,30.468986199294,SitRep N90/MVB,2026-08-12,Automatically extracted from INSP SitRep PDF; validated against total cumulative cases. Rows without dashboard geometry are retained in totals but hidden on the case map. Parsed from vertically rendered table.
2026-08-12,2026-08,Nord-Kivu,Beni,msg2MyMGhKv,85,65,0.49317124866695505,29.51358389763662,SitRep N90/MVB,2026-08-12,Automatically extracted from INSP SitRep PDF; validated against total cumulative cases. Rows without dashboard geometry are retained in totals but hidden on the case map. Parsed from vertically rendered table.
2026-08-12,2026-08,Nord-Kivu,Butembo,foR0DRLqtdJ,107,91,0.14653425000037146,29.251277502423125,SitRep N90/MVB,2026-08-12,Automatically extracted from INSP SitRep PDF; validated against total cumulative cases. Rows without dashboard geometry are retained in totals but hidden on the case map. Parsed from vertically rendered table.
2026-08-12,2026-08,Nord-Kivu,Goma,t8tjGKVhkl3,1,0,-1.6528676989999553,29.17826328304752,SitRep N90/MVB,2026-08-12,Automatically extracted from INSP SitRep PDF; validated against total cumulative cases. Rows without dashboard geometry are retained in totals but hidden on the case map. Parsed from vertically rendered table.
2026-08-12,2026-08,Nord-Kivu,Kalunguta,XoJ3dLz68aj,10,4,0.32661665000009066,29.346222520686638,SitRep N90/MVB,2026-08-12,Automatically extracted from INSP SitRep PDF; validated against total cumulative cases. Rows without dashboard geometry are retained in totals but hidden on the case map. Parsed from vertically rendered table.
2026-08-12,2026-08,Nord-Kivu,Katwa,woJBeEpIZdy,262,180,0.1198993135112445,29.32416416638681,SitRep N90/MVB,2026-08-12,Automatically extracted from INSP SitRep PDF; validated against total cumulative cases. Rows without dashboard geometry are retained in totals but hidden on the case map. Parsed from vertically rendered table.
2026-08-12,2026-08,Nord-Kivu,Kyondo,amGiV9h9C2I,14,12,0.01326616194717092,29.504202701174762,SitRep N90/MVB,2026-08-12,Automatically extracted from INSP SitRep PDF; validated against total cumulative cases. Rows without dashboard geometry are retained in totals but hidden on the case map. Parsed from vertically rendered table.
2026-08-12,2026-08,Nord-Kivu,Lubero,oTtGHeQSotN,1,1,-0.2711820729999488,29.337473243936046,SitRep N90/MVB,2026-08-12,Automatically extracted from INSP SitRep PDF; validated against total cumulative cases. Rows without dashboard geometry are retained in totals but hidden on the case map. Parsed from vertically rendered table.
2026-08-12,2026-08,Nord-Kivu,Mabalako,svtAZQ9nVl0,2,1,0.5045215710000548,29.193929599486516,SitRep N90/MVB,2026-08-12,Automatically extracted from INSP SitRep PDF; validated against total cumulative cases. Rows without dashboard geometry are retained in totals but hidden on the case map. Parsed from vertically rendered table.
2026-08-12,2026-08,Nord-Kivu,Masereka,kQCMPbHKQ93,7,4,-0.10927556649997427,29.327512197678764,SitRep N90/MVB,2026-08-12,Automatically extracted from INSP SitRep PDF; validated against total cumulative cases. Rows without dashboard geometry are retained in totals but hidden on the case map. Parsed from vertically rendered table.
2026-08-12,2026-08,Nord-Kivu,Musienene,VooLsNf0dDB,55,32,0.07251365900023643,28.353275181121674,SitRep N90/MVB,2026-08-12,Automatically extracted from INSP SitRep PDF; validated against total cumulative cases. Rows without dashboard geometry are retained in totals but hidden on the case map. Parsed from vertically rendered table.
2026-08-12,2026-08,Nord-Kivu,Oicha,zOOAshOz4Cz,5,4,0.7639879778753311,29.547044823759116,SitRep N90/MVB,2026-08-12,Automatically extracted from INSP SitRep PDF; validated against total cumulative cases. Rows without dashboard geometry are retained in totals but hidden on the case map. Parsed from vertically rendered table.
2026-08-12,2026-08,Nord-Kivu,Vuhovi,,4,1,,,SitRep N90/MVB,2026-08-12,Automatically extracted from INSP SitRep PDF; validated against total cumulative cases. Rows without dashboard geometry are retained in totals but hidden on the case map. Parsed from vertically rendered table.
2026-08-12,2026-08,Sud-Kivu,Miti-Murhesa,,3,1,,,SitRep N90/MVB,2026-08-12,Automatically extracted from INSP SitRep PDF; validated against total cumulative cases. Rows without dashboard geometry are retained in totals but hidden on the case map. Parsed from vertically rendered table.
2026-08-12,2026-08,Tshopo,Bafwasende,pLBZiohnxFC,1,0,0.5883184495002638,26.679613954245525,SitRep N90/MVB,2026-08-12,Automatically extracted from INSP SitRep PDF; validated against total cumulative cases. Rows without dashboard geometry are retained in totals but hidden on the case map. Parsed from vertically rendered table.
2026-08-12,2026-08,Tshopo,Kabondo,Al5GBxzCgMe,3,2,0.611433901500078,25.36859620730113,SitRep N90/MVB,2026-08-12,Automatically extracted from INSP SitRep PDF; validated against total cumulative cases. Rows without dashboard geometry are retained in totals but hidden on the case map. Parsed from vertically rendered table.
2026-08-12,2026-08,Tshopo,Lubunga,I9d1F9TGn33,1,0,0.4130002195000486,25.10564709446672,SitRep N90/MVB,2026-08-12,Automatically extracted from INSP SitRep PDF; validated against total cumulative cases. Rows without dashboard geometry are retained in totals but hidden on the case map. Parsed from vertically rendered table.
2026-08-12,2026-08,Tshopo,Makiso-Kisangani,,3,3,,,SitRep N90/MVB,2026-08-12,Automatically extracted from INSP SitRep PDF; validated against total cumulative cases. Rows without dashboard geometry are retained in totals but hidden on the case map. Repaired from a split health-zone name in PDF text extraction.
2026-08-12,2026-08,Tshopo,Mangobo,wOWB7WbNuSN,1,1,0.5399329588970425,25.15236555521503,SitRep N90/MVB,2026-08-12,Automatically extracted from INSP SitRep PDF; validated against total cumulative cases. Rows without dashboard geometry are retained in totals but hidden on the case map. Parsed from vertically rendered table.
2026-08-12,2026-08,Tshopo,Wanie-Rukula,,1,0,,,SitRep N90/MVB,2026-08-12,Automatically extracted from INSP SitRep PDF; validated against total cumulative cases. Rows without dashboard geometry are retained in totals but hidden on the case map. Parsed from vertically rendered table.
2026-08-13,2026-08,Bas-Uele,Buta,pggZxV6O3iF,1,1,2.8350074602528936,25.201793052528068,SitRep N91/MVB,2026-08-13,Automatically extracted from INSP SitRep PDF; validated against total cumulative cases. Rows without dashboard geometry are retained in totals but hidden on the case map. Parsed from vertically rendered table.
2026-08-13,2026-08,Haut-Uele,Boma Mangbetu,qwBasnNFRFW,22,6,2.2351428900001054,27.792917281282055,SitRep N91/MVB,2026-08-13,Automatically extracted from INSP SitRep PDF; validated against total cumulative cases. Rows without dashboard geometry are retained in totals but hidden on the case map. Repaired from a split health-zone name in PDF text extraction.
2026-08-13,2026-08,Haut-Uele,Gombari,h1dItcsoHRw,1,1,2.8324490322969806,29.003074885174172,SitRep N91/MVB,2026-08-13,Automatically extracted from INSP SitRep PDF; validated against total cumulative cases. Rows without dashboard geometry are retained in totals but hidden on the case map. Parsed from vertically rendered table.
2026-08-13,2026-08,Haut-Uele,Isiro,lW6NlTXqGcv,39,19,2.398158594500046,27.318090299264888,SitRep N91/MVB,2026-08-13,Automatically extracted from INSP SitRep PDF; validated against total cumulative cases. Rows without dashboard geometry are retained in totals but hidden on the case map. Parsed from vertically rendered table.
2026-08-13,2026-08,Haut-Uele,Pawa,ZxQY9szHMx5,19,14,2.336214680000097,27.537045107299598,SitRep N91/MVB,2026-08-13,Automatically extracted from INSP SitRep PDF; validated against total cumulative cases. Rows without dashboard geometry are retained in totals but hidden on the case map. Parsed from vertically rendered table.
2026-08-13,2026-08,Haut-Uele,Rungu,EGoMVOvVUAp,1,0,2.8721408758778737,28.04597429304644,SitRep N91/MVB,2026-08-13,Automatically extracted from INSP SitRep PDF; validated against total cumulative cases. Rows without dashboard geometry are retained in totals but hidden on the case map. Parsed from vertically rendered table.
2026-08-13,2026-08,Haut-Uele,Wamba,ET5R8zSN3gm,41,17,2.104064561500138,28.0995466507865,SitRep N91/MVB,2026-08-13,Automatically extracted from INSP SitRep PDF; validated against total cumulative cases. Rows without dashboard geometry are retained in totals but hidden on the case map. Parsed from vertically rendered table.
2026-08-13,2026-08,Ituri,Adja,CLboGR4F3lj,11,1,3.075097472000124,30.475237413395348,SitRep N91/MVB,2026-08-13,Automatically extracted from INSP SitRep PDF; validated against total cumulative cases. Rows without dashboard geometry are retained in totals but hidden on the case map. Parsed from vertically rendered table.
2026-08-13,2026-08,Ituri,Ariwara,fM8IqjhdeyL,7,2,3.1940884310532445,30.693184448654044,SitRep N91/MVB,2026-08-13,Automatically extracted from INSP SitRep PDF; validated against total cumulative cases. Rows without dashboard geometry are retained in totals but hidden on the case map. Parsed from vertically rendered table.
2026-08-13,2026-08,Ituri,Aru,v8PqffapuVl,7,6,2.859042986322321,30.833681049566664,SitRep N91/MVB,2026-08-13,Automatically extracted from INSP SitRep PDF; validated against total cumulative cases. Rows without dashboard geometry are retained in totals but hidden on the case map. Parsed from vertically rendered table.
2026-08-13,2026-08,Ituri,Aungba,DFcltLEKLxj,10,5,2.5670708830760702,30.592536320311343,SitRep N91/MVB,2026-08-13,Automatically extracted from INSP SitRep PDF; validated against total cumulative cases. Rows without dashboard geometry are retained in totals but hidden on the case map. Parsed from vertically rendered table.
2026-08-13,2026-08,Ituri,Bambu,Uc3GqWS8C0w,104,22,1.8633970955000336,30.20627592724413,SitRep N91/MVB,2026-08-13,Automatically extracted from INSP SitRep PDF; validated against total cumulative cases. Rows without dashboard geometry are retained in totals but hidden on the case map. Parsed from vertically rendered table.
2026-08-13,2026-08,Ituri,Boga,rLadlFjzCh7,1,1,0.9822493237397867,30.003461492917513,SitRep N91/MVB,2026-08-13,Automatically extracted from INSP SitRep PDF; validated against total cumulative cases. Rows without dashboard geometry are retained in totals but hidden on the case map. Parsed from vertically rendered table.
2026-08-13,2026-08,Ituri,Bunia,GPi6i83o7l6,1100,333,1.607713140500067,30.282078091482003,SitRep N91/MVB,2026-08-13,Automatically extracted from INSP SitRep PDF; validated against total cumulative cases. Rows without dashboard geometry are retained in totals but hidden on the case map. Parsed from vertically rendered table.
2026-08-13,2026-08,Ituri,Damas,ApdB8z3Wrxt,21,9,2.1976361605001387,30.229346408586434,SitRep N91/MVB,2026-08-13,Automatically extracted from INSP SitRep PDF; validated against total cumulative cases. Rows without dashboard geometry are retained in totals but hidden on the case map. Parsed from vertically rendered table.
2026-08-13,2026-08,Ituri,Drodro,OIhgsXcZf6x,13,6,1.7484347510000475,30.586912835820826,SitRep N91/MVB,2026-08-13,Automatically extracted from INSP SitRep PDF; validated against total cumulative cases. Rows without dashboard geometry are retained in totals but hidden on the case map. Parsed from vertically rendered table.
2026-08-13,2026-08,Ituri,Fataki,FDNwbfrJhkA,62,30,1.9004797405000886,30.565348794325672,SitRep N91/MVB,2026-08-13,Automatically extracted from INSP SitRep PDF; validated against total cumulative cases. Rows without dashboard geometry are retained in totals but hidden on the case map. Parsed from vertically rendered table.
2026-08-13,2026-08,Ituri,Gety,X8zFJ7DJlRD,2,1,1.253148786140514,30.189368117956285,SitRep N91/MVB,2026-08-13,Automatically extracted from INSP SitRep PDF; validated against total cumulative cases. Rows without dashboard geometry are retained in totals but hidden on the case map. Parsed from vertically rendered table.
2026-08-13,2026-08,Ituri,Kambala,SkEKQLSulmp,2,0,2.313255370000064,30.547371294734642,SitRep N91/MVB,2026-08-13,Automatically extracted from INSP SitRep PDF; validated against total cumulative cases. Rows without dashboard geometry are retained in totals but hidden on the case map. Parsed from vertically rendered table.
2026-08-13,2026-08,Ituri,Kilo,sbyWSsdZ3tj,31,12,1.7598275375000298,30.080701985660504,SitRep N91/MVB,2026-08-13,Automatically extracted from INSP SitRep PDF; validated against total cumulative cases. Rows without dashboard geometry are retained in totals but hidden on the case map. Parsed from vertically rendered table.
2026-08-13,2026-08,Ituri,Komanda,i2mtQy4nTmD,43,29,1.1261791000000585,29.62557262065517,SitRep N91/MVB,2026-08-13,Automatically extracted from INSP SitRep PDF; validated against total cumulative cases. Rows without dashboard geometry are retained in totals but hidden on the case map. Parsed from vertically rendered table.
2026-08-13,2026-08,Ituri,Lita,xGWcGHazqtw,169,97,1.588332974500048,30.38710948970807,SitRep N91/MVB,2026-08-13,Automatically extracted from INSP SitRep PDF; validated against total cumulative cases. Rows without dashboard geometry are retained in totals but hidden on the case map. Parsed from vertically rendered table.
2026-08-13,2026-08,Ituri,Logo,qqGoQGSp1Dw,11,5,2.155727226000039,30.877556277526388,SitRep N91/MVB,2026-08-13,Automatically extracted from INSP SitRep PDF; validated against total cumulative cases. Rows without dashboard geometry are retained in totals but hidden on the case map. Parsed from vertically rendered table.
2026-08-13,2026-08,Ituri,Lolwa,xp3Y1OXHZLj,14,4,1.4666692450000482,29.46470993607435,SitRep N91/MVB,2026-08-13,Automatically extracted from INSP SitRep PDF; validated against total cumulative cases. Rows without dashboard geometry are retained in totals but hidden on the case map. Parsed from vertically rendered table.
2026-08-13,2026-08,Ituri,Mahagi,seNn0NUsKYn,4,1,2.3021508495800296,30.865062342480392,SitRep N91/MVB,2026-08-13,Automatically extracted from INSP SitRep PDF; validated against total cumulative cases. Rows without dashboard geometry are retained in totals but hidden on the case map. Parsed from vertically rendered table.
2026-08-13,2026-08,Ituri,Mambasa,RjHZChl5gJQ,13,6,1.4290391459577108,28.62314089055854,SitRep N91/MVB,2026-08-13,Automatically extracted from INSP SitRep PDF; validated against total cumulative cases. Rows without dashboard geometry are retained in totals but hidden on the case map. Parsed from vertically rendered table.
2026-08-13,2026-08,Ituri,Mandima,YpXUkTbtAPA,22,13,0.9848691425853815,29.17200687013976,SitRep N91/MVB,2026-08-13,Automatically extracted from INSP SitRep PDF; validated against total cumulative cases. Rows without dashboard geometry are retained in totals but hidden on the case map. Parsed from vertically rendered table.
2026-08-13,2026-08,Ituri,Mangala,,122,76,,,SitRep N91/MVB,2026-08-13,Automatically extracted from INSP SitRep PDF; validated against total cumulative cases. Rows without dashboard geometry are retained in totals but hidden on the case map. Parsed from vertically rendered table.
2026-08-13,2026-08,Ituri,Mongbwalu,nv8tx681Gjd,581,282,2.1202041400000837,29.46395014319073,SitRep N91/MVB,2026-08-13,Automatically extracted from INSP SitRep PDF; validated against total cumulative cases. Rows without dashboard geometry are retained in totals but hidden on the case map. Parsed from vertically rendered table.
2026-08-13,2026-08,Ituri,Nia-Nia,,156,92,,,SitRep N91/MVB,2026-08-13,Automatically extracted from INSP SitRep PDF; validated against total cumulative cases. Rows without dashboard geometry are retained in totals but hidden on the case map. Parsed from vertically rendered table.
2026-08-13,2026-08,Ituri,Nizi,TCE5waEW7Fi,513,231,1.7491092545000129,30.29386589242562,SitRep N91/MVB,2026-08-13,Automatically extracted from INSP SitRep PDF; validated against total cumulative cases. Rows without dashboard geometry are retained in totals but hidden on the case map. Parsed from vertically rendered table.
2026-08-13,2026-08,Ituri,Nyankunde,mGTaa8TFifO,120,35,1.4866449679154434,29.933917392135683,SitRep N91/MVB,2026-08-13,Automatically extracted from INSP SitRep PDF; validated against total cumulative cases. Rows without dashboard geometry are retained in totals but hidden on the case map. Parsed from vertically rendered table.
2026-08-13,2026-08,Ituri,Rimba,a2aJcbwnjoK,9,4,2.2214134000000456,30.706000954123333,SitRep N91/MVB,2026-08-13,Automatically extracted from INSP SitRep PDF; validated against total cumulative cases. Rows without dashboard geometry are retained in totals but hidden on the case map. Parsed from vertically rendered table.
2026-08-13,2026-08,Ituri,Rwampara,vPxN2nZnBXK,823,319,1.5710652340000308,30.08327315923981,SitRep N91/MVB,2026-08-13,Automatically extracted from INSP SitRep PDF; validated against total cumulative cases. Rows without dashboard geometry are retained in totals but hidden on the case map. Parsed from vertically rendered table.
2026-08-13,2026-08,Ituri,Tchomia,rhj4btTd3i0,49,25,1.5216207475000374,30.468986199294,SitRep N91/MVB,2026-08-13,Automatically extracted from INSP SitRep PDF; validated against total cumulative cases. Rows without dashboard geometry are retained in totals but hidden on the case map. Parsed from vertically rendered table.
2026-08-13,2026-08,Nord-Kivu,Beni,msg2MyMGhKv,86,65,0.49317124866695505,29.51358389763662,SitRep N91/MVB,2026-08-13,Automatically extracted from INSP SitRep PDF; validated against total cumulative cases. Rows without dashboard geometry are retained in totals but hidden on the case map. Parsed from vertically rendered table.
2026-08-13,2026-08,Nord-Kivu,Butembo,foR0DRLqtdJ,108,91,0.14653425000037146,29.251277502423125,SitRep N91/MVB,2026-08-13,Automatically extracted from INSP SitRep PDF; validated against total cumulative cases. Rows without dashboard geometry are retained in totals but hidden on the case map. Parsed from vertically rendered table.
2026-08-13,2026-08,Nord-Kivu,Goma,t8tjGKVhkl3,1,0,-1.6528676989999553,29.17826328304752,SitRep N91/MVB,2026-08-13,Automatically extracted from INSP SitRep PDF; validated against total cumulative cases. Rows without dashboard geometry are retained in totals but hidden on the case map. Parsed from vertically rendered table.
2026-08-13,2026-08,Nord-Kivu,Kalunguta,XoJ3dLz68aj,11,5,0.32661665000009066,29.346222520686638,SitRep N91/MVB,2026-08-13,Automatically extracted from INSP SitRep PDF; validated against total cumulative cases. Rows without dashboard geometry are retained in totals but hidden on the case map. Parsed from vertically rendered table.
2026-08-13,2026-08,Nord-Kivu,Katwa,woJBeEpIZdy,274,188,0.1198993135112445,29.32416416638681,SitRep N91/MVB,2026-08-13,Automatically extracted from INSP SitRep PDF; validated against total cumulative cases. Rows without dashboard geometry are retained in totals but hidden on the case map. Parsed from vertically rendered table.
2026-08-13,2026-08,Nord-Kivu,Kyondo,amGiV9h9C2I,14,12,0.01326616194717092,29.504202701174762,SitRep N91/MVB,2026-08-13,Automatically extracted from INSP SitRep PDF; validated against total cumulative cases. Rows without dashboard geometry are retained in totals but hidden on the case map. Parsed from vertically rendered table.
2026-08-13,2026-08,Nord-Kivu,Lubero,oTtGHeQSotN,1,1,-0.2711820729999488,29.337473243936046,SitRep N91/MVB,2026-08-13,Automatically extracted from INSP SitRep PDF; validated against total cumulative cases. Rows without dashboard geometry are retained in totals but hidden on the case map. Parsed from vertically rendered table.
2026-08-13,2026-08,Nord-Kivu,Mabalako,svtAZQ9nVl0,2,1,0.5045215710000548,29.193929599486516,SitRep N91/MVB,2026-08-13,Automatically extracted from INSP SitRep PDF; validated against total cumulative cases. Rows without dashboard geometry are retained in totals but hidden on the case map. Parsed from vertically rendered table.
2026-08-13,2026-08,Nord-Kivu,Masereka,kQCMPbHKQ93,7,4,-0.10927556649997427,29.327512197678764,SitRep N91/MVB,2026-08-13,Automatically extracted from INSP SitRep PDF; validated against total cumulative cases. Rows without dashboard geometry are retained in totals but hidden on the case map. Parsed from vertically rendered table.
2026-08-13,2026-08,Nord-Kivu,Musienene,VooLsNf0dDB,56,32,0.07251365900023643,28.353275181121674,SitRep N91/MVB,2026-08-13,Automatically extracted from INSP SitRep PDF; validated against total cumulative cases. Rows without dashboard geometry are retained in totals but hidden on the case map. Parsed from vertically rendered table.
2026-08-13,2026-08,Nord-Kivu,Oicha,zOOAshOz4Cz,5,4,0.7639879778753311,29.547044823759116,SitRep N91/MVB,2026-08-13,Automatically extracted from INSP SitRep PDF; validated against total cumulative cases. Rows without dashboard geometry are retained in totals but hidden on the case map. Parsed from vertically rendered table.
2026-08-13,2026-08,Nord-Kivu,Vuhovi,,4,1,,,SitRep N91/MVB,2026-08-13,Automatically extracted from INSP SitRep PDF; validated against total cumulative cases. Rows without dashboard geometry are retained in totals but hidden on the case map. Parsed from vertically rendered table.
2026-08-13,2026-08,Sud-Kivu,Miti-Murhesa,,3,1,,,SitRep N91/MVB,2026-08-13,Automatically extracted from INSP SitRep PDF; validated against total cumulative cases. Rows without dashboard geometry are retained in totals but hidden on the case map. Parsed from vertically rendered table.
2026-08-13,2026-08,Tshopo,Bafwasende,pLBZiohnxFC,1,0,0.5883184495002638,26.679613954245525,SitRep N91/MVB,2026-08-13,Automatically extracted from INSP SitRep PDF; validated against total cumulative cases. Rows without dashboard geometry are retained in totals but hidden on the case map. Parsed from vertically rendered table.
2026-08-13,2026-08,Tshopo,Kabondo,Al5GBxzCgMe,3,2,0.611433901500078,25.36859620730113,SitRep N91/MVB,2026-08-13,Automatically extracted from INSP SitRep PDF; validated against total cumulative cases. Rows without dashboard geometry are retained in totals but hidden on the case map. Parsed from vertically rendered table.
2026-08-13,2026-08,Tshopo,Lubunga,I9d1F9TGn33,1,0,0.4130002195000486,25.10564709446672,SitRep N91/MVB,2026-08-13,Automatically extracted from INSP SitRep PDF; validated against total cumulative cases. Rows without dashboard geometry are retained in totals but hidden on the case map. Parsed from vertically rendered table.
2026-08-13,2026-08,Tshopo,Makiso-Kisangani,,3,3,,,SitRep N91/MVB,2026-08-13,Automatically extracted from INSP SitRep PDF; validated against total cumulative cases. Rows without dashboard geometry are retained in totals but hidden on the case map. Repaired from a split health-zone name in PDF text extraction.
2026-08-13,2026-08,Tshopo,Mangobo,wOWB7WbNuSN,1,1,0.5399329588970425,25.15236555521503,SitRep N91/MVB,2026-08-13,Automatically extracted from INSP SitRep PDF; validated against total cumulative cases. Rows without dashboard geometry are retained in totals but hidden on the case map. Parsed from vertically rendered table.
2026-08-13,2026-08,Tshopo,Tshopo,IMkgSD6FVjc,1,0,0.8225417305001201,25.51250589004271,SitRep N91/MVB,2026-08-13,Automatically extracted from INSP SitRep PDF; validated against total cumulative cases. Rows without dashboard geometry are retained in totals but hidden on the case map. Disambiguated from the Tshopo province subtotal.
2026-08-13,2026-08,Tshopo,Wanie-Rukula,,1,0,,,SitRep N91/MVB,2026-08-13,Automatically extracted from INSP SitRep PDF; validated against total cumulative cases. Rows without dashboard geometry are retained in totals but hidden on the case map. Parsed from vertically rendered table.
2026-08-14,2026-08,Bas-Uele,Buta,pggZxV6O3iF,1,1,2.8350074602528936,25.201793052528068,SitRep N92/MVB,2026-08-14,Automatically extracted from INSP SitRep PDF; validated against total cumulative cases. Rows without dashboard geometry are retained in totals but hidden on the case map. Parsed from vertically rendered table.
2026-08-14,2026-08,Haut-Uele,Boma Mangbetu,qwBasnNFRFW,22,8,2.2351428900001054,27.792917281282055,SitRep N92/MVB,2026-08-14,Automatically extracted from INSP SitRep PDF; validated against total cumulative cases. Rows without dashboard geometry are retained in totals but hidden on the case map. Parsed from vertically rendered table.
2026-08-14,2026-08,Haut-Uele,Gombari,h1dItcsoHRw,1,1,2.8324490322969806,29.003074885174172,SitRep N92/MVB,2026-08-14,Automatically extracted from INSP SitRep PDF; validated against total cumulative cases. Rows without dashboard geometry are retained in totals but hidden on the case map. Parsed from vertically rendered table.
2026-08-14,2026-08,Haut-Uele,Isiro,lW6NlTXqGcv,39,19,2.398158594500046,27.318090299264888,SitRep N92/MVB,2026-08-14,Automatically extracted from INSP SitRep PDF; validated against total cumulative cases. Rows without dashboard geometry are retained in totals but hidden on the case map. Parsed from vertically rendered table.
2026-08-14,2026-08,Haut-Uele,Pawa,ZxQY9szHMx5,19,14,2.336214680000097,27.537045107299598,SitRep N92/MVB,2026-08-14,Automatically extracted from INSP SitRep PDF; validated against total cumulative cases. Rows without dashboard geometry are retained in totals but hidden on the case map. Parsed from vertically rendered table.
2026-08-14,2026-08,Haut-Uele,Rungu,EGoMVOvVUAp,1,0,2.8721408758778737,28.04597429304644,SitRep N92/MVB,2026-08-14,Automatically extracted from INSP SitRep PDF; validated against total cumulative cases. Rows without dashboard geometry are retained in totals but hidden on the case map. Parsed from vertically rendered table.
2026-08-14,2026-08,Haut-Uele,Wamba,ET5R8zSN3gm,53,20,2.104064561500138,28.0995466507865,SitRep N92/MVB,2026-08-14,Automatically extracted from INSP SitRep PDF; validated against total cumulative cases. Rows without dashboard geometry are retained in totals but hidden on the case map. Parsed from vertically rendered table.
2026-08-14,2026-08,Ituri,Adja,CLboGR4F3lj,11,1,3.075097472000124,30.475237413395348,SitRep N92/MVB,2026-08-14,Automatically extracted from INSP SitRep PDF; validated against total cumulative cases. Rows without dashboard geometry are retained in totals but hidden on the case map. Parsed from vertically rendered table.
2026-08-14,2026-08,Ituri,Ariwara,fM8IqjhdeyL,7,2,3.1940884310532445,30.693184448654044,SitRep N92/MVB,2026-08-14,Automatically extracted from INSP SitRep PDF; validated against total cumulative cases. Rows without dashboard geometry are retained in totals but hidden on the case map. Parsed from vertically rendered table.
2026-08-14,2026-08,Ituri,Aru,v8PqffapuVl,7,6,2.859042986322321,30.833681049566664,SitRep N92/MVB,2026-08-14,Automatically extracted from INSP SitRep PDF; validated against total cumulative cases. Rows without dashboard geometry are retained in totals but hidden on the case map. Parsed from vertically rendered table.
2026-08-14,2026-08,Ituri,Aungba,DFcltLEKLxj,11,5,2.5670708830760702,30.592536320311343,SitRep N92/MVB,2026-08-14,Automatically extracted from INSP SitRep PDF; validated against total cumulative cases. Rows without dashboard geometry are retained in totals but hidden on the case map. Parsed from vertically rendered table.
2026-08-14,2026-08,Ituri,Bambu,Uc3GqWS8C0w,109,25,1.8633970955000336,30.20627592724413,SitRep N92/MVB,2026-08-14,Automatically extracted from INSP SitRep PDF; validated against total cumulative cases. Rows without dashboard geometry are retained in totals but hidden on the case map. Parsed from vertically rendered table.
2026-08-14,2026-08,Ituri,Boga,rLadlFjzCh7,1,1,0.9822493237397867,30.003461492917513,SitRep N92/MVB,2026-08-14,Automatically extracted from INSP SitRep PDF; validated against total cumulative cases. Rows without dashboard geometry are retained in totals but hidden on the case map. Parsed from vertically rendered table.
2026-08-14,2026-08,Ituri,Bunia,GPi6i83o7l6,1116,338,1.607713140500067,30.282078091482003,SitRep N92/MVB,2026-08-14,Automatically extracted from INSP SitRep PDF; validated against total cumulative cases. Rows without dashboard geometry are retained in totals but hidden on the case map. Parsed from vertically rendered table.
2026-08-14,2026-08,Ituri,Damas,ApdB8z3Wrxt,23,9,2.1976361605001387,30.229346408586434,SitRep N92/MVB,2026-08-14,Automatically extracted from INSP SitRep PDF; validated against total cumulative cases. Rows without dashboard geometry are retained in totals but hidden on the case map. Parsed from vertically rendered table.
2026-08-14,2026-08,Ituri,Drodro,OIhgsXcZf6x,13,6,1.7484347510000475,30.586912835820826,SitRep N92/MVB,2026-08-14,Automatically extracted from INSP SitRep PDF; validated against total cumulative cases. Rows without dashboard geometry are retained in totals but hidden on the case map. Parsed from vertically rendered table.
2026-08-14,2026-08,Ituri,Fataki,FDNwbfrJhkA,63,30,1.9004797405000886,30.565348794325672,SitRep N92/MVB,2026-08-14,Automatically extracted from INSP SitRep PDF; validated against total cumulative cases. Rows without dashboard geometry are retained in totals but hidden on the case map. Parsed from vertically rendered table.
2026-08-14,2026-08,Ituri,Gety,X8zFJ7DJlRD,4,1,1.253148786140514,30.189368117956285,SitRep N92/MVB,2026-08-14,Automatically extracted from INSP SitRep PDF; validated against total cumulative cases. Rows without dashboard geometry are retained in totals but hidden on the case map. Parsed from vertically rendered table.
2026-08-14,2026-08,Ituri,Kambala,SkEKQLSulmp,2,0,2.313255370000064,30.547371294734642,SitRep N92/MVB,2026-08-14,Automatically extracted from INSP SitRep PDF; validated against total cumulative cases. Rows without dashboard geometry are retained in totals but hidden on the case map. Parsed from vertically rendered table.
2026-08-14,2026-08,Ituri,Kilo,sbyWSsdZ3tj,31,12,1.7598275375000298,30.080701985660504,SitRep N92/MVB,2026-08-14,Automatically extracted from INSP SitRep PDF; validated against total cumulative cases. Rows without dashboard geometry are retained in totals but hidden on the case map. Parsed from vertically rendered table.
2026-08-14,2026-08,Ituri,Komanda,i2mtQy4nTmD,45,31,1.1261791000000585,29.62557262065517,SitRep N92/MVB,2026-08-14,Automatically extracted from INSP SitRep PDF; validated against total cumulative cases. Rows without dashboard geometry are retained in totals but hidden on the case map. Parsed from vertically rendered table.
2026-08-14,2026-08,Ituri,Lita,xGWcGHazqtw,172,97,1.588332974500048,30.38710948970807,SitRep N92/MVB,2026-08-14,Automatically extracted from INSP SitRep PDF; validated against total cumulative cases. Rows without dashboard geometry are retained in totals but hidden on the case map. Parsed from vertically rendered table.
2026-08-14,2026-08,Ituri,Logo,qqGoQGSp1Dw,11,5,2.155727226000039,30.877556277526388,SitRep N92/MVB,2026-08-14,Automatically extracted from INSP SitRep PDF; validated against total cumulative cases. Rows without dashboard geometry are retained in totals but hidden on the case map. Parsed from vertically rendered table.
2026-08-14,2026-08,Ituri,Lolwa,xp3Y1OXHZLj,14,4,1.4666692450000482,29.46470993607435,SitRep N92/MVB,2026-08-14,Automatically extracted from INSP SitRep PDF; validated against total cumulative cases. Rows without dashboard geometry are retained in totals but hidden on the case map. Parsed from vertically rendered table.
2026-08-14,2026-08,Ituri,Mahagi,seNn0NUsKYn,4,1,2.3021508495800296,30.865062342480392,SitRep N92/MVB,2026-08-14,Automatically extracted from INSP SitRep PDF; validated against total cumulative cases. Rows without dashboard geometry are retained in totals but hidden on the case map. Parsed from vertically rendered table.
2026-08-14,2026-08,Ituri,Mambasa,RjHZChl5gJQ,13,6,1.4290391459577108,28.62314089055854,SitRep N92/MVB,2026-08-14,Automatically extracted from INSP SitRep PDF; validated against total cumulative cases. Rows without dashboard geometry are retained in totals but hidden on the case map. Parsed from vertically rendered table.
2026-08-14,2026-08,Ituri,Mandima,YpXUkTbtAPA,22,13,0.9848691425853815,29.17200687013976,SitRep N92/MVB,2026-08-14,Automatically extracted from INSP SitRep PDF; validated against total cumulative cases. Rows without dashboard geometry are retained in totals but hidden on the case map. Parsed from vertically rendered table.
2026-08-14,2026-08,Ituri,Mangala,,141,83,,,SitRep N92/MVB,2026-08-14,Automatically extracted from INSP SitRep PDF; validated against total cumulative cases. Rows without dashboard geometry are retained in totals but hidden on the case map. Parsed from vertically rendered table.
2026-08-14,2026-08,Ituri,Mongbwalu,nv8tx681Gjd,584,282,2.1202041400000837,29.46395014319073,SitRep N92/MVB,2026-08-14,Automatically extracted from INSP SitRep PDF; validated against total cumulative cases. Rows without dashboard geometry are retained in totals but hidden on the case map. Parsed from vertically rendered table.
2026-08-14,2026-08,Ituri,Nia-Nia,,161,96,,,SitRep N92/MVB,2026-08-14,Automatically extracted from INSP SitRep PDF; validated against total cumulative cases. Rows without dashboard geometry are retained in totals but hidden on the case map. Parsed from vertically rendered table.
2026-08-14,2026-08,Ituri,Nizi,TCE5waEW7Fi,524,236,1.7491092545000129,30.29386589242562,SitRep N92/MVB,2026-08-14,Automatically extracted from INSP SitRep PDF; validated against total cumulative cases. Rows without dashboard geometry are retained in totals but hidden on the case map. Parsed from vertically rendered table.
2026-08-14,2026-08,Ituri,Nyankunde,mGTaa8TFifO,120,35,1.4866449679154434,29.933917392135683,SitRep N92/MVB,2026-08-14,Automatically extracted from INSP SitRep PDF; validated against total cumulative cases. Rows without dashboard geometry are retained in totals but hidden on the case map. Parsed from vertically rendered table.
2026-08-14,2026-08,Ituri,Rimba,a2aJcbwnjoK,9,4,2.2214134000000456,30.706000954123333,SitRep N92/MVB,2026-08-14,Automatically extracted from INSP SitRep PDF; validated against total cumulative cases. Rows without dashboard geometry are retained in totals but hidden on the case map. Parsed from vertically rendered table.
2026-08-14,2026-08,Ituri,Rwampara,vPxN2nZnBXK,838,324,1.5710652340000308,30.08327315923981,SitRep N92/MVB,2026-08-14,Automatically extracted from INSP SitRep PDF; validated against total cumulative cases. Rows without dashboard geometry are retained in totals but hidden on the case map. Parsed from vertically rendered table.
2026-08-14,2026-08,Ituri,Tchomia,rhj4btTd3i0,49,25,1.5216207475000374,30.468986199294,SitRep N92/MVB,2026-08-14,Automatically extracted from INSP SitRep PDF; validated against total cumulative cases. Rows without dashboard geometry are retained in totals but hidden on the case map. Parsed from vertically rendered table.
2026-08-14,2026-08,Nord-Kivu,Beni,msg2MyMGhKv,90,66,0.49317124866695505,29.51358389763662,SitRep N92/MVB,2026-08-14,Automatically extracted from INSP SitRep PDF; validated against total cumulative cases. Rows without dashboard geometry are retained in totals but hidden on the case map. Parsed from vertically rendered table.
2026-08-14,2026-08,Nord-Kivu,Butembo,foR0DRLqtdJ,110,91,0.14653425000037146,29.251277502423125,SitRep N92/MVB,2026-08-14,Automatically extracted from INSP SitRep PDF; validated against total cumulative cases. Rows without dashboard geometry are retained in totals but hidden on the case map. Parsed from vertically rendered table.
2026-08-14,2026-08,Nord-Kivu,Goma,t8tjGKVhkl3,1,0,-1.6528676989999553,29.17826328304752,SitRep N92/MVB,2026-08-14,Automatically extracted from INSP SitRep PDF; validated against total cumulative cases. Rows without dashboard geometry are retained in totals but hidden on the case map. Parsed from vertically rendered table.
2026-08-14,2026-08,Nord-Kivu,Kalunguta,XoJ3dLz68aj,12,5,0.32661665000009066,29.346222520686638,SitRep N92/MVB,2026-08-14,Automatically extracted from INSP SitRep PDF; validated against total cumulative cases. Rows without dashboard geometry are retained in totals but hidden on the case map. Parsed from vertically rendered table.
2026-08-14,2026-08,Nord-Kivu,Katwa,woJBeEpIZdy,280,190,0.1198993135112445,29.32416416638681,SitRep N92/MVB,2026-08-14,Automatically extracted from INSP SitRep PDF; validated against total cumulative cases. Rows without dashboard geometry are retained in totals but hidden on the case map. Parsed from vertically rendered table.
2026-08-14,2026-08,Nord-Kivu,Kyondo,amGiV9h9C2I,15,12,0.01326616194717092,29.504202701174762,SitRep N92/MVB,2026-08-14,Automatically extracted from INSP SitRep PDF; validated against total cumulative cases. Rows without dashboard geometry are retained in totals but hidden on the case map. Parsed from vertically rendered table.
2026-08-14,2026-08,Nord-Kivu,Lubero,oTtGHeQSotN,1,1,-0.2711820729999488,29.337473243936046,SitRep N92/MVB,2026-08-14,Automatically extracted from INSP SitRep PDF; validated against total cumulative cases. Rows without dashboard geometry are retained in totals but hidden on the case map. Parsed from vertically rendered table.
2026-08-14,2026-08,Nord-Kivu,Mabalako,svtAZQ9nVl0,2,1,0.5045215710000548,29.193929599486516,SitRep N92/MVB,2026-08-14,Automatically extracted from INSP SitRep PDF; validated against total cumulative cases. Rows without dashboard geometry are retained in totals but hidden on the case map. Parsed from vertically rendered table.
2026-08-14,2026-08,Nord-Kivu,Masereka,kQCMPbHKQ93,7,4,-0.10927556649997427,29.327512197678764,SitRep N92/MVB,2026-08-14,Automatically extracted from INSP SitRep PDF; validated against total cumulative cases. Rows without dashboard geometry are retained in totals but hidden on the case map. Parsed from vertically rendered table.
2026-08-14,2026-08,Nord-Kivu,Musienene,VooLsNf0dDB,61,35,0.07251365900023643,28.353275181121674,SitRep N92/MVB,2026-08-14,Automatically extracted from INSP SitRep PDF; validated against total cumulative cases. Rows without dashboard geometry are retained in totals but hidden on the case map. Parsed from vertically rendered table.
2026-08-14,2026-08,Nord-Kivu,Oicha,zOOAshOz4Cz,5,4,0.7639879778753311,29.547044823759116,SitRep N92/MVB,2026-08-14,Automatically extracted from INSP SitRep PDF; validated against total cumulative cases. Rows without dashboard geometry are retained in totals but hidden on the case map. Parsed from vertically rendered table.
2026-08-14,2026-08,Nord-Kivu,Vuhovi,,4,2,,,SitRep N92/MVB,2026-08-14,Automatically extracted from INSP SitRep PDF; validated against total cumulative cases. Rows without dashboard geometry are retained in totals but hidden on the case map. Parsed from vertically rendered table.
2026-08-14,2026-08,Sud-Kivu,Miti-Murhesa,,3,1,,,SitRep N92/MVB,2026-08-14,Automatically extracted from INSP SitRep PDF; validated against total cumulative cases. Rows without dashboard geometry are retained in totals but hidden on the case map. Parsed from vertically rendered table.
2026-08-14,2026-08,Tshopo,Bafwasende,pLBZiohnxFC,1,0,0.5883184495002638,26.679613954245525,SitRep N92/MVB,2026-08-14,Automatically extracted from INSP SitRep PDF; validated against total cumulative cases. Rows without dashboard geometry are retained in totals but hidden on the case map. Parsed from vertically rendered table.
2026-08-14,2026-08,Tshopo,Kabondo,Al5GBxzCgMe,3,2,0.611433901500078,25.36859620730113,SitRep N92/MVB,2026-08-14,Automatically extracted from INSP SitRep PDF; validated against total cumulative cases. Rows without dashboard geometry are retained in totals but hidden on the case map. Parsed from vertically rendered table.
2026-08-14,2026-08,Tshopo,Lubunga,I9d1F9TGn33,1,0,0.4130002195000486,25.10564709446672,SitRep N92/MVB,2026-08-14,Automatically extracted from INSP SitRep PDF; validated against total cumulative cases. Rows without dashboard geometry are retained in totals but hidden on the case map. Parsed from vertically rendered table.
2026-08-14,2026-08,Tshopo,Makiso-Kisangani,,3,3,,,SitRep N92/MVB,2026-08-14,Automatically extracted from INSP SitRep PDF; validated against total cumulative cases. Rows without dashboard geometry are retained in totals but hidden on the case map. Repaired from a split health-zone name in PDF text extraction.
2026-08-14,2026-08,Tshopo,Mangobo,wOWB7WbNuSN,1,1,0.5399329588970425,25.15236555521503,SitRep N92/MVB,2026-08-14,Automatically extracted from INSP SitRep PDF; validated against total cumulative cases. Rows without dashboard geometry are retained in totals but hidden on the case map. Parsed from vertically rendered table.
2026-08-14,2026-08,Tshopo,Tshopo,IMkgSD6FVjc,1,0,0.8225417305001201,25.51250589004271,SitRep N92/MVB,2026-08-14,Automatically extracted from INSP SitRep PDF; validated against total cumulative cases. Rows without dashboard geometry are retained in totals but hidden on the case map. Disambiguated from the Tshopo province subtotal.
2026-08-14,2026-08,Tshopo,Wanie-Rukula,,1,0,,,SitRep N92/MVB,2026-08-14,Automatically extracted from INSP SitRep PDF; validated against total cumulative cases. Rows without dashboard geometry are retained in totals but hidden on the case map. Parsed from vertically rendered table.
2026-08-15,2026-08,Bas-Uele,Buta,pggZxV6O3iF,1,1,2.8350074602528936,25.201793052528068,SitRep N93/MVB,2026-08-15,Automatically extracted from INSP SitRep PDF; validated against total cumulative cases. Rows without dashboard geometry are retained in totals but hidden on the case map. Parsed from vertically rendered table.
2026-08-15,2026-08,Haut-Uele,Boma Mangbetu,qwBasnNFRFW,22,8,2.2351428900001054,27.792917281282055,SitRep N93/MVB,2026-08-15,Automatically extracted from INSP SitRep PDF; validated against total cumulative cases. Rows without dashboard geometry are retained in totals but hidden on the case map. Parsed from vertically rendered table.
2026-08-15,2026-08,Haut-Uele,Gombari,h1dItcsoHRw,1,1,2.8324490322969806,29.003074885174172,SitRep N93/MVB,2026-08-15,Automatically extracted from INSP SitRep PDF; validated against total cumulative cases. Rows without dashboard geometry are retained in totals but hidden on the case map. Parsed from vertically rendered table.
2026-08-15,2026-08,Haut-Uele,Isiro,lW6NlTXqGcv,42,19,2.398158594500046,27.318090299264888,SitRep N93/MVB,2026-08-15,Automatically extracted from INSP SitRep PDF; validated against total cumulative cases. Rows without dashboard geometry are retained in totals but hidden on the case map. Parsed from vertically rendered table.
2026-08-15,2026-08,Haut-Uele,Pawa,ZxQY9szHMx5,19,14,2.336214680000097,27.537045107299598,SitRep N93/MVB,2026-08-15,Automatically extracted from INSP SitRep PDF; validated against total cumulative cases. Rows without dashboard geometry are retained in totals but hidden on the case map. Parsed from vertically rendered table.
2026-08-15,2026-08,Haut-Uele,Rungu,EGoMVOvVUAp,1,0,2.8721408758778737,28.04597429304644,SitRep N93/MVB,2026-08-15,Automatically extracted from INSP SitRep PDF; validated against total cumulative cases. Rows without dashboard geometry are retained in totals but hidden on the case map. Parsed from vertically rendered table.
2026-08-15,2026-08,Haut-Uele,Wamba,ET5R8zSN3gm,53,20,2.104064561500138,28.0995466507865,SitRep N93/MVB,2026-08-15,Automatically extracted from INSP SitRep PDF; validated against total cumulative cases. Rows without dashboard geometry are retained in totals but hidden on the case map. Parsed from vertically rendered table.
2026-08-15,2026-08,Ituri,Adja,CLboGR4F3lj,11,1,3.075097472000124,30.475237413395348,SitRep N93/MVB,2026-08-15,Automatically extracted from INSP SitRep PDF; validated against total cumulative cases. Rows without dashboard geometry are retained in totals but hidden on the case map. Parsed from vertically rendered table.
2026-08-15,2026-08,Ituri,Ariwara,fM8IqjhdeyL,7,2,3.1940884310532445,30.693184448654044,SitRep N93/MVB,2026-08-15,Automatically extracted from INSP SitRep PDF; validated against total cumulative cases. Rows without dashboard geometry are retained in totals but hidden on the case map. Parsed from vertically rendered table.
2026-08-15,2026-08,Ituri,Aru,v8PqffapuVl,7,6,2.859042986322321,30.833681049566664,SitRep N93/MVB,2026-08-15,Automatically extracted from INSP SitRep PDF; validated against total cumulative cases. Rows without dashboard geometry are retained in totals but hidden on the case map. Parsed from vertically rendered table.
2026-08-15,2026-08,Ituri,Aungba,DFcltLEKLxj,11,5,2.5670708830760702,30.592536320311343,SitRep N93/MVB,2026-08-15,Automatically extracted from INSP SitRep PDF; validated against total cumulative cases. Rows without dashboard geometry are retained in totals but hidden on the case map. Parsed from vertically rendered table.
2026-08-15,2026-08,Ituri,Bambu,Uc3GqWS8C0w,109,25,1.8633970955000336,30.20627592724413,SitRep N93/MVB,2026-08-15,Automatically extracted from INSP SitRep PDF; validated against total cumulative cases. Rows without dashboard geometry are retained in totals but hidden on the case map. Parsed from vertically rendered table.
2026-08-15,2026-08,Ituri,Boga,rLadlFjzCh7,1,1,0.9822493237397867,30.003461492917513,SitRep N93/MVB,2026-08-15,Automatically extracted from INSP SitRep PDF; validated against total cumulative cases. Rows without dashboard geometry are retained in totals but hidden on the case map. Parsed from vertically rendered table.
2026-08-15,2026-08,Ituri,Bunia,GPi6i83o7l6,1157,352,1.607713140500067,30.282078091482003,SitRep N93/MVB,2026-08-15,Automatically extracted from INSP SitRep PDF; validated against total cumulative cases. Rows without dashboard geometry are retained in totals but hidden on the case map. Parsed from vertically rendered table.
2026-08-15,2026-08,Ituri,Damas,ApdB8z3Wrxt,23,9,2.1976361605001387,30.229346408586434,SitRep N93/MVB,2026-08-15,Automatically extracted from INSP SitRep PDF; validated against total cumulative cases. Rows without dashboard geometry are retained in totals but hidden on the case map. Parsed from vertically rendered table.
2026-08-15,2026-08,Ituri,Drodro,OIhgsXcZf6x,13,6,1.7484347510000475,30.586912835820826,SitRep N93/MVB,2026-08-15,Automatically extracted from INSP SitRep PDF; validated against total cumulative cases. Rows without dashboard geometry are retained in totals but hidden on the case map. Parsed from vertically rendered table.
2026-08-15,2026-08,Ituri,Fataki,FDNwbfrJhkA,64,30,1.9004797405000886,30.565348794325672,SitRep N93/MVB,2026-08-15,Automatically extracted from INSP SitRep PDF; validated against total cumulative cases. Rows without dashboard geometry are retained in totals but hidden on the case map. Parsed from vertically rendered table.
2026-08-15,2026-08,Ituri,Gety,X8zFJ7DJlRD,4,1,1.253148786140514,30.189368117956285,SitRep N93/MVB,2026-08-15,Automatically extracted from INSP SitRep PDF; validated against total cumulative cases. Rows without dashboard geometry are retained in totals but hidden on the case map. Parsed from vertically rendered table.
2026-08-15,2026-08,Ituri,Kambala,SkEKQLSulmp,2,0,2.313255370000064,30.547371294734642,SitRep N93/MVB,2026-08-15,Automatically extracted from INSP SitRep PDF; validated against total cumulative cases. Rows without dashboard geometry are retained in totals but hidden on the case map. Parsed from vertically rendered table.
2026-08-15,2026-08,Ituri,Kilo,sbyWSsdZ3tj,31,12,1.7598275375000298,30.080701985660504,SitRep N93/MVB,2026-08-15,Automatically extracted from INSP SitRep PDF; validated against total cumulative cases. Rows without dashboard geometry are retained in totals but hidden on the case map. Parsed from vertically rendered table.
2026-08-15,2026-08,Ituri,Komanda,i2mtQy4nTmD,48,32,1.1261791000000585,29.62557262065517,SitRep N93/MVB,2026-08-15,Automatically extracted from INSP SitRep PDF; validated against total cumulative cases. Rows without dashboard geometry are retained in totals but hidden on the case map. Parsed from vertically rendered table.
2026-08-15,2026-08,Ituri,Lita,xGWcGHazqtw,173,98,1.588332974500048,30.38710948970807,SitRep N93/MVB,2026-08-15,Automatically extracted from INSP SitRep PDF; validated against total cumulative cases. Rows without dashboard geometry are retained in totals but hidden on the case map. Parsed from vertically rendered table.
2026-08-15,2026-08,Ituri,Logo,qqGoQGSp1Dw,11,5,2.155727226000039,30.877556277526388,SitRep N93/MVB,2026-08-15,Automatically extracted from INSP SitRep PDF; validated against total cumulative cases. Rows without dashboard geometry are retained in totals but hidden on the case map. Parsed from vertically rendered table.
2026-08-15,2026-08,Ituri,Lolwa,xp3Y1OXHZLj,15,4,1.4666692450000482,29.46470993607435,SitRep N93/MVB,2026-08-15,Automatically extracted from INSP SitRep PDF; validated against total cumulative cases. Rows without dashboard geometry are retained in totals but hidden on the case map. Parsed from vertically rendered table.
2026-08-15,2026-08,Ituri,Mahagi,seNn0NUsKYn,4,1,2.3021508495800296,30.865062342480392,SitRep N93/MVB,2026-08-15,Automatically extracted from INSP SitRep PDF; validated against total cumulative cases. Rows without dashboard geometry are retained in totals but hidden on the case map. Parsed from vertically rendered table.
2026-08-15,2026-08,Ituri,Mambasa,RjHZChl5gJQ,14,7,1.4290391459577108,28.62314089055854,SitRep N93/MVB,2026-08-15,Automatically extracted from INSP SitRep PDF; validated against total cumulative cases. Rows without dashboard geometry are retained in totals but hidden on the case map. Parsed from vertically rendered table.
2026-08-15,2026-08,Ituri,Mandima,YpXUkTbtAPA,23,14,0.9848691425853815,29.17200687013976,SitRep N93/MVB,2026-08-15,Automatically extracted from INSP SitRep PDF; validated against total cumulative cases. Rows without dashboard geometry are retained in totals but hidden on the case map. Parsed from vertically rendered table.
2026-08-15,2026-08,Ituri,Mangala,,156,88,,,SitRep N93/MVB,2026-08-15,Automatically extracted from INSP SitRep PDF; validated against total cumulative cases. Rows without dashboard geometry are retained in totals but hidden on the case map. Parsed from vertically rendered table.
2026-08-15,2026-08,Ituri,Mongbwalu,nv8tx681Gjd,585,282,2.1202041400000837,29.46395014319073,SitRep N93/MVB,2026-08-15,Automatically extracted from INSP SitRep PDF; validated against total cumulative cases. Rows without dashboard geometry are retained in totals but hidden on the case map. Parsed from vertically rendered table.
2026-08-15,2026-08,Ituri,Nia-Nia,,164,96,,,SitRep N93/MVB,2026-08-15,Automatically extracted from INSP SitRep PDF; validated against total cumulative cases. Rows without dashboard geometry are retained in totals but hidden on the case map. Parsed from vertically rendered table.
2026-08-15,2026-08,Ituri,Nizi,TCE5waEW7Fi,534,239,1.7491092545000129,30.29386589242562,SitRep N93/MVB,2026-08-15,Automatically extracted from INSP SitRep PDF; validated against total cumulative cases. Rows without dashboard geometry are retained in totals but hidden on the case map. Parsed from vertically rendered table.
2026-08-15,2026-08,Ituri,Nyankunde,mGTaa8TFifO,120,35,1.4866449679154434,29.933917392135683,SitRep N93/MVB,2026-08-15,Automatically extracted from INSP SitRep PDF; validated against total cumulative cases. Rows without dashboard geometry are retained in totals but hidden on the case map. Parsed from vertically rendered table.
2026-08-15,2026-08,Ituri,Rimba,a2aJcbwnjoK,9,4,2.2214134000000456,30.706000954123333,SitRep N93/MVB,2026-08-15,Automatically extracted from INSP SitRep PDF; validated against total cumulative cases. Rows without dashboard geometry are retained in totals but hidden on the case map. Parsed from vertically rendered table.
2026-08-15,2026-08,Ituri,Rwampara,vPxN2nZnBXK,849,328,1.5710652340000308,30.08327315923981,SitRep N93/MVB,2026-08-15,Automatically extracted from INSP SitRep PDF; validated against total cumulative cases. Rows without dashboard geometry are retained in totals but hidden on the case map. Parsed from vertically rendered table.
2026-08-15,2026-08,Ituri,Tchomia,rhj4btTd3i0,49,25,1.5216207475000374,30.468986199294,SitRep N93/MVB,2026-08-15,Automatically extracted from INSP SitRep PDF; validated against total cumulative cases. Rows without dashboard geometry are retained in totals but hidden on the case map. Parsed from vertically rendered table.
2026-08-15,2026-08,Nord-Kivu,Beni,msg2MyMGhKv,91,68,0.49317124866695505,29.51358389763662,SitRep N93/MVB,2026-08-15,Automatically extracted from INSP SitRep PDF; validated against total cumulative cases. Rows without dashboard geometry are retained in totals but hidden on the case map. Parsed from vertically rendered table.
2026-08-15,2026-08,Nord-Kivu,Butembo,foR0DRLqtdJ,111,92,0.14653425000037146,29.251277502423125,SitRep N93/MVB,2026-08-15,Automatically extracted from INSP SitRep PDF; validated against total cumulative cases. Rows without dashboard geometry are retained in totals but hidden on the case map. Parsed from vertically rendered table.
2026-08-15,2026-08,Nord-Kivu,Goma,t8tjGKVhkl3,1,0,-1.6528676989999553,29.17826328304752,SitRep N93/MVB,2026-08-15,Automatically extracted from INSP SitRep PDF; validated against total cumulative cases. Rows without dashboard geometry are retained in totals but hidden on the case map. Parsed from vertically rendered table.
2026-08-15,2026-08,Nord-Kivu,Kalunguta,XoJ3dLz68aj,12,5,0.32661665000009066,29.346222520686638,SitRep N93/MVB,2026-08-15,Automatically extracted from INSP SitRep PDF; validated against total cumulative cases. Rows without dashboard geometry are retained in totals but hidden on the case map. Parsed from vertically rendered table.
2026-08-15,2026-08,Nord-Kivu,Katwa,woJBeEpIZdy,285,193,0.1198993135112445,29.32416416638681,SitRep N93/MVB,2026-08-15,Automatically extracted from INSP SitRep PDF; validated against total cumulative cases. Rows without dashboard geometry are retained in totals but hidden on the case map. Parsed from vertically rendered table.
2026-08-15,2026-08,Nord-Kivu,Kyondo,amGiV9h9C2I,15,12,0.01326616194717092,29.504202701174762,SitRep N93/MVB,2026-08-15,Automatically extracted from INSP SitRep PDF; validated against total cumulative cases. Rows without dashboard geometry are retained in totals but hidden on the case map. Parsed from vertically rendered table.
2026-08-15,2026-08,Nord-Kivu,Lubero,oTtGHeQSotN,1,1,-0.2711820729999488,29.337473243936046,SitRep N93/MVB,2026-08-15,Automatically extracted from INSP SitRep PDF; validated against total cumulative cases. Rows without dashboard geometry are retained in totals but hidden on the case map. Parsed from vertically rendered table.
2026-08-15,2026-08,Nord-Kivu,Mabalako,svtAZQ9nVl0,2,1,0.5045215710000548,29.193929599486516,SitRep N93/MVB,2026-08-15,Automatically extracted from INSP SitRep PDF; validated against total cumulative cases. Rows without dashboard geometry are retained in totals but hidden on the case map. Parsed from vertically rendered table.
2026-08-15,2026-08,Nord-Kivu,Masereka,kQCMPbHKQ93,7,4,-0.10927556649997427,29.327512197678764,SitRep N93/MVB,2026-08-15,Automatically extracted from INSP SitRep PDF; validated against total cumulative cases. Rows without dashboard geometry are retained in totals but hidden on the case map. Parsed from vertically rendered table.
2026-08-15,2026-08,Nord-Kivu,Musienene,VooLsNf0dDB,62,35,0.07251365900023643,28.353275181121674,SitRep N93/MVB,2026-08-15,Automatically extracted from INSP SitRep PDF; validated against total cumulative cases. Rows without dashboard geometry are retained in totals but hidden on the case map. Parsed from vertically rendered table.
2026-08-15,2026-08,Nord-Kivu,Oicha,zOOAshOz4Cz,5,4,0.7639879778753311,29.547044823759116,SitRep N93/MVB,2026-08-15,Automatically extracted from INSP SitRep PDF; validated against total cumulative cases. Rows without dashboard geometry are retained in totals but hidden on the case map. Parsed from vertically rendered table.
2026-08-15,2026-08,Nord-Kivu,Vuhovi,,4,2,,,SitRep N93/MVB,2026-08-15,Automatically extracted from INSP SitRep PDF; validated against total cumulative cases. Rows without dashboard geometry are retained in totals but hidden on the case map. Parsed from vertically rendered table.
2026-08-15,2026-08,Sud-Kivu,Miti-Murhesa,,3,1,,,SitRep N93/MVB,2026-08-15,Automatically extracted from INSP SitRep PDF; validated against total cumulative cases. Rows without dashboard geometry are retained in totals but hidden on the case map. Parsed from vertically rendered table.
2026-08-15,2026-08,Tshopo,Bafwasende,pLBZiohnxFC,1,0,0.5883184495002638,26.679613954245525,SitRep N93/MVB,2026-08-15,Automatically extracted from INSP SitRep PDF; validated against total cumulative cases. Rows without dashboard geometry are retained in totals but hidden on the case map. Parsed from vertically rendered table.
2026-08-15,2026-08,Tshopo,Kabondo,Al5GBxzCgMe,3,2,0.611433901500078,25.36859620730113,SitRep N93/MVB,2026-08-15,Automatically extracted from INSP SitRep PDF; validated against total cumulative cases. Rows without dashboard geometry are retained in totals but hidden on the case map. Parsed from vertically rendered table.
2026-08-15,2026-08,Tshopo,Lubunga,I9d1F9TGn33,1,0,0.4130002195000486,25.10564709446672,SitRep N93/MVB,2026-08-15,Automatically extracted from INSP SitRep PDF; validated against total cumulative cases. Rows without dashboard geometry are retained in totals but hidden on the case map. Parsed from vertically rendered table.
2026-08-15,2026-08,Tshopo,Makiso-Kisangani,,4,3,,,SitRep N93/MVB,2026-08-15,Automatically extracted from INSP SitRep PDF; validated against total cumulative cases. Rows without dashboard geometry are retained in totals but hidden on the case map. Repaired from a split health-zone name in PDF text extraction.
2026-08-15,2026-08,Tshopo,Mangobo,wOWB7WbNuSN,2,1,0.5399329588970425,25.15236555521503,SitRep N93/MVB,2026-08-15,Automatically extracted from INSP SitRep PDF; validated against total cumulative cases. Rows without dashboard geometry are retained in totals but hidden on the case map. Parsed from vertically rendered table.
2026-08-15,2026-08,Tshopo,Tshopo,IMkgSD6FVjc,1,0,0.8225417305001201,25.51250589004271,SitRep N93/MVB,2026-08-15,Automatically extracted from INSP SitRep PDF; validated against total cumulative cases. Rows without dashboard geometry are retained in totals but hidden on the case map. Disambiguated from the Tshopo province subtotal.
2026-08-15,2026-08,Tshopo,Wanie-Rukula,,1,0,,,SitRep N93/MVB,2026-08-15,Automatically extracted from INSP SitRep PDF; validated against total cumulative cases. Rows without dashboard geometry are retained in totals but hidden on the case map. Parsed from vertically rendered table.
2026-08-16,2026-08,Bas-Uele,Buta,pggZxV6O3iF,1,1,2.8350074602528936,25.201793052528068,SitRep N94/MVB,2026-08-16,Automatically extracted from INSP SitRep PDF; validated against total cumulative cases. Rows without dashboard geometry are retained in totals but hidden on the case map. Parsed from vertically rendered table.
2026-08-16,2026-08,Haut-Uele,Boma Mangbetu,qwBasnNFRFW,22,8,2.2351428900001054,27.792917281282055,SitRep N94/MVB,2026-08-16,Automatically extracted from INSP SitRep PDF; validated against total cumulative cases. Rows without dashboard geometry are retained in totals but hidden on the case map. Parsed from vertically rendered table.
2026-08-16,2026-08,Haut-Uele,Gombari,h1dItcsoHRw,1,1,2.8324490322969806,29.003074885174172,SitRep N94/MVB,2026-08-16,Automatically extracted from INSP SitRep PDF; validated against total cumulative cases. Rows without dashboard geometry are retained in totals but hidden on the case map. Parsed from vertically rendered table.
2026-08-16,2026-08,Haut-Uele,Isiro,lW6NlTXqGcv,42,20,2.398158594500046,27.318090299264888,SitRep N94/MVB,2026-08-16,Automatically extracted from INSP SitRep PDF; validated against total cumulative cases. Rows without dashboard geometry are retained in totals but hidden on the case map. Parsed from vertically rendered table.
2026-08-16,2026-08,Haut-Uele,Pawa,ZxQY9szHMx5,20,14,2.336214680000097,27.537045107299598,SitRep N94/MVB,2026-08-16,Automatically extracted from INSP SitRep PDF; validated against total cumulative cases. Rows without dashboard geometry are retained in totals but hidden on the case map. Parsed from vertically rendered table.
2026-08-16,2026-08,Haut-Uele,Rungu,EGoMVOvVUAp,1,0,2.8721408758778737,28.04597429304644,SitRep N94/MVB,2026-08-16,Automatically extracted from INSP SitRep PDF; validated against total cumulative cases. Rows without dashboard geometry are retained in totals but hidden on the case map. Parsed from vertically rendered table.
2026-08-16,2026-08,Haut-Uele,Wamba,ET5R8zSN3gm,53,20,2.104064561500138,28.0995466507865,SitRep N94/MVB,2026-08-16,Automatically extracted from INSP SitRep PDF; validated against total cumulative cases. Rows without dashboard geometry are retained in totals but hidden on the case map. Parsed from vertically rendered table.
2026-08-16,2026-08,Ituri,Adja,CLboGR4F3lj,11,1,3.075097472000124,30.475237413395348,SitRep N94/MVB,2026-08-16,Automatically extracted from INSP SitRep PDF; validated against total cumulative cases. Rows without dashboard geometry are retained in totals but hidden on the case map. Parsed from vertically rendered table.
2026-08-16,2026-08,Ituri,Ariwara,fM8IqjhdeyL,7,2,3.1940884310532445,30.693184448654044,SitRep N94/MVB,2026-08-16,Automatically extracted from INSP SitRep PDF; validated against total cumulative cases. Rows without dashboard geometry are retained in totals but hidden on the case map. Parsed from vertically rendered table.
2026-08-16,2026-08,Ituri,Aru,v8PqffapuVl,7,6,2.859042986322321,30.833681049566664,SitRep N94/MVB,2026-08-16,Automatically extracted from INSP SitRep PDF; validated against total cumulative cases. Rows without dashboard geometry are retained in totals but hidden on the case map. Parsed from vertically rendered table.
2026-08-16,2026-08,Ituri,Aungba,DFcltLEKLxj,11,5,2.5670708830760702,30.592536320311343,SitRep N94/MVB,2026-08-16,Automatically extracted from INSP SitRep PDF; validated against total cumulative cases. Rows without dashboard geometry are retained in totals but hidden on the case map. Parsed from vertically rendered table.
2026-08-16,2026-08,Ituri,Bambu,Uc3GqWS8C0w,109,25,1.8633970955000336,30.20627592724413,SitRep N94/MVB,2026-08-16,Automatically extracted from INSP SitRep PDF; validated against total cumulative cases. Rows without dashboard geometry are retained in totals but hidden on the case map. Parsed from vertically rendered table.
2026-08-16,2026-08,Ituri,Boga,rLadlFjzCh7,1,1,0.9822493237397867,30.003461492917513,SitRep N94/MVB,2026-08-16,Automatically extracted from INSP SitRep PDF; validated against total cumulative cases. Rows without dashboard geometry are retained in totals but hidden on the case map. Parsed from vertically rendered table.
2026-08-16,2026-08,Ituri,Bunia,GPi6i83o7l6,1174,358,1.607713140500067,30.282078091482003,SitRep N94/MVB,2026-08-16,Automatically extracted from INSP SitRep PDF; validated against total cumulative cases. Rows without dashboard geometry are retained in totals but hidden on the case map. Parsed from vertically rendered table.
2026-08-16,2026-08,Ituri,Damas,ApdB8z3Wrxt,25,9,2.1976361605001387,30.229346408586434,SitRep N94/MVB,2026-08-16,Automatically extracted from INSP SitRep PDF; validated against total cumulative cases. Rows without dashboard geometry are retained in totals but hidden on the case map. Parsed from vertically rendered table.
2026-08-16,2026-08,Ituri,Drodro,OIhgsXcZf6x,13,6,1.7484347510000475,30.586912835820826,SitRep N94/MVB,2026-08-16,Automatically extracted from INSP SitRep PDF; validated against total cumulative cases. Rows without dashboard geometry are retained in totals but hidden on the case map. Parsed from vertically rendered table.
2026-08-16,2026-08,Ituri,Fataki,FDNwbfrJhkA,69,30,1.9004797405000886,30.565348794325672,SitRep N94/MVB,2026-08-16,Automatically extracted from INSP SitRep PDF; validated against total cumulative cases. Rows without dashboard geometry are retained in totals but hidden on the case map. Parsed from vertically rendered table.
2026-08-16,2026-08,Ituri,Gety,X8zFJ7DJlRD,4,1,1.253148786140514,30.189368117956285,SitRep N94/MVB,2026-08-16,Automatically extracted from INSP SitRep PDF; validated against total cumulative cases. Rows without dashboard geometry are retained in totals but hidden on the case map. Parsed from vertically rendered table.
2026-08-16,2026-08,Ituri,Kambala,SkEKQLSulmp,2,0,2.313255370000064,30.547371294734642,SitRep N94/MVB,2026-08-16,Automatically extracted from INSP SitRep PDF; validated against total cumulative cases. Rows without dashboard geometry are retained in totals but hidden on the case map. Parsed from vertically rendered table.
2026-08-16,2026-08,Ituri,Kilo,sbyWSsdZ3tj,31,12,1.7598275375000298,30.080701985660504,SitRep N94/MVB,2026-08-16,Automatically extracted from INSP SitRep PDF; validated against total cumulative cases. Rows without dashboard geometry are retained in totals but hidden on the case map. Parsed from vertically rendered table.
2026-08-16,2026-08,Ituri,Komanda,i2mtQy4nTmD,48,32,1.1261791000000585,29.62557262065517,SitRep N94/MVB,2026-08-16,Automatically extracted from INSP SitRep PDF; validated against total cumulative cases. Rows without dashboard geometry are retained in totals but hidden on the case map. Parsed from vertically rendered table.
2026-08-16,2026-08,Ituri,Lita,xGWcGHazqtw,181,102,1.588332974500048,30.38710948970807,SitRep N94/MVB,2026-08-16,Automatically extracted from INSP SitRep PDF; validated against total cumulative cases. Rows without dashboard geometry are retained in totals but hidden on the case map. Parsed from vertically rendered table.
2026-08-16,2026-08,Ituri,Logo,qqGoQGSp1Dw,11,5,2.155727226000039,30.877556277526388,SitRep N94/MVB,2026-08-16,Automatically extracted from INSP SitRep PDF; validated against total cumulative cases. Rows without dashboard geometry are retained in totals but hidden on the case map. Parsed from vertically rendered table.
2026-08-16,2026-08,Ituri,Lolwa,xp3Y1OXHZLj,15,4,1.4666692450000482,29.46470993607435,SitRep N94/MVB,2026-08-16,Automatically extracted from INSP SitRep PDF; validated against total cumulative cases. Rows without dashboard geometry are retained in totals but hidden on the case map. Parsed from vertically rendered table.
2026-08-16,2026-08,Ituri,Mahagi,seNn0NUsKYn,4,1,2.3021508495800296,30.865062342480392,SitRep N94/MVB,2026-08-16,Automatically extracted from INSP SitRep PDF; validated against total cumulative cases. Rows without dashboard geometry are retained in totals but hidden on the case map. Parsed from vertically rendered table.
2026-08-16,2026-08,Ituri,Mambasa,RjHZChl5gJQ,14,7,1.4290391459577108,28.62314089055854,SitRep N94/MVB,2026-08-16,Automatically extracted from INSP SitRep PDF; validated against total cumulative cases. Rows without dashboard geometry are retained in totals but hidden on the case map. Parsed from vertically rendered table.
2026-08-16,2026-08,Ituri,Mandima,YpXUkTbtAPA,23,14,0.9848691425853815,29.17200687013976,SitRep N94/MVB,2026-08-16,Automatically extracted from INSP SitRep PDF; validated against total cumulative cases. Rows without dashboard geometry are retained in totals but hidden on the case map. Parsed from vertically rendered table.
2026-08-16,2026-08,Ituri,Mangala,,162,92,,,SitRep N94/MVB,2026-08-16,Automatically extracted from INSP SitRep PDF; validated against total cumulative cases. Rows without dashboard geometry are retained in totals but hidden on the case map. Parsed from vertically rendered table.
2026-08-16,2026-08,Ituri,Mongbwalu,nv8tx681Gjd,590,282,2.1202041400000837,29.46395014319073,SitRep N94/MVB,2026-08-16,Automatically extracted from INSP SitRep PDF; validated against total cumulative cases. Rows without dashboard geometry are retained in totals but hidden on the case map. Parsed from vertically rendered table.
2026-08-16,2026-08,Ituri,Nia-Nia,,170,100,,,SitRep N94/MVB,2026-08-16,Automatically extracted from INSP SitRep PDF; validated against total cumulative cases. Rows without dashboard geometry are retained in totals but hidden on the case map. Parsed from vertically rendered table.
2026-08-16,2026-08,Ituri,Nizi,TCE5waEW7Fi,539,240,1.7491092545000129,30.29386589242562,SitRep N94/MVB,2026-08-16,Automatically extracted from INSP SitRep PDF; validated against total cumulative cases. Rows without dashboard geometry are retained in totals but hidden on the case map. Parsed from vertically rendered table.
2026-08-16,2026-08,Ituri,Nyankunde,mGTaa8TFifO,121,35,1.4866449679154434,29.933917392135683,SitRep N94/MVB,2026-08-16,Automatically extracted from INSP SitRep PDF; validated against total cumulative cases. Rows without dashboard geometry are retained in totals but hidden on the case map. Parsed from vertically rendered table.
2026-08-16,2026-08,Ituri,Rimba,a2aJcbwnjoK,9,4,2.2214134000000456,30.706000954123333,SitRep N94/MVB,2026-08-16,Automatically extracted from INSP SitRep PDF; validated against total cumulative cases. Rows without dashboard geometry are retained in totals but hidden on the case map. Parsed from vertically rendered table.
2026-08-16,2026-08,Ituri,Rwampara,vPxN2nZnBXK,856,331,1.5710652340000308,30.08327315923981,SitRep N94/MVB,2026-08-16,Automatically extracted from INSP SitRep PDF; validated against total cumulative cases. Rows without dashboard geometry are retained in totals but hidden on the case map. Parsed from vertically rendered table.
2026-08-16,2026-08,Ituri,Tchomia,rhj4btTd3i0,50,25,1.5216207475000374,30.468986199294,SitRep N94/MVB,2026-08-16,Automatically extracted from INSP SitRep PDF; validated against total cumulative cases. Rows without dashboard geometry are retained in totals but hidden on the case map. Parsed from vertically rendered table.
2026-08-16,2026-08,Nord-Kivu,Beni,msg2MyMGhKv,93,70,0.49317124866695505,29.51358389763662,SitRep N94/MVB,2026-08-16,Automatically extracted from INSP SitRep PDF; validated against total cumulative cases. Rows without dashboard geometry are retained in totals but hidden on the case map. Parsed from vertically rendered table.
2026-08-16,2026-08,Nord-Kivu,Butembo,foR0DRLqtdJ,112,95,0.14653425000037146,29.251277502423125,SitRep N94/MVB,2026-08-16,Automatically extracted from INSP SitRep PDF; validated against total cumulative cases. Rows without dashboard geometry are retained in totals but hidden on the case map. Parsed from vertically rendered table.
2026-08-16,2026-08,Nord-Kivu,Goma,t8tjGKVhkl3,1,0,-1.6528676989999553,29.17826328304752,SitRep N94/MVB,2026-08-16,Automatically extracted from INSP SitRep PDF; validated against total cumulative cases. Rows without dashboard geometry are retained in totals but hidden on the case map. Parsed from vertically rendered table.
2026-08-16,2026-08,Nord-Kivu,Kalunguta,XoJ3dLz68aj,13,6,0.32661665000009066,29.346222520686638,SitRep N94/MVB,2026-08-16,Automatically extracted from INSP SitRep PDF; validated against total cumulative cases. Rows without dashboard geometry are retained in totals but hidden on the case map. Parsed from vertically rendered table.
2026-08-16,2026-08,Nord-Kivu,Katwa,woJBeEpIZdy,291,198,0.1198993135112445,29.32416416638681,SitRep N94/MVB,2026-08-16,Automatically extracted from INSP SitRep PDF; validated against total cumulative cases. Rows without dashboard geometry are retained in totals but hidden on the case map. Parsed from vertically rendered table.
2026-08-16,2026-08,Nord-Kivu,Kyondo,amGiV9h9C2I,15,12,0.01326616194717092,29.504202701174762,SitRep N94/MVB,2026-08-16,Automatically extracted from INSP SitRep PDF; validated against total cumulative cases. Rows without dashboard geometry are retained in totals but hidden on the case map. Parsed from vertically rendered table.
2026-08-16,2026-08,Nord-Kivu,Lubero,oTtGHeQSotN,1,1,-0.2711820729999488,29.337473243936046,SitRep N94/MVB,2026-08-16,Automatically extracted from INSP SitRep PDF; validated against total cumulative cases. Rows without dashboard geometry are retained in totals but hidden on the case map. Parsed from vertically rendered table.
2026-08-16,2026-08,Nord-Kivu,Mabalako,svtAZQ9nVl0,2,1,0.5045215710000548,29.193929599486516,SitRep N94/MVB,2026-08-16,Automatically extracted from INSP SitRep PDF; validated against total cumulative cases. Rows without dashboard geometry are retained in totals but hidden on the case map. Parsed from vertically rendered table.
2026-08-16,2026-08,Nord-Kivu,Masereka,kQCMPbHKQ93,7,4,-0.10927556649997427,29.327512197678764,SitRep N94/MVB,2026-08-16,Automatically extracted from INSP SitRep PDF; validated against total cumulative cases. Rows without dashboard geometry are retained in totals but hidden on the case map. Parsed from vertically rendered table.
2026-08-16,2026-08,Nord-Kivu,Musienene,VooLsNf0dDB,62,35,0.07251365900023643,28.353275181121674,SitRep N94/MVB,2026-08-16,Automatically extracted from INSP SitRep PDF; validated against total cumulative cases. Rows without dashboard geometry are retained in totals but hidden on the case map. Parsed from vertically rendered table.
2026-08-16,2026-08,Nord-Kivu,Oicha,zOOAshOz4Cz,5,4,0.7639879778753311,29.547044823759116,SitRep N94/MVB,2026-08-16,Automatically extracted from INSP SitRep PDF; validated against total cumulative cases. Rows without dashboard geometry are retained in totals but hidden on the case map. Parsed from vertically rendered table.
2026-08-16,2026-08,Nord-Kivu,Vuhovi,,5,2,,,SitRep N94/MVB,2026-08-16,Automatically extracted from INSP SitRep PDF; validated against total cumulative cases. Rows without dashboard geometry are retained in totals but hidden on the case map. Parsed from vertically rendered table.
2026-08-16,2026-08,Sud-Kivu,Miti-Murhesa,,3,1,,,SitRep N94/MVB,2026-08-16,Automatically extracted from INSP SitRep PDF; validated against total cumulative cases. Rows without dashboard geometry are retained in totals but hidden on the case map. Parsed from vertically rendered table.
2026-08-16,2026-08,Tshopo,Bafwasende,pLBZiohnxFC,1,0,0.5883184495002638,26.679613954245525,SitRep N94/MVB,2026-08-16,Automatically extracted from INSP SitRep PDF; validated against total cumulative cases. Rows without dashboard geometry are retained in totals but hidden on the case map. Parsed from vertically rendered table.
2026-08-16,2026-08,Tshopo,Kabondo,Al5GBxzCgMe,3,2,0.611433901500078,25.36859620730113,SitRep N94/MVB,2026-08-16,Automatically extracted from INSP SitRep PDF; validated against total cumulative cases. Rows without dashboard geometry are retained in totals but hidden on the case map. Parsed from vertically rendered table.
2026-08-16,2026-08,Tshopo,Lubunga,I9d1F9TGn33,1,0,0.4130002195000486,25.10564709446672,SitRep N94/MVB,2026-08-16,Automatically extracted from INSP SitRep PDF; validated against total cumulative cases. Rows without dashboard geometry are retained in totals but hidden on the case map. Parsed from vertically rendered table.
2026-08-16,2026-08,Tshopo,Makiso-Kisangani,,5,4,,,SitRep N94/MVB,2026-08-16,Automatically extracted from INSP SitRep PDF; validated against total cumulative cases. Rows without dashboard geometry are retained in totals but hidden on the case map. Parsed from vertically rendered table.
2026-08-16,2026-08,Tshopo,Mangobo,wOWB7WbNuSN,2,1,0.5399329588970425,25.15236555521503,SitRep N94/MVB,2026-08-16,Automatically extracted from INSP SitRep PDF; validated against total cumulative cases. Rows without dashboard geometry are retained in totals but hidden on the case map. Parsed from vertically rendered table.
2026-08-16,2026-08,Tshopo,Tshopo,IMkgSD6FVjc,1,0,0.8225417305001201,25.51250589004271,SitRep N94/MVB,2026-08-16,Automatically extracted from INSP SitRep PDF; validated against total cumulative cases. Rows without dashboard geometry are retained in totals but hidden on the case map. Disambiguated from the Tshopo province subtotal.
2026-08-16,2026-08,Tshopo,Wanie-Rukula,,1,0,,,SitRep N94/MVB,2026-08-16,Automatically extracted from INSP SitRep PDF; validated against total cumulative cases. Rows without dashboard geometry are retained in totals but hidden on the case map. Parsed from vertically rendered table.
2026-08-17,2026-08,Bas-Uele,Buta,pggZxV6O3iF,1,1,2.8350074602528936,25.201793052528068,SitRep N95/MVB,2026-08-17,Automatically extracted from INSP SitRep PDF; validated against total cumulative cases. Rows without dashboard geometry are retained in totals but hidden on the case map. Parsed from vertically rendered table.
2026-08-17,2026-08,Haut-Uele,Boma Mangbetu,qwBasnNFRFW,23,8,2.2351428900001054,27.792917281282055,SitRep N95/MVB,2026-08-17,Automatically extracted from INSP SitRep PDF; validated against total cumulative cases. Rows without dashboard geometry are retained in totals but hidden on the case map. Repaired from a split health-zone name in PDF text extraction.
2026-08-17,2026-08,Haut-Uele,Gombari,h1dItcsoHRw,1,1,2.8324490322969806,29.003074885174172,SitRep N95/MVB,2026-08-17,Automatically extracted from INSP SitRep PDF; validated against total cumulative cases. Rows without dashboard geometry are retained in totals but hidden on the case map. Parsed from vertically rendered table.
2026-08-17,2026-08,Haut-Uele,Isiro,lW6NlTXqGcv,47,22,2.398158594500046,27.318090299264888,SitRep N95/MVB,2026-08-17,Automatically extracted from INSP SitRep PDF; validated against total cumulative cases. Rows without dashboard geometry are retained in totals but hidden on the case map. Parsed from vertically rendered table.
2026-08-17,2026-08,Haut-Uele,Pawa,ZxQY9szHMx5,20,14,2.336214680000097,27.537045107299598,SitRep N95/MVB,2026-08-17,Automatically extracted from INSP SitRep PDF; validated against total cumulative cases. Rows without dashboard geometry are retained in totals but hidden on the case map. Parsed from vertically rendered table.
2026-08-17,2026-08,Haut-Uele,Rungu,EGoMVOvVUAp,1,0,2.8721408758778737,28.04597429304644,SitRep N95/MVB,2026-08-17,Automatically extracted from INSP SitRep PDF; validated against total cumulative cases. Rows without dashboard geometry are retained in totals but hidden on the case map. Parsed from vertically rendered table.
2026-08-17,2026-08,Haut-Uele,Wamba,ET5R8zSN3gm,53,20,2.104064561500138,28.0995466507865,SitRep N95/MVB,2026-08-17,Automatically extracted from INSP SitRep PDF; validated against total cumulative cases. Rows without dashboard geometry are retained in totals but hidden on the case map. Parsed from vertically rendered table.
2026-08-17,2026-08,Ituri,Adja,CLboGR4F3lj,11,1,3.075097472000124,30.475237413395348,SitRep N95/MVB,2026-08-17,Automatically extracted from INSP SitRep PDF; validated against total cumulative cases. Rows without dashboard geometry are retained in totals but hidden on the case map. Parsed from vertically rendered table.
2026-08-17,2026-08,Ituri,Ariwara,fM8IqjhdeyL,8,2,3.1940884310532445,30.693184448654044,SitRep N95/MVB,2026-08-17,Automatically extracted from INSP SitRep PDF; validated against total cumulative cases. Rows without dashboard geometry are retained in totals but hidden on the case map. Parsed from vertically rendered table.
2026-08-17,2026-08,Ituri,Aru,v8PqffapuVl,7,6,2.859042986322321,30.833681049566664,SitRep N95/MVB,2026-08-17,Automatically extracted from INSP SitRep PDF; validated against total cumulative cases. Rows without dashboard geometry are retained in totals but hidden on the case map. Parsed from vertically rendered table.
2026-08-17,2026-08,Ituri,Aungba,DFcltLEKLxj,11,5,2.5670708830760702,30.592536320311343,SitRep N95/MVB,2026-08-17,Automatically extracted from INSP SitRep PDF; validated against total cumulative cases. Rows without dashboard geometry are retained in totals but hidden on the case map. Parsed from vertically rendered table.
2026-08-17,2026-08,Ituri,Bambu,Uc3GqWS8C0w,112,26,1.8633970955000336,30.20627592724413,SitRep N95/MVB,2026-08-17,Automatically extracted from INSP SitRep PDF; validated against total cumulative cases. Rows without dashboard geometry are retained in totals but hidden on the case map. Parsed from vertically rendered table.
2026-08-17,2026-08,Ituri,Boga,rLadlFjzCh7,1,1,0.9822493237397867,30.003461492917513,SitRep N95/MVB,2026-08-17,Automatically extracted from INSP SitRep PDF; validated against total cumulative cases. Rows without dashboard geometry are retained in totals but hidden on the case map. Parsed from vertically rendered table.
2026-08-17,2026-08,Ituri,Bunia,GPi6i83o7l6,1194,372,1.607713140500067,30.282078091482003,SitRep N95/MVB,2026-08-17,Automatically extracted from INSP SitRep PDF; validated against total cumulative cases. Rows without dashboard geometry are retained in totals but hidden on the case map. Parsed from vertically rendered table.
2026-08-17,2026-08,Ituri,Damas,ApdB8z3Wrxt,25,9,2.1976361605001387,30.229346408586434,SitRep N95/MVB,2026-08-17,Automatically extracted from INSP SitRep PDF; validated against total cumulative cases. Rows without dashboard geometry are retained in totals but hidden on the case map. Parsed from vertically rendered table.
2026-08-17,2026-08,Ituri,Drodro,OIhgsXcZf6x,13,6,1.7484347510000475,30.586912835820826,SitRep N95/MVB,2026-08-17,Automatically extracted from INSP SitRep PDF; validated against total cumulative cases. Rows without dashboard geometry are retained in totals but hidden on the case map. Parsed from vertically rendered table.
2026-08-17,2026-08,Ituri,Fataki,FDNwbfrJhkA,71,30,1.9004797405000886,30.565348794325672,SitRep N95/MVB,2026-08-17,Automatically extracted from INSP SitRep PDF; validated against total cumulative cases. Rows without dashboard geometry are retained in totals but hidden on the case map. Parsed from vertically rendered table.
2026-08-17,2026-08,Ituri,Gety,X8zFJ7DJlRD,5,2,1.253148786140514,30.189368117956285,SitRep N95/MVB,2026-08-17,Automatically extracted from INSP SitRep PDF; validated against total cumulative cases. Rows without dashboard geometry are retained in totals but hidden on the case map. Parsed from vertically rendered table.
2026-08-17,2026-08,Ituri,Kambala,SkEKQLSulmp,2,0,2.313255370000064,30.547371294734642,SitRep N95/MVB,2026-08-17,Automatically extracted from INSP SitRep PDF; validated against total cumulative cases. Rows without dashboard geometry are retained in totals but hidden on the case map. Parsed from vertically rendered table.
2026-08-17,2026-08,Ituri,Kilo,sbyWSsdZ3tj,31,12,1.7598275375000298,30.080701985660504,SitRep N95/MVB,2026-08-17,Automatically extracted from INSP SitRep PDF; validated against total cumulative cases. Rows without dashboard geometry are retained in totals but hidden on the case map. Parsed from vertically rendered table.
2026-08-17,2026-08,Ituri,Komanda,i2mtQy4nTmD,51,35,1.1261791000000585,29.62557262065517,SitRep N95/MVB,2026-08-17,Automatically extracted from INSP SitRep PDF; validated against total cumulative cases. Rows without dashboard geometry are retained in totals but hidden on the case map. Parsed from vertically rendered table.
2026-08-17,2026-08,Ituri,Lita,xGWcGHazqtw,183,104,1.588332974500048,30.38710948970807,SitRep N95/MVB,2026-08-17,Automatically extracted from INSP SitRep PDF; validated against total cumulative cases. Rows without dashboard geometry are retained in totals but hidden on the case map. Parsed from vertically rendered table.
2026-08-17,2026-08,Ituri,Logo,qqGoQGSp1Dw,11,5,2.155727226000039,30.877556277526388,SitRep N95/MVB,2026-08-17,Automatically extracted from INSP SitRep PDF; validated against total cumulative cases. Rows without dashboard geometry are retained in totals but hidden on the case map. Parsed from vertically rendered table.
2026-08-17,2026-08,Ituri,Lolwa,xp3Y1OXHZLj,15,4,1.4666692450000482,29.46470993607435,SitRep N95/MVB,2026-08-17,Automatically extracted from INSP SitRep PDF; validated against total cumulative cases. Rows without dashboard geometry are retained in totals but hidden on the case map. Parsed from vertically rendered table.
2026-08-17,2026-08,Ituri,Mahagi,seNn0NUsKYn,4,1,2.3021508495800296,30.865062342480392,SitRep N95/MVB,2026-08-17,Automatically extracted from INSP SitRep PDF; validated against total cumulative cases. Rows without dashboard geometry are retained in totals but hidden on the case map. Parsed from vertically rendered table.
2026-08-17,2026-08,Ituri,Mambasa,RjHZChl5gJQ,14,7,1.4290391459577108,28.62314089055854,SitRep N95/MVB,2026-08-17,Automatically extracted from INSP SitRep PDF; validated against total cumulative cases. Rows without dashboard geometry are retained in totals but hidden on the case map. Parsed from vertically rendered table.
2026-08-17,2026-08,Ituri,Mandima,YpXUkTbtAPA,23,14,0.9848691425853815,29.17200687013976,SitRep N95/MVB,2026-08-17,Automatically extracted from INSP SitRep PDF; validated against total cumulative cases. Rows without dashboard geometry are retained in totals but hidden on the case map. Parsed from vertically rendered table.
2026-08-17,2026-08,Ituri,Mangala,,165,92,,,SitRep N95/MVB,2026-08-17,Automatically extracted from INSP SitRep PDF; validated against total cumulative cases. Rows without dashboard geometry are retained in totals but hidden on the case map. Parsed from vertically rendered table.
2026-08-17,2026-08,Ituri,Mongbwalu,nv8tx681Gjd,591,282,2.1202041400000837,29.46395014319073,SitRep N95/MVB,2026-08-17,Automatically extracted from INSP SitRep PDF; validated against total cumulative cases. Rows without dashboard geometry are retained in totals but hidden on the case map. Parsed from vertically rendered table.
2026-08-17,2026-08,Ituri,Nia-Nia,,175,103,,,SitRep N95/MVB,2026-08-17,Automatically extracted from INSP SitRep PDF; validated against total cumulative cases. Rows without dashboard geometry are retained in totals but hidden on the case map. Parsed from vertically rendered table.
2026-08-17,2026-08,Ituri,Nizi,TCE5waEW7Fi,543,240,1.7491092545000129,30.29386589242562,SitRep N95/MVB,2026-08-17,Automatically extracted from INSP SitRep PDF; validated against total cumulative cases. Rows without dashboard geometry are retained in totals but hidden on the case map. Parsed from vertically rendered table.
2026-08-17,2026-08,Ituri,Nyankunde,mGTaa8TFifO,121,35,1.4866449679154434,29.933917392135683,SitRep N95/MVB,2026-08-17,Automatically extracted from INSP SitRep PDF; validated against total cumulative cases. Rows without dashboard geometry are retained in totals but hidden on the case map. Parsed from vertically rendered table.
2026-08-17,2026-08,Ituri,Rimba,a2aJcbwnjoK,9,4,2.2214134000000456,30.706000954123333,SitRep N95/MVB,2026-08-17,Automatically extracted from INSP SitRep PDF; validated against total cumulative cases. Rows without dashboard geometry are retained in totals but hidden on the case map. Parsed from vertically rendered table.
2026-08-17,2026-08,Ituri,Rwampara,vPxN2nZnBXK,863,332,1.5710652340000308,30.08327315923981,SitRep N95/MVB,2026-08-17,Automatically extracted from INSP SitRep PDF; validated against total cumulative cases. Rows without dashboard geometry are retained in totals but hidden on the case map. Parsed from vertically rendered table.
2026-08-17,2026-08,Ituri,Tchomia,rhj4btTd3i0,50,25,1.5216207475000374,30.468986199294,SitRep N95/MVB,2026-08-17,Automatically extracted from INSP SitRep PDF; validated against total cumulative cases. Rows without dashboard geometry are retained in totals but hidden on the case map. Parsed from vertically rendered table.
2026-08-17,2026-08,Nord-Kivu,Beni,msg2MyMGhKv,96,71,0.49317124866695505,29.51358389763662,SitRep N95/MVB,2026-08-17,Automatically extracted from INSP SitRep PDF; validated against total cumulative cases. Rows without dashboard geometry are retained in totals but hidden on the case map. Parsed from vertically rendered table.
2026-08-17,2026-08,Nord-Kivu,Butembo,foR0DRLqtdJ,118,96,0.14653425000037146,29.251277502423125,SitRep N95/MVB,2026-08-17,Automatically extracted from INSP SitRep PDF; validated against total cumulative cases. Rows without dashboard geometry are retained in totals but hidden on the case map. Parsed from vertically rendered table.
2026-08-17,2026-08,Nord-Kivu,Goma,t8tjGKVhkl3,1,0,-1.6528676989999553,29.17826328304752,SitRep N95/MVB,2026-08-17,Automatically extracted from INSP SitRep PDF; validated against total cumulative cases. Rows without dashboard geometry are retained in totals but hidden on the case map. Parsed from vertically rendered table.
2026-08-17,2026-08,Nord-Kivu,Kalunguta,XoJ3dLz68aj,13,6,0.32661665000009066,29.346222520686638,SitRep N95/MVB,2026-08-17,Automatically extracted from INSP SitRep PDF; validated against total cumulative cases. Rows without dashboard geometry are retained in totals but hidden on the case map. Parsed from vertically rendered table.
2026-08-17,2026-08,Nord-Kivu,Katwa,woJBeEpIZdy,306,199,0.1198993135112445,29.32416416638681,SitRep N95/MVB,2026-08-17,Automatically extracted from INSP SitRep PDF; validated against total cumulative cases. Rows without dashboard geometry are retained in totals but hidden on the case map. Parsed from vertically rendered table.
2026-08-17,2026-08,Nord-Kivu,Kyondo,amGiV9h9C2I,15,12,0.01326616194717092,29.504202701174762,SitRep N95/MVB,2026-08-17,Automatically extracted from INSP SitRep PDF; validated against total cumulative cases. Rows without dashboard geometry are retained in totals but hidden on the case map. Parsed from vertically rendered table.
2026-08-17,2026-08,Nord-Kivu,Lubero,oTtGHeQSotN,1,1,-0.2711820729999488,29.337473243936046,SitRep N95/MVB,2026-08-17,Automatically extracted from INSP SitRep PDF; validated against total cumulative cases. Rows without dashboard geometry are retained in totals but hidden on the case map. Parsed from vertically rendered table.
2026-08-17,2026-08,Nord-Kivu,Mabalako,svtAZQ9nVl0,2,1,0.5045215710000548,29.193929599486516,SitRep N95/MVB,2026-08-17,Automatically extracted from INSP SitRep PDF; validated against total cumulative cases. Rows without dashboard geometry are retained in totals but hidden on the case map. Parsed from vertically rendered table.
2026-08-17,2026-08,Nord-Kivu,Masereka,kQCMPbHKQ93,7,4,-0.10927556649997427,29.327512197678764,SitRep N95/MVB,2026-08-17,Automatically extracted from INSP SitRep PDF; validated against total cumulative cases. Rows without dashboard geometry are retained in totals but hidden on the case map. Parsed from vertically rendered table.
2026-08-17,2026-08,Nord-Kivu,Musienene,VooLsNf0dDB,63,35,0.07251365900023643,28.353275181121674,SitRep N95/MVB,2026-08-17,Automatically extracted from INSP SitRep PDF; validated against total cumulative cases. Rows without dashboard geometry are retained in totals but hidden on the case map. Parsed from vertically rendered table.
2026-08-17,2026-08,Nord-Kivu,Oicha,zOOAshOz4Cz,6,4,0.7639879778753311,29.547044823759116,SitRep N95/MVB,2026-08-17,Automatically extracted from INSP SitRep PDF; validated against total cumulative cases. Rows without dashboard geometry are retained in totals but hidden on the case map. Parsed from vertically rendered table.
2026-08-17,2026-08,Nord-Kivu,Vuhovi,,5,2,,,SitRep N95/MVB,2026-08-17,Automatically extracted from INSP SitRep PDF; validated against total cumulative cases. Rows without dashboard geometry are retained in totals but hidden on the case map. Parsed from vertically rendered table.
2026-08-17,2026-08,Sud-Kivu,Miti-Murhesa,,3,1,,,SitRep N95/MVB,2026-08-17,Automatically extracted from INSP SitRep PDF; validated against total cumulative cases. Rows without dashboard geometry are retained in totals but hidden on the case map. Parsed from vertically rendered table.
2026-08-17,2026-08,Tshopo,Bafwasende,pLBZiohnxFC,1,0,0.5883184495002638,26.679613954245525,SitRep N95/MVB,2026-08-17,Automatically extracted from INSP SitRep PDF; validated against total cumulative cases. Rows without dashboard geometry are retained in totals but hidden on the case map. Parsed from vertically rendered table.
2026-08-17,2026-08,Tshopo,Kabondo,Al5GBxzCgMe,3,2,0.611433901500078,25.36859620730113,SitRep N95/MVB,2026-08-17,Automatically extracted from INSP SitRep PDF; validated against total cumulative cases. Rows without dashboard geometry are retained in totals but hidden on the case map. Parsed from vertically rendered table.
2026-08-17,2026-08,Tshopo,Lubunga,I9d1F9TGn33,1,0,0.4130002195000486,25.10564709446672,SitRep N95/MVB,2026-08-17,Automatically extracted from INSP SitRep PDF; validated against total cumulative cases. Rows without dashboard geometry are retained in totals but hidden on the case map. Parsed from vertically rendered table.
2026-08-17,2026-08,Tshopo,Makiso-Kisangani,,5,4,,,SitRep N95/MVB,2026-08-17,Automatically extracted from INSP SitRep PDF; validated against total cumulative cases. Rows without dashboard geometry are retained in totals but hidden on the case map. Repaired from a split health-zone name in PDF text extraction.
2026-08-17,2026-08,Tshopo,Mangobo,wOWB7WbNuSN,2,1,0.5399329588970425,25.15236555521503,SitRep N95/MVB,2026-08-17,Automatically extracted from INSP SitRep PDF; validated against total cumulative cases. Rows without dashboard geometry are retained in totals but hidden on the case map. Parsed from vertically rendered table.
2026-08-17,2026-08,Tshopo,Tshopo,IMkgSD6FVjc,1,0,0.8225417305001201,25.51250589004271,SitRep N95/MVB,2026-08-17,Automatically extracted from INSP SitRep PDF; validated against total cumulative cases. Rows without dashboard geometry are retained in totals but hidden on the case map. Disambiguated from the Tshopo province subtotal.
2026-08-17,2026-08,Tshopo,Wanie-Rukula,,1,0,,,SitRep N95/MVB,2026-08-17,Automatically extracted from INSP SitRep PDF; validated against total cumulative cases. Rows without dashboard geometry are retained in totals but hidden on the case map. Parsed from vertically rendered table.
2026-08-18,2026-08,Bas-Uele,Buta,pggZxV6O3iF,1,1,2.8350074602528936,25.201793052528068,SitRep N96/MVB,2026-08-18,Automatically extracted from INSP SitRep PDF; validated against total cumulative cases. Rows without dashboard geometry are retained in totals but hidden on the case map. Parsed from vertically rendered table.
2026-08-18,2026-08,Bas-Uele,Viadana,,1,0,,,SitRep N96/MVB,2026-08-18,Automatically extracted from INSP SitRep PDF; validated against total cumulative cases. Rows without dashboard geometry are retained in totals but hidden on the case map. Parsed from vertically rendered table.
2026-08-18,2026-08,Haut-Uele,Boma Mangbetu,qwBasnNFRFW,23,9,2.2351428900001054,27.792917281282055,SitRep N96/MVB,2026-08-18,Automatically extracted from INSP SitRep PDF; validated against total cumulative cases. Rows without dashboard geometry are retained in totals but hidden on the case map. Parsed from vertically rendered table.
2026-08-18,2026-08,Haut-Uele,Gombari,h1dItcsoHRw,1,1,2.8324490322969806,29.003074885174172,SitRep N96/MVB,2026-08-18,Automatically extracted from INSP SitRep PDF; validated against total cumulative cases. Rows without dashboard geometry are retained in totals but hidden on the case map. Parsed from vertically rendered table.
2026-08-18,2026-08,Haut-Uele,Isiro,lW6NlTXqGcv,55,24,2.398158594500046,27.318090299264888,SitRep N96/MVB,2026-08-18,Automatically extracted from INSP SitRep PDF; validated against total cumulative cases. Rows without dashboard geometry are retained in totals but hidden on the case map. Parsed from vertically rendered table.
2026-08-18,2026-08,Haut-Uele,Pawa,ZxQY9szHMx5,20,14,2.336214680000097,27.537045107299598,SitRep N96/MVB,2026-08-18,Automatically extracted from INSP SitRep PDF; validated against total cumulative cases. Rows without dashboard geometry are retained in totals but hidden on the case map. Parsed from vertically rendered table.
2026-08-18,2026-08,Haut-Uele,Rungu,EGoMVOvVUAp,1,0,2.8721408758778737,28.04597429304644,SitRep N96/MVB,2026-08-18,Automatically extracted from INSP SitRep PDF; validated against total cumulative cases. Rows without dashboard geometry are retained in totals but hidden on the case map. Parsed from vertically rendered table.
2026-08-18,2026-08,Haut-Uele,Wamba,ET5R8zSN3gm,53,21,2.104064561500138,28.0995466507865,SitRep N96/MVB,2026-08-18,Automatically extracted from INSP SitRep PDF; validated against total cumulative cases. Rows without dashboard geometry are retained in totals but hidden on the case map. Parsed from vertically rendered table.
2026-08-18,2026-08,Ituri,Adja,CLboGR4F3lj,11,1,3.075097472000124,30.475237413395348,SitRep N96/MVB,2026-08-18,Automatically extracted from INSP SitRep PDF; validated against total cumulative cases. Rows without dashboard geometry are retained in totals but hidden on the case map. Parsed from vertically rendered table.
2026-08-18,2026-08,Ituri,Ariwara,fM8IqjhdeyL,8,2,3.1940884310532445,30.693184448654044,SitRep N96/MVB,2026-08-18,Automatically extracted from INSP SitRep PDF; validated against total cumulative cases. Rows without dashboard geometry are retained in totals but hidden on the case map. Parsed from vertically rendered table.
2026-08-18,2026-08,Ituri,Aru,v8PqffapuVl,7,6,2.859042986322321,30.833681049566664,SitRep N96/MVB,2026-08-18,Automatically extracted from INSP SitRep PDF; validated against total cumulative cases. Rows without dashboard geometry are retained in totals but hidden on the case map. Parsed from vertically rendered table.
2026-08-18,2026-08,Ituri,Aungba,DFcltLEKLxj,11,5,2.5670708830760702,30.592536320311343,SitRep N96/MVB,2026-08-18,Automatically extracted from INSP SitRep PDF; validated against total cumulative cases. Rows without dashboard geometry are retained in totals but hidden on the case map. Parsed from vertically rendered table.
2026-08-18,2026-08,Ituri,Bambu,Uc3GqWS8C0w,114,26,1.8633970955000336,30.20627592724413,SitRep N96/MVB,2026-08-18,Automatically extracted from INSP SitRep PDF; validated against total cumulative cases. Rows without dashboard geometry are retained in totals but hidden on the case map. Parsed from vertically rendered table.
2026-08-18,2026-08,Ituri,Boga,rLadlFjzCh7,1,1,0.9822493237397867,30.003461492917513,SitRep N96/MVB,2026-08-18,Automatically extracted from INSP SitRep PDF; validated against total cumulative cases. Rows without dashboard geometry are retained in totals but hidden on the case map. Parsed from vertically rendered table.
2026-08-18,2026-08,Ituri,Bunia,GPi6i83o7l6,1219,384,1.607713140500067,30.282078091482003,SitRep N96/MVB,2026-08-18,Automatically extracted from INSP SitRep PDF; validated against total cumulative cases. Rows without dashboard geometry are retained in totals but hidden on the case map. Parsed from vertically rendered table.
2026-08-18,2026-08,Ituri,Damas,ApdB8z3Wrxt,25,9,2.1976361605001387,30.229346408586434,SitRep N96/MVB,2026-08-18,Automatically extracted from INSP SitRep PDF; validated against total cumulative cases. Rows without dashboard geometry are retained in totals but hidden on the case map. Parsed from vertically rendered table.
2026-08-18,2026-08,Ituri,Drodro,OIhgsXcZf6x,13,6,1.7484347510000475,30.586912835820826,SitRep N96/MVB,2026-08-18,Automatically extracted from INSP SitRep PDF; validated against total cumulative cases. Rows without dashboard geometry are retained in totals but hidden on the case map. Parsed from vertically rendered table.
2026-08-18,2026-08,Ituri,Fataki,FDNwbfrJhkA,72,30,1.9004797405000886,30.565348794325672,SitRep N96/MVB,2026-08-18,Automatically extracted from INSP SitRep PDF; validated against total cumulative cases. Rows without dashboard geometry are retained in totals but hidden on the case map. Parsed from vertically rendered table.
2026-08-18,2026-08,Ituri,Gety,X8zFJ7DJlRD,5,2,1.253148786140514,30.189368117956285,SitRep N96/MVB,2026-08-18,Automatically extracted from INSP SitRep PDF; validated against total cumulative cases. Rows without dashboard geometry are retained in totals but hidden on the case map. Parsed from vertically rendered table.
2026-08-18,2026-08,Ituri,Kambala,SkEKQLSulmp,2,0,2.313255370000064,30.547371294734642,SitRep N96/MVB,2026-08-18,Automatically extracted from INSP SitRep PDF; validated against total cumulative cases. Rows without dashboard geometry are retained in totals but hidden on the case map. Parsed from vertically rendered table.
2026-08-18,2026-08,Ituri,Kilo,sbyWSsdZ3tj,31,12,1.7598275375000298,30.080701985660504,SitRep N96/MVB,2026-08-18,Automatically extracted from INSP SitRep PDF; validated against total cumulative cases. Rows without dashboard geometry are retained in totals but hidden on the case map. Parsed from vertically rendered table.
2026-08-18,2026-08,Ituri,Komanda,i2mtQy4nTmD,53,37,1.1261791000000585,29.62557262065517,SitRep N96/MVB,2026-08-18,Automatically extracted from INSP SitRep PDF; validated against total cumulative cases. Rows without dashboard geometry are retained in totals but hidden on the case map. Parsed from vertically rendered table.
2026-08-18,2026-08,Ituri,Lita,xGWcGHazqtw,186,106,1.588332974500048,30.38710948970807,SitRep N96/MVB,2026-08-18,Automatically extracted from INSP SitRep PDF; validated against total cumulative cases. Rows without dashboard geometry are retained in totals but hidden on the case map. Parsed from vertically rendered table.
2026-08-18,2026-08,Ituri,Logo,qqGoQGSp1Dw,11,5,2.155727226000039,30.877556277526388,SitRep N96/MVB,2026-08-18,Automatically extracted from INSP SitRep PDF; validated against total cumulative cases. Rows without dashboard geometry are retained in totals but hidden on the case map. Parsed from vertically rendered table.
2026-08-18,2026-08,Ituri,Lolwa,xp3Y1OXHZLj,17,4,1.4666692450000482,29.46470993607435,SitRep N96/MVB,2026-08-18,Automatically extracted from INSP SitRep PDF; validated against total cumulative cases. Rows without dashboard geometry are retained in totals but hidden on the case map. Parsed from vertically rendered table.
2026-08-18,2026-08,Ituri,Mahagi,seNn0NUsKYn,4,1,2.3021508495800296,30.865062342480392,SitRep N96/MVB,2026-08-18,Automatically extracted from INSP SitRep PDF; validated against total cumulative cases. Rows without dashboard geometry are retained in totals but hidden on the case map. Parsed from vertically rendered table.
2026-08-18,2026-08,Ituri,Mambasa,RjHZChl5gJQ,14,7,1.4290391459577108,28.62314089055854,SitRep N96/MVB,2026-08-18,Automatically extracted from INSP SitRep PDF; validated against total cumulative cases. Rows without dashboard geometry are retained in totals but hidden on the case map. Parsed from vertically rendered table.
2026-08-18,2026-08,Ituri,Mandima,YpXUkTbtAPA,25,16,0.9848691425853815,29.17200687013976,SitRep N96/MVB,2026-08-18,Automatically extracted from INSP SitRep PDF; validated against total cumulative cases. Rows without dashboard geometry are retained in totals but hidden on the case map. Parsed from vertically rendered table.
2026-08-18,2026-08,Ituri,Mangala,,173,99,,,SitRep N96/MVB,2026-08-18,Automatically extracted from INSP SitRep PDF; validated against total cumulative cases. Rows without dashboard geometry are retained in totals but hidden on the case map. Parsed from vertically rendered table.
2026-08-18,2026-08,Ituri,Mongbwalu,nv8tx681Gjd,593,282,2.1202041400000837,29.46395014319073,SitRep N96/MVB,2026-08-18,Automatically extracted from INSP SitRep PDF; validated against total cumulative cases. Rows without dashboard geometry are retained in totals but hidden on the case map. Parsed from vertically rendered table.
2026-08-18,2026-08,Ituri,Nia-Nia,,178,104,,,SitRep N96/MVB,2026-08-18,Automatically extracted from INSP SitRep PDF; validated against total cumulative cases. Rows without dashboard geometry are retained in totals but hidden on the case map. Parsed from vertically rendered table.
2026-08-18,2026-08,Ituri,Nizi,TCE5waEW7Fi,558,243,1.7491092545000129,30.29386589242562,SitRep N96/MVB,2026-08-18,Automatically extracted from INSP SitRep PDF; validated against total cumulative cases. Rows without dashboard geometry are retained in totals but hidden on the case map. Parsed from vertically rendered table.
2026-08-18,2026-08,Ituri,Nyankunde,mGTaa8TFifO,121,35,1.4866449679154434,29.933917392135683,SitRep N96/MVB,2026-08-18,Automatically extracted from INSP SitRep PDF; validated against total cumulative cases. Rows without dashboard geometry are retained in totals but hidden on the case map. Parsed from vertically rendered table.
2026-08-18,2026-08,Ituri,Rimba,a2aJcbwnjoK,9,4,2.2214134000000456,30.706000954123333,SitRep N96/MVB,2026-08-18,Automatically extracted from INSP SitRep PDF; validated against total cumulative cases. Rows without dashboard geometry are retained in totals but hidden on the case map. Parsed from vertically rendered table.
2026-08-18,2026-08,Ituri,Rwampara,vPxN2nZnBXK,879,332,1.5710652340000308,30.08327315923981,SitRep N96/MVB,2026-08-18,Automatically extracted from INSP SitRep PDF; validated against total cumulative cases. Rows without dashboard geometry are retained in totals but hidden on the case map. Parsed from vertically rendered table.
2026-08-18,2026-08,Ituri,Tchomia,rhj4btTd3i0,51,25,1.5216207475000374,30.468986199294,SitRep N96/MVB,2026-08-18,Automatically extracted from INSP SitRep PDF; validated against total cumulative cases. Rows without dashboard geometry are retained in totals but hidden on the case map. Parsed from vertically rendered table.
2026-08-18,2026-08,Nord-Kivu,Beni,msg2MyMGhKv,98,71,0.49317124866695505,29.51358389763662,SitRep N96/MVB,2026-08-18,Automatically extracted from INSP SitRep PDF; validated against total cumulative cases. Rows without dashboard geometry are retained in totals but hidden on the case map. Parsed from vertically rendered table.
2026-08-18,2026-08,Nord-Kivu,Butembo,foR0DRLqtdJ,124,98,0.14653425000037146,29.251277502423125,SitRep N96/MVB,2026-08-18,Automatically extracted from INSP SitRep PDF; validated against total cumulative cases. Rows without dashboard geometry are retained in totals but hidden on the case map. Parsed from vertically rendered table.
2026-08-18,2026-08,Nord-Kivu,Goma,t8tjGKVhkl3,1,0,-1.6528676989999553,29.17826328304752,SitRep N96/MVB,2026-08-18,Automatically extracted from INSP SitRep PDF; validated against total cumulative cases. Rows without dashboard geometry are retained in totals but hidden on the case map. Parsed from vertically rendered table.
2026-08-18,2026-08,Nord-Kivu,Kalunguta,XoJ3dLz68aj,13,6,0.32661665000009066,29.346222520686638,SitRep N96/MVB,2026-08-18,Automatically extracted from INSP SitRep PDF; validated against total cumulative cases. Rows without dashboard geometry are retained in totals but hidden on the case map. Parsed from vertically rendered table.
2026-08-18,2026-08,Nord-Kivu,Katwa,woJBeEpIZdy,310,204,0.1198993135112445,29.32416416638681,SitRep N96/MVB,2026-08-18,Automatically extracted from INSP SitRep PDF; validated against total cumulative cases. Rows without dashboard geometry are retained in totals but hidden on the case map. Parsed from vertically rendered table.
2026-08-18,2026-08,Nord-Kivu,Kyondo,amGiV9h9C2I,15,12,0.01326616194717092,29.504202701174762,SitRep N96/MVB,2026-08-18,Automatically extracted from INSP SitRep PDF; validated against total cumulative cases. Rows without dashboard geometry are retained in totals but hidden on the case map. Parsed from vertically rendered table.
2026-08-18,2026-08,Nord-Kivu,Lubero,oTtGHeQSotN,1,1,-0.2711820729999488,29.337473243936046,SitRep N96/MVB,2026-08-18,Automatically extracted from INSP SitRep PDF; validated against total cumulative cases. Rows without dashboard geometry are retained in totals but hidden on the case map. Parsed from vertically rendered table.
2026-08-18,2026-08,Nord-Kivu,Mabalako,svtAZQ9nVl0,2,1,0.5045215710000548,29.193929599486516,SitRep N96/MVB,2026-08-18,Automatically extracted from INSP SitRep PDF; validated against total cumulative cases. Rows without dashboard geometry are retained in totals but hidden on the case map. Parsed from vertically rendered table.
2026-08-18,2026-08,Nord-Kivu,Masereka,kQCMPbHKQ93,7,4,-0.10927556649997427,29.327512197678764,SitRep N96/MVB,2026-08-18,Automatically extracted from INSP SitRep PDF; validated against total cumulative cases. Rows without dashboard geometry are retained in totals but hidden on the case map. Parsed from vertically rendered table.
2026-08-18,2026-08,Nord-Kivu,Musienene,VooLsNf0dDB,63,37,0.07251365900023643,28.353275181121674,SitRep N96/MVB,2026-08-18,Automatically extracted from INSP SitRep PDF; validated against total cumulative cases. Rows without dashboard geometry are retained in totals but hidden on the case map. Parsed from vertically rendered table.
2026-08-18,2026-08,Nord-Kivu,Oicha,zOOAshOz4Cz,6,4,0.7639879778753311,29.547044823759116,SitRep N96/MVB,2026-08-18,Automatically extracted from INSP SitRep PDF; validated against total cumulative cases. Rows without dashboard geometry are retained in totals but hidden on the case map. Parsed from vertically rendered table.
2026-08-18,2026-08,Nord-Kivu,Vuhovi,,5,2,,,SitRep N96/MVB,2026-08-18,Automatically extracted from INSP SitRep PDF; validated against total cumulative cases. Rows without dashboard geometry are retained in totals but hidden on the case map. Parsed from vertically rendered table.
2026-08-18,2026-08,Sud-Kivu,Miti-Murhesa,,3,1,,,SitRep N96/MVB,2026-08-18,Automatically extracted from INSP SitRep PDF; validated against total cumulative cases. Rows without dashboard geometry are retained in totals but hidden on the case map. Parsed from vertically rendered table.
2026-08-18,2026-08,Tshopo,Bafwasende,pLBZiohnxFC,1,0,0.5883184495002638,26.679613954245525,SitRep N96/MVB,2026-08-18,Automatically extracted from INSP SitRep PDF; validated against total cumulative cases. Rows without dashboard geometry are retained in totals but hidden on the case map. Parsed from vertically rendered table.
2026-08-18,2026-08,Tshopo,Kabondo,Al5GBxzCgMe,3,2,0.611433901500078,25.36859620730113,SitRep N96/MVB,2026-08-18,Automatically extracted from INSP SitRep PDF; validated against total cumulative cases. Rows without dashboard geometry are retained in totals but hidden on the case map. Parsed from vertically rendered table.
2026-08-18,2026-08,Tshopo,Lubunga,I9d1F9TGn33,1,0,0.4130002195000486,25.10564709446672,SitRep N96/MVB,2026-08-18,Automatically extracted from INSP SitRep PDF; validated against total cumulative cases. Rows without dashboard geometry are retained in totals but hidden on the case map. Parsed from vertically rendered table.
2026-08-18,2026-08,Tshopo,Makiso-Kisangani,,5,4,,,SitRep N96/MVB,2026-08-18,Automatically extracted from INSP SitRep PDF; validated against total cumulative cases. Rows without dashboard geometry are retained in totals but hidden on the case map. Repaired from a split health-zone name in PDF text extraction.
2026-08-18,2026-08,Tshopo,Mangobo,wOWB7WbNuSN,2,1,0.5399329588970425,25.15236555521503,SitRep N96/MVB,2026-08-18,Automatically extracted from INSP SitRep PDF; validated against total cumulative cases. Rows without dashboard geometry are retained in totals but hidden on the case map. Parsed from vertically rendered table.
2026-08-18,2026-08,Tshopo,Tshopo,IMkgSD6FVjc,1,0,0.8225417305001201,25.51250589004271,SitRep N96/MVB,2026-08-18,Automatically extracted from INSP SitRep PDF; validated against total cumulative cases. Rows without dashboard geometry are retained in totals but hidden on the case map. Disambiguated from the Tshopo province subtotal.
2026-08-18,2026-08,Tshopo,Wanie-Rukula,,1,0,,,SitRep N96/MVB,2026-08-18,Automatically extracted from INSP SitRep PDF; validated against total cumulative cases. Rows without dashboard geometry are retained in totals but hidden on the case map. Parsed from vertically rendered table.
2026-08-19,2026-08,Bas-Uele,Buta,pggZxV6O3iF,1,1,2.8350074602528936,25.201793052528068,SitRep N97/MVB,2026-08-19,Automatically extracted from INSP SitRep PDF; validated against total cumulative cases. Rows without dashboard geometry are retained in totals but hidden on the case map. Parsed from vertically rendered table.
2026-08-19,2026-08,Bas-Uele,Viadana,,1,0,,,SitRep N97/MVB,2026-08-19,Automatically extracted from INSP SitRep PDF; validated against total cumulative cases. Rows without dashboard geometry are retained in totals but hidden on the case map. Parsed from vertically rendered table.
2026-08-19,2026-08,Haut-Uele,Boma Mangbetu,qwBasnNFRFW,23,9,2.2351428900001054,27.792917281282055,SitRep N97/MVB,2026-08-19,Automatically extracted from INSP SitRep PDF; validated against total cumulative cases. Rows without dashboard geometry are retained in totals but hidden on the case map. Parsed from vertically rendered table.
2026-08-19,2026-08,Haut-Uele,Gombari,h1dItcsoHRw,1,1,2.8324490322969806,29.003074885174172,SitRep N97/MVB,2026-08-19,Automatically extracted from INSP SitRep PDF; validated against total cumulative cases. Rows without dashboard geometry are retained in totals but hidden on the case map. Parsed from vertically rendered table.
2026-08-19,2026-08,Haut-Uele,Isiro,lW6NlTXqGcv,58,24,2.398158594500046,27.318090299264888,SitRep N97/MVB,2026-08-19,Automatically extracted from INSP SitRep PDF; validated against total cumulative cases. Rows without dashboard geometry are retained in totals but hidden on the case map. Parsed from vertically rendered table.
2026-08-19,2026-08,Haut-Uele,Pawa,ZxQY9szHMx5,20,14,2.336214680000097,27.537045107299598,SitRep N97/MVB,2026-08-19,Automatically extracted from INSP SitRep PDF; validated against total cumulative cases. Rows without dashboard geometry are retained in totals but hidden on the case map. Parsed from vertically rendered table.
2026-08-19,2026-08,Haut-Uele,Rungu,EGoMVOvVUAp,1,0,2.8721408758778737,28.04597429304644,SitRep N97/MVB,2026-08-19,Automatically extracted from INSP SitRep PDF; validated against total cumulative cases. Rows without dashboard geometry are retained in totals but hidden on the case map. Parsed from vertically rendered table.
2026-08-19,2026-08,Haut-Uele,Wamba,ET5R8zSN3gm,57,23,2.104064561500138,28.0995466507865,SitRep N97/MVB,2026-08-19,Automatically extracted from INSP SitRep PDF; validated against total cumulative cases. Rows without dashboard geometry are retained in totals but hidden on the case map. Parsed from vertically rendered table.
2026-08-19,2026-08,Ituri,Adja,CLboGR4F3lj,11,1,3.075097472000124,30.475237413395348,SitRep N97/MVB,2026-08-19,Automatically extracted from INSP SitRep PDF; validated against total cumulative cases. Rows without dashboard geometry are retained in totals but hidden on the case map. Parsed from vertically rendered table.
2026-08-19,2026-08,Ituri,Ariwara,fM8IqjhdeyL,8,2,3.1940884310532445,30.693184448654044,SitRep N97/MVB,2026-08-19,Automatically extracted from INSP SitRep PDF; validated against total cumulative cases. Rows without dashboard geometry are retained in totals but hidden on the case map. Parsed from vertically rendered table.
2026-08-19,2026-08,Ituri,Aru,v8PqffapuVl,7,6,2.859042986322321,30.833681049566664,SitRep N97/MVB,2026-08-19,Automatically extracted from INSP SitRep PDF; validated against total cumulative cases. Rows without dashboard geometry are retained in totals but hidden on the case map. Parsed from vertically rendered table.
2026-08-19,2026-08,Ituri,Aungba,DFcltLEKLxj,11,5,2.5670708830760702,30.592536320311343,SitRep N97/MVB,2026-08-19,Automatically extracted from INSP SitRep PDF; validated against total cumulative cases. Rows without dashboard geometry are retained in totals but hidden on the case map. Parsed from vertically rendered table.
2026-08-19,2026-08,Ituri,Bambu,Uc3GqWS8C0w,114,26,1.8633970955000336,30.20627592724413,SitRep N97/MVB,2026-08-19,Automatically extracted from INSP SitRep PDF; validated against total cumulative cases. Rows without dashboard geometry are retained in totals but hidden on the case map. Parsed from vertically rendered table.
2026-08-19,2026-08,Ituri,Boga,rLadlFjzCh7,1,1,0.9822493237397867,30.003461492917513,SitRep N97/MVB,2026-08-19,Automatically extracted from INSP SitRep PDF; validated against total cumulative cases. Rows without dashboard geometry are retained in totals but hidden on the case map. Parsed from vertically rendered table.
2026-08-19,2026-08,Ituri,Bunia,GPi6i83o7l6,1244,389,1.607713140500067,30.282078091482003,SitRep N97/MVB,2026-08-19,Automatically extracted from INSP SitRep PDF; validated against total cumulative cases. Rows without dashboard geometry are retained in totals but hidden on the case map. Parsed from vertically rendered table.
2026-08-19,2026-08,Ituri,Damas,ApdB8z3Wrxt,25,9,2.1976361605001387,30.229346408586434,SitRep N97/MVB,2026-08-19,Automatically extracted from INSP SitRep PDF; validated against total cumulative cases. Rows without dashboard geometry are retained in totals but hidden on the case map. Parsed from vertically rendered table.
2026-08-19,2026-08,Ituri,Drodro,OIhgsXcZf6x,13,6,1.7484347510000475,30.586912835820826,SitRep N97/MVB,2026-08-19,Automatically extracted from INSP SitRep PDF; validated against total cumulative cases. Rows without dashboard geometry are retained in totals but hidden on the case map. Parsed from vertically rendered table.
2026-08-19,2026-08,Ituri,Fataki,FDNwbfrJhkA,72,30,1.9004797405000886,30.565348794325672,SitRep N97/MVB,2026-08-19,Automatically extracted from INSP SitRep PDF; validated against total cumulative cases. Rows without dashboard geometry are retained in totals but hidden on the case map. Parsed from vertically rendered table.
2026-08-19,2026-08,Ituri,Gety,X8zFJ7DJlRD,5,2,1.253148786140514,30.189368117956285,SitRep N97/MVB,2026-08-19,Automatically extracted from INSP SitRep PDF; validated against total cumulative cases. Rows without dashboard geometry are retained in totals but hidden on the case map. Parsed from vertically rendered table.
2026-08-19,2026-08,Ituri,Kambala,SkEKQLSulmp,2,0,2.313255370000064,30.547371294734642,SitRep N97/MVB,2026-08-19,Automatically extracted from INSP SitRep PDF; validated against total cumulative cases. Rows without dashboard geometry are retained in totals but hidden on the case map. Parsed from vertically rendered table.
2026-08-19,2026-08,Ituri,Kilo,sbyWSsdZ3tj,31,12,1.7598275375000298,30.080701985660504,SitRep N97/MVB,2026-08-19,Automatically extracted from INSP SitRep PDF; validated against total cumulative cases. Rows without dashboard geometry are retained in totals but hidden on the case map. Parsed from vertically rendered table.
2026-08-19,2026-08,Ituri,Komanda,i2mtQy4nTmD,53,37,1.1261791000000585,29.62557262065517,SitRep N97/MVB,2026-08-19,Automatically extracted from INSP SitRep PDF; validated against total cumulative cases. Rows without dashboard geometry are retained in totals but hidden on the case map. Parsed from vertically rendered table.
2026-08-19,2026-08,Ituri,Lita,xGWcGHazqtw,186,106,1.588332974500048,30.38710948970807,SitRep N97/MVB,2026-08-19,Automatically extracted from INSP SitRep PDF; validated against total cumulative cases. Rows without dashboard geometry are retained in totals but hidden on the case map. Parsed from vertically rendered table.
2026-08-19,2026-08,Ituri,Logo,qqGoQGSp1Dw,11,5,2.155727226000039,30.877556277526388,SitRep N97/MVB,2026-08-19,Automatically extracted from INSP SitRep PDF; validated against total cumulative cases. Rows without dashboard geometry are retained in totals but hidden on the case map. Parsed from vertically rendered table.
2026-08-19,2026-08,Ituri,Lolwa,xp3Y1OXHZLj,17,4,1.4666692450000482,29.46470993607435,SitRep N97/MVB,2026-08-19,Automatically extracted from INSP SitRep PDF; validated against total cumulative cases. Rows without dashboard geometry are retained in totals but hidden on the case map. Parsed from vertically rendered table.
2026-08-19,2026-08,Ituri,Mahagi,seNn0NUsKYn,4,1,2.3021508495800296,30.865062342480392,SitRep N97/MVB,2026-08-19,Automatically extracted from INSP SitRep PDF; validated against total cumulative cases. Rows without dashboard geometry are retained in totals but hidden on the case map. Parsed from vertically rendered table.
2026-08-19,2026-08,Ituri,Mambasa,RjHZChl5gJQ,14,7,1.4290391459577108,28.62314089055854,SitRep N97/MVB,2026-08-19,Automatically extracted from INSP SitRep PDF; validated against total cumulative cases. Rows without dashboard geometry are retained in totals but hidden on the case map. Parsed from vertically rendered table.
2026-08-19,2026-08,Ituri,Mandima,YpXUkTbtAPA,25,16,0.9848691425853815,29.17200687013976,SitRep N97/MVB,2026-08-19,Automatically extracted from INSP SitRep PDF; validated against total cumulative cases. Rows without dashboard geometry are retained in totals but hidden on the case map. Parsed from vertically rendered table.
2026-08-19,2026-08,Ituri,Mangala,,183,105,,,SitRep N97/MVB,2026-08-19,Automatically extracted from INSP SitRep PDF; validated against total cumulative cases. Rows without dashboard geometry are retained in totals but hidden on the case map. Parsed from vertically rendered table.
2026-08-19,2026-08,Ituri,Mongbwalu,nv8tx681Gjd,593,282,2.1202041400000837,29.46395014319073,SitRep N97/MVB,2026-08-19,Automatically extracted from INSP SitRep PDF; validated against total cumulative cases. Rows without dashboard geometry are retained in totals but hidden on the case map. Parsed from vertically rendered table.
2026-08-19,2026-08,Ituri,Nia-Nia,,182,105,,,SitRep N97/MVB,2026-08-19,Automatically extracted from INSP SitRep PDF; validated against total cumulative cases. Rows without dashboard geometry are retained in totals but hidden on the case map. Parsed from vertically rendered table.
2026-08-19,2026-08,Ituri,Nizi,TCE5waEW7Fi,567,244,1.7491092545000129,30.29386589242562,SitRep N97/MVB,2026-08-19,Automatically extracted from INSP SitRep PDF; validated against total cumulative cases. Rows without dashboard geometry are retained in totals but hidden on the case map. Parsed from vertically rendered table.
2026-08-19,2026-08,Ituri,Nyankunde,mGTaa8TFifO,121,35,1.4866449679154434,29.933917392135683,SitRep N97/MVB,2026-08-19,Automatically extracted from INSP SitRep PDF; validated against total cumulative cases. Rows without dashboard geometry are retained in totals but hidden on the case map. Parsed from vertically rendered table.
2026-08-19,2026-08,Ituri,Rimba,a2aJcbwnjoK,10,4,2.2214134000000456,30.706000954123333,SitRep N97/MVB,2026-08-19,Automatically extracted from INSP SitRep PDF; validated against total cumulative cases. Rows without dashboard geometry are retained in totals but hidden on the case map. Parsed from vertically rendered table.
2026-08-19,2026-08,Ituri,Rwampara,vPxN2nZnBXK,886,332,1.5710652340000308,30.08327315923981,SitRep N97/MVB,2026-08-19,Automatically extracted from INSP SitRep PDF; validated against total cumulative cases. Rows without dashboard geometry are retained in totals but hidden on the case map. Parsed from vertically rendered table.
2026-08-19,2026-08,Ituri,Tchomia,rhj4btTd3i0,51,25,1.5216207475000374,30.468986199294,SitRep N97/MVB,2026-08-19,Automatically extracted from INSP SitRep PDF; validated against total cumulative cases. Rows without dashboard geometry are retained in totals but hidden on the case map. Parsed from vertically rendered table.
2026-08-19,2026-08,Nord-Kivu,Beni,msg2MyMGhKv,104,76,0.49317124866695505,29.51358389763662,SitRep N97/MVB,2026-08-19,Automatically extracted from INSP SitRep PDF; validated against total cumulative cases. Rows without dashboard geometry are retained in totals but hidden on the case map. Parsed from vertically rendered table.
2026-08-19,2026-08,Nord-Kivu,Butembo,foR0DRLqtdJ,127,98,0.14653425000037146,29.251277502423125,SitRep N97/MVB,2026-08-19,Automatically extracted from INSP SitRep PDF; validated against total cumulative cases. Rows without dashboard geometry are retained in totals but hidden on the case map. Parsed from vertically rendered table.
2026-08-19,2026-08,Nord-Kivu,Goma,t8tjGKVhkl3,1,0,-1.6528676989999553,29.17826328304752,SitRep N97/MVB,2026-08-19,Automatically extracted from INSP SitRep PDF; validated against total cumulative cases. Rows without dashboard geometry are retained in totals but hidden on the case map. Parsed from vertically rendered table.
2026-08-19,2026-08,Nord-Kivu,Kalunguta,XoJ3dLz68aj,13,6,0.32661665000009066,29.346222520686638,SitRep N97/MVB,2026-08-19,Automatically extracted from INSP SitRep PDF; validated against total cumulative cases. Rows without dashboard geometry are retained in totals but hidden on the case map. Parsed from vertically rendered table.
2026-08-19,2026-08,Nord-Kivu,Katwa,woJBeEpIZdy,316,210,0.1198993135112445,29.32416416638681,SitRep N97/MVB,2026-08-19,Automatically extracted from INSP SitRep PDF; validated against total cumulative cases. Rows without dashboard geometry are retained in totals but hidden on the case map. Parsed from vertically rendered table.
2026-08-19,2026-08,Nord-Kivu,Kyondo,amGiV9h9C2I,15,12,0.01326616194717092,29.504202701174762,SitRep N97/MVB,2026-08-19,Automatically extracted from INSP SitRep PDF; validated against total cumulative cases. Rows without dashboard geometry are retained in totals but hidden on the case map. Parsed from vertically rendered table.
2026-08-19,2026-08,Nord-Kivu,Lubero,oTtGHeQSotN,1,1,-0.2711820729999488,29.337473243936046,SitRep N97/MVB,2026-08-19,Automatically extracted from INSP SitRep PDF; validated against total cumulative cases. Rows without dashboard geometry are retained in totals but hidden on the case map. Parsed from vertically rendered table.
2026-08-19,2026-08,Nord-Kivu,Mabalako,svtAZQ9nVl0,2,1,0.5045215710000548,29.193929599486516,SitRep N97/MVB,2026-08-19,Automatically extracted from INSP SitRep PDF; validated against total cumulative cases. Rows without dashboard geometry are retained in totals but hidden on the case map. Parsed from vertically rendered table.
2026-08-19,2026-08,Nord-Kivu,Masereka,kQCMPbHKQ93,7,4,-0.10927556649997427,29.327512197678764,SitRep N97/MVB,2026-08-19,Automatically extracted from INSP SitRep PDF; validated against total cumulative cases. Rows without dashboard geometry are retained in totals but hidden on the case map. Parsed from vertically rendered table.
2026-08-19,2026-08,Nord-Kivu,Musienene,VooLsNf0dDB,66,38,0.07251365900023643,28.353275181121674,SitRep N97/MVB,2026-08-19,Automatically extracted from INSP SitRep PDF; validated against total cumulative cases. Rows without dashboard geometry are retained in totals but hidden on the case map. Parsed from vertically rendered table.
2026-08-19,2026-08,Nord-Kivu,Oicha,zOOAshOz4Cz,6,4,0.7639879778753311,29.547044823759116,SitRep N97/MVB,2026-08-19,Automatically extracted from INSP SitRep PDF; validated against total cumulative cases. Rows without dashboard geometry are retained in totals but hidden on the case map. Parsed from vertically rendered table.
2026-08-19,2026-08,Nord-Kivu,Vuhovi,,5,2,,,SitRep N97/MVB,2026-08-19,Automatically extracted from INSP SitRep PDF; validated against total cumulative cases. Rows without dashboard geometry are retained in totals but hidden on the case map. Parsed from vertically rendered table.
2026-08-19,2026-08,Sud-Kivu,Miti-Murhesa,,3,1,,,SitRep N97/MVB,2026-08-19,Automatically extracted from INSP SitRep PDF; validated against total cumulative cases. Rows without dashboard geometry are retained in totals but hidden on the case map. Parsed from vertically rendered table.
2026-08-19,2026-08,Tshopo,Bafwasende,pLBZiohnxFC,1,0,0.5883184495002638,26.679613954245525,SitRep N97/MVB,2026-08-19,Automatically extracted from INSP SitRep PDF; validated against total cumulative cases. Rows without dashboard geometry are retained in totals but hidden on the case map. Parsed from vertically rendered table.
2026-08-19,2026-08,Tshopo,Kabondo,Al5GBxzCgMe,3,1,0.611433901500078,25.36859620730113,SitRep N97/MVB,2026-08-19,Automatically extracted from INSP SitRep PDF; validated against total cumulative cases. Rows without dashboard geometry are retained in totals but hidden on the case map. Parsed from vertically rendered table.
2026-08-19,2026-08,Tshopo,Lubunga,I9d1F9TGn33,1,0,0.4130002195000486,25.10564709446672,SitRep N97/MVB,2026-08-19,Automatically extracted from INSP SitRep PDF; validated against total cumulative cases. Rows without dashboard geometry are retained in totals but hidden on the case map. Parsed from vertically rendered table.
2026-08-19,2026-08,Tshopo,Makiso-Kisangani,,6,3,,,SitRep N97/MVB,2026-08-19,Automatically extracted from INSP SitRep PDF; validated against total cumulative cases. Rows without dashboard geometry are retained in totals but hidden on the case map. Repaired from a split health-zone name in PDF text extraction.
2026-08-19,2026-08,Tshopo,Mangobo,wOWB7WbNuSN,2,2,0.5399329588970425,25.15236555521503,SitRep N97/MVB,2026-08-19,Automatically extracted from INSP SitRep PDF; validated against total cumulative cases. Rows without dashboard geometry are retained in totals but hidden on the case map. Parsed from vertically rendered table.
2026-08-19,2026-08,Tshopo,Tshopo,IMkgSD6FVjc,1,0,0.8225417305001201,25.51250589004271,SitRep N97/MVB,2026-08-19,Automatically extracted from INSP SitRep PDF; validated against total cumulative cases. Rows without dashboard geometry are retained in totals but hidden on the case map. Disambiguated from the Tshopo province subtotal.
2026-08-19,2026-08,Tshopo,Wanie-Rukula,,1,1,,,SitRep N97/MVB,2026-08-19,Automatically extracted from INSP SitRep PDF; validated against total cumulative cases. Rows without dashboard geometry are retained in totals but hidden on the case map. Parsed from vertically rendered table.
2026-08-20,2026-08,Bas Uélé,Buta,pggZxV6O3iF,1,1,2.8350074602528936,25.201793052528068,SitRep N98/MVB,2026-08-20,OpenAI-assisted fallback extraction from INSP SitRep PDF; used only after deterministic extraction failed validation. Rows without dashboard geometry are retained in totals but hidden on the case map.
2026-08-20,2026-08,Bas Uélé,Viadana,,1,0,,,SitRep N98/MVB,2026-08-20,OpenAI-assisted fallback extraction from INSP SitRep PDF; used only after deterministic extraction failed validation. Rows without dashboard geometry are retained in totals but hidden on the case map.
2026-08-20,2026-08,Haut-Uélé,Boma Mangbetu,qwBasnNFRFW,24,9,2.2351428900001054,27.792917281282055,SitRep N98/MVB,2026-08-20,OpenAI-assisted fallback extraction from INSP SitRep PDF; used only after deterministic extraction failed validation. Rows without dashboard geometry are retained in totals but hidden on the case map.
2026-08-20,2026-08,Haut-Uélé,Gombari,h1dItcsoHRw,2,1,2.8324490322969806,29.003074885174172,SitRep N98/MVB,2026-08-20,OpenAI-assisted fallback extraction from INSP SitRep PDF; used only after deterministic extraction failed validation. Rows without dashboard geometry are retained in totals but hidden on the case map.
2026-08-20,2026-08,Haut-Uélé,Isiro,lW6NlTXqGcv,60,27,2.398158594500046,27.318090299264888,SitRep N98/MVB,2026-08-20,OpenAI-assisted fallback extraction from INSP SitRep PDF; used only after deterministic extraction failed validation. Rows without dashboard geometry are retained in totals but hidden on the case map.
2026-08-20,2026-08,Haut-Uélé,Pawa,ZxQY9szHMx5,20,14,2.336214680000097,27.537045107299598,SitRep N98/MVB,2026-08-20,OpenAI-assisted fallback extraction from INSP SitRep PDF; used only after deterministic extraction failed validation. Rows without dashboard geometry are retained in totals but hidden on the case map.
2026-08-20,2026-08,Haut-Uélé,Rungu,EGoMVOvVUAp,1,0,2.8721408758778737,28.04597429304644,SitRep N98/MVB,2026-08-20,OpenAI-assisted fallback extraction from INSP SitRep PDF; used only after deterministic extraction failed validation. Rows without dashboard geometry are retained in totals but hidden on the case map.
2026-08-20,2026-08,Haut-Uélé,Wamba,ET5R8zSN3gm,58,24,2.104064561500138,28.0995466507865,SitRep N98/MVB,2026-08-20,OpenAI-assisted fallback extraction from INSP SitRep PDF; used only after deterministic extraction failed validation. Rows without dashboard geometry are retained in totals but hidden on the case map.
2026-08-20,2026-08,Ituri,Adja,CLboGR4F3lj,11,1,3.075097472000124,30.475237413395348,SitRep N98/MVB,2026-08-20,OpenAI-assisted fallback extraction from INSP SitRep PDF; used only after deterministic extraction failed validation. Rows without dashboard geometry are retained in totals but hidden on the case map.
2026-08-20,2026-08,Ituri,Ariwara,fM8IqjhdeyL,8,2,3.1940884310532445,30.693184448654044,SitRep N98/MVB,2026-08-20,OpenAI-assisted fallback extraction from INSP SitRep PDF; used only after deterministic extraction failed validation. Rows without dashboard geometry are retained in totals but hidden on the case map.
2026-08-20,2026-08,Ituri,Aru,v8PqffapuVl,7,6,2.859042986322321,30.833681049566664,SitRep N98/MVB,2026-08-20,OpenAI-assisted fallback extraction from INSP SitRep PDF; used only after deterministic extraction failed validation. Rows without dashboard geometry are retained in totals but hidden on the case map.
2026-08-20,2026-08,Ituri,Aungba,DFcltLEKLxj,12,5,2.5670708830760702,30.592536320311343,SitRep N98/MVB,2026-08-20,OpenAI-assisted fallback extraction from INSP SitRep PDF; used only after deterministic extraction failed validation. Rows without dashboard geometry are retained in totals but hidden on the case map.
2026-08-20,2026-08,Ituri,Bambu,Uc3GqWS8C0w,126,28,1.8633970955000336,30.20627592724413,SitRep N98/MVB,2026-08-20,OpenAI-assisted fallback extraction from INSP SitRep PDF; used only after deterministic extraction failed validation. Rows without dashboard geometry are retained in totals but hidden on the case map.
2026-08-20,2026-08,Ituri,Boga,rLadlFjzCh7,1,1,0.9822493237397867,30.003461492917513,SitRep N98/MVB,2026-08-20,OpenAI-assisted fallback extraction from INSP SitRep PDF; used only after deterministic extraction failed validation. Rows without dashboard geometry are retained in totals but hidden on the case map.
2026-08-20,2026-08,Ituri,Bunia,GPi6i83o7l6,1254,391,1.607713140500067,30.282078091482003,SitRep N98/MVB,2026-08-20,OpenAI-assisted fallback extraction from INSP SitRep PDF; used only after deterministic extraction failed validation. Rows without dashboard geometry are retained in totals but hidden on the case map.
2026-08-20,2026-08,Ituri,Damas,ApdB8z3Wrxt,27,9,2.1976361605001387,30.229346408586434,SitRep N98/MVB,2026-08-20,OpenAI-assisted fallback extraction from INSP SitRep PDF; used only after deterministic extraction failed validation. Rows without dashboard geometry are retained in totals but hidden on the case map.
2026-08-20,2026-08,Ituri,Drodro,OIhgsXcZf6x,13,6,1.7484347510000475,30.586912835820826,SitRep N98/MVB,2026-08-20,OpenAI-assisted fallback extraction from INSP SitRep PDF; used only after deterministic extraction failed validation. Rows without dashboard geometry are retained in totals but hidden on the case map.
2026-08-20,2026-08,Ituri,Fataki,FDNwbfrJhkA,72,30,1.9004797405000886,30.565348794325672,SitRep N98/MVB,2026-08-20,OpenAI-assisted fallback extraction from INSP SitRep PDF; used only after deterministic extraction failed validation. Rows without dashboard geometry are retained in totals but hidden on the case map.
2026-08-20,2026-08,Ituri,Gety,X8zFJ7DJlRD,5,2,1.253148786140514,30.189368117956285,SitRep N98/MVB,2026-08-20,OpenAI-assisted fallback extraction from INSP SitRep PDF; used only after deterministic extraction failed validation. Rows without dashboard geometry are retained in totals but hidden on the case map.
2026-08-20,2026-08,Ituri,Kambala,SkEKQLSulmp,2,0,2.313255370000064,30.547371294734642,SitRep N98/MVB,2026-08-20,OpenAI-assisted fallback extraction from INSP SitRep PDF; used only after deterministic extraction failed validation. Rows without dashboard geometry are retained in totals but hidden on the case map.
2026-08-20,2026-08,Ituri,Kilo,sbyWSsdZ3tj,31,12,1.7598275375000298,30.080701985660504,SitRep N98/MVB,2026-08-20,OpenAI-assisted fallback extraction from INSP SitRep PDF; used only after deterministic extraction failed validation. Rows without dashboard geometry are retained in totals but hidden on the case map.
2026-08-20,2026-08,Ituri,Komanda,i2mtQy4nTmD,54,37,1.1261791000000585,29.62557262065517,SitRep N98/MVB,2026-08-20,OpenAI-assisted fallback extraction from INSP SitRep PDF; used only after deterministic extraction failed validation. Rows without dashboard geometry are retained in totals but hidden on the case map.
2026-08-20,2026-08,Ituri,Lita,xGWcGHazqtw,190,106,1.588332974500048,30.38710948970807,SitRep N98/MVB,2026-08-20,OpenAI-assisted fallback extraction from INSP SitRep PDF; used only after deterministic extraction failed validation. Rows without dashboard geometry are retained in totals but hidden on the case map.
2026-08-20,2026-08,Ituri,Logo,qqGoQGSp1Dw,11,5,2.155727226000039,30.877556277526388,SitRep N98/MVB,2026-08-20,OpenAI-assisted fallback extraction from INSP SitRep PDF; used only after deterministic extraction failed validation. Rows without dashboard geometry are retained in totals but hidden on the case map.
2026-08-20,2026-08,Ituri,Lolwa,xp3Y1OXHZLj,17,4,1.4666692450000482,29.46470993607435,SitRep N98/MVB,2026-08-20,OpenAI-assisted fallback extraction from INSP SitRep PDF; used only after deterministic extraction failed validation. Rows without dashboard geometry are retained in totals but hidden on the case map.
2026-08-20,2026-08,Ituri,Mahagi,seNn0NUsKYn,4,1,2.3021508495800296,30.865062342480392,SitRep N98/MVB,2026-08-20,OpenAI-assisted fallback extraction from INSP SitRep PDF; used only after deterministic extraction failed validation. Rows without dashboard geometry are retained in totals but hidden on the case map.
2026-08-20,2026-08,Ituri,Mambasa,RjHZChl5gJQ,14,7,1.4290391459577108,28.62314089055854,SitRep N98/MVB,2026-08-20,OpenAI-assisted fallback extraction from INSP SitRep PDF; used only after deterministic extraction failed validation. Rows without dashboard geometry are retained in totals but hidden on the case map.
2026-08-20,2026-08,Ituri,Mandima,YpXUkTbtAPA,25,16,0.9848691425853815,29.17200687013976,SitRep N98/MVB,2026-08-20,OpenAI-assisted fallback extraction from INSP SitRep PDF; used only after deterministic extraction failed validation. Rows without dashboard geometry are retained in totals but hidden on the case map.
2026-08-20,2026-08,Ituri,Mangala,,188,105,,,SitRep N98/MVB,2026-08-20,OpenAI-assisted fallback extraction from INSP SitRep PDF; used only after deterministic extraction failed validation. Rows without dashboard geometry are retained in totals but hidden on the case map.
2026-08-20,2026-08,Ituri,Mongbwalu,nv8tx681Gjd,595,282,2.1202041400000837,29.46395014319073,SitRep N98/MVB,2026-08-20,OpenAI-assisted fallback extraction from INSP SitRep PDF; used only after deterministic extraction failed validation. Rows without dashboard geometry are retained in totals but hidden on the case map.
2026-08-20,2026-08,Ituri,Nia-Nia,,185,105,,,SitRep N98/MVB,2026-08-20,OpenAI-assisted fallback extraction from INSP SitRep PDF; used only after deterministic extraction failed validation. Rows without dashboard geometry are retained in totals but hidden on the case map.
2026-08-20,2026-08,Ituri,Nizi,TCE5waEW7Fi,580,244,1.7491092545000129,30.29386589242562,SitRep N98/MVB,2026-08-20,OpenAI-assisted fallback extraction from INSP SitRep PDF; used only after deterministic extraction failed validation. Rows without dashboard geometry are retained in totals but hidden on the case map.
2026-08-20,2026-08,Ituri,Nyankunde,mGTaa8TFifO,121,35,1.4866449679154434,29.933917392135683,SitRep N98/MVB,2026-08-20,OpenAI-assisted fallback extraction from INSP SitRep PDF; used only after deterministic extraction failed validation. Rows without dashboard geometry are retained in totals but hidden on the case map.
2026-08-20,2026-08,Ituri,Rimba,a2aJcbwnjoK,10,4,2.2214134000000456,30.706000954123333,SitRep N98/MVB,2026-08-20,OpenAI-assisted fallback extraction from INSP SitRep PDF; used only after deterministic extraction failed validation. Rows without dashboard geometry are retained in totals but hidden on the case map.
2026-08-20,2026-08,Ituri,Rwampara,vPxN2nZnBXK,895,334,1.5710652340000308,30.08327315923981,SitRep N98/MVB,2026-08-20,OpenAI-assisted fallback extraction from INSP SitRep PDF; used only after deterministic extraction failed validation. Rows without dashboard geometry are retained in totals but hidden on the case map.
2026-08-20,2026-08,Ituri,Tchomia,rhj4btTd3i0,52,25,1.5216207475000374,30.468986199294,SitRep N98/MVB,2026-08-20,OpenAI-assisted fallback extraction from INSP SitRep PDF; used only after deterministic extraction failed validation. Rows without dashboard geometry are retained in totals but hidden on the case map.
2026-08-20,2026-08,Nord-Kivu,Beni,msg2MyMGhKv,107,78,0.49317124866695505,29.51358389763662,SitRep N98/MVB,2026-08-20,OpenAI-assisted fallback extraction from INSP SitRep PDF; used only after deterministic extraction failed validation. Rows without dashboard geometry are retained in totals but hidden on the case map.
2026-08-20,2026-08,Nord-Kivu,Butembo,foR0DRLqtdJ,132,99,0.14653425000037146,29.251277502423125,SitRep N98/MVB,2026-08-20,OpenAI-assisted fallback extraction from INSP SitRep PDF; used only after deterministic extraction failed validation. Rows without dashboard geometry are retained in totals but hidden on the case map.
2026-08-20,2026-08,Nord-Kivu,Goma,t8tjGKVhkl3,1,0,-1.6528676989999553,29.17826328304752,SitRep N98/MVB,2026-08-20,OpenAI-assisted fallback extraction from INSP SitRep PDF; used only after deterministic extraction failed validation. Rows without dashboard geometry are retained in totals but hidden on the case map.
2026-08-20,2026-08,Nord-Kivu,Kalunguta,XoJ3dLz68aj,13,6,0.32661665000009066,29.346222520686638,SitRep N98/MVB,2026-08-20,OpenAI-assisted fallback extraction from INSP SitRep PDF; used only after deterministic extraction failed validation. Rows without dashboard geometry are retained in totals but hidden on the case map.
2026-08-20,2026-08,Nord-Kivu,Katwa,woJBeEpIZdy,323,217,0.1198993135112445,29.32416416638681,SitRep N98/MVB,2026-08-20,OpenAI-assisted fallback extraction from INSP SitRep PDF; used only after deterministic extraction failed validation. Rows without dashboard geometry are retained in totals but hidden on the case map.
2026-08-20,2026-08,Nord-Kivu,Kyondo,amGiV9h9C2I,15,12,0.01326616194717092,29.504202701174762,SitRep N98/MVB,2026-08-20,OpenAI-assisted fallback extraction from INSP SitRep PDF; used only after deterministic extraction failed validation. Rows without dashboard geometry are retained in totals but hidden on the case map.
2026-08-20,2026-08,Nord-Kivu,Lubero,oTtGHeQSotN,1,1,-0.2711820729999488,29.337473243936046,SitRep N98/MVB,2026-08-20,OpenAI-assisted fallback extraction from INSP SitRep PDF; used only after deterministic extraction failed validation. Rows without dashboard geometry are retained in totals but hidden on the case map.
2026-08-20,2026-08,Nord-Kivu,Mabalako,svtAZQ9nVl0,2,1,0.5045215710000548,29.193929599486516,SitRep N98/MVB,2026-08-20,OpenAI-assisted fallback extraction from INSP SitRep PDF; used only after deterministic extraction failed validation. Rows without dashboard geometry are retained in totals but hidden on the case map.
2026-08-20,2026-08,Nord-Kivu,Masereka,kQCMPbHKQ93,7,4,-0.10927556649997427,29.327512197678764,SitRep N98/MVB,2026-08-20,OpenAI-assisted fallback extraction from INSP SitRep PDF; used only after deterministic extraction failed validation. Rows without dashboard geometry are retained in totals but hidden on the case map.
2026-08-20,2026-08,Nord-Kivu,Musienene,VooLsNf0dDB,68,39,0.07251365900023643,28.353275181121674,SitRep N98/MVB,2026-08-20,OpenAI-assisted fallback extraction from INSP SitRep PDF; used only after deterministic extraction failed validation. Rows without dashboard geometry are retained in totals but hidden on the case map.
2026-08-20,2026-08,Nord-Kivu,Oicha,zOOAshOz4Cz,6,4,0.7639879778753311,29.547044823759116,SitRep N98/MVB,2026-08-20,OpenAI-assisted fallback extraction from INSP SitRep PDF; used only after deterministic extraction failed validation. Rows without dashboard geometry are retained in totals but hidden on the case map.
2026-08-20,2026-08,Nord-Kivu,Vuhovi,,5,2,,,SitRep N98/MVB,2026-08-20,OpenAI-assisted fallback extraction from INSP SitRep PDF; used only after deterministic extraction failed validation. Rows without dashboard geometry are retained in totals but hidden on the case map.
2026-08-20,2026-08,Sud-Kivu,Miti-Murhesa,,3,1,,,SitRep N98/MVB,2026-08-20,OpenAI-assisted fallback extraction from INSP SitRep PDF; used only after deterministic extraction failed validation. Rows without dashboard geometry are retained in totals but hidden on the case map.
2026-08-20,2026-08,Tshopo,Bafwasende,pLBZiohnxFC,1,0,0.5883184495002638,26.679613954245525,SitRep N98/MVB,2026-08-20,OpenAI-assisted fallback extraction from INSP SitRep PDF; used only after deterministic extraction failed validation. Rows without dashboard geometry are retained in totals but hidden on the case map.
2026-08-20,2026-08,Tshopo,Kabondo,Al5GBxzCgMe,3,1,0.611433901500078,25.36859620730113,SitRep N98/MVB,2026-08-20,OpenAI-assisted fallback extraction from INSP SitRep PDF; used only after deterministic extraction failed validation. Rows without dashboard geometry are retained in totals but hidden on the case map.
2026-08-20,2026-08,Tshopo,Lubunga,I9d1F9TGn33,1,0,0.4130002195000486,25.10564709446672,SitRep N98/MVB,2026-08-20,OpenAI-assisted fallback extraction from INSP SitRep PDF; used only after deterministic extraction failed validation. Rows without dashboard geometry are retained in totals but hidden on the case map.
2026-08-20,2026-08,Tshopo,Makiso-Kisangani,,6,4,,,SitRep N98/MVB,2026-08-20,OpenAI-assisted fallback extraction from INSP SitRep PDF; used only after deterministic extraction failed validation. Rows without dashboard geometry are retained in totals but hidden on the case map.
2026-08-20,2026-08,Tshopo,Mangobo,wOWB7WbNuSN,2,2,0.5399329588970425,25.15236555521503,SitRep N98/MVB,2026-08-20,OpenAI-assisted fallback extraction from INSP SitRep PDF; used only after deterministic extraction failed validation. Rows without dashboard geometry are retained in totals but hidden on the case map.
2026-08-20,2026-08,Tshopo,Tshopo,IMkgSD6FVjc,1,0,0.8225417305001201,25.51250589004271,SitRep N98/MVB,2026-08-20,OpenAI-assisted fallback extraction from INSP SitRep PDF; used only after deterministic extraction failed validation. Rows without dashboard geometry are retained in totals but hidden on the case map.
2026-08-20,2026-08,Tshopo,Wanie-Rukula,,1,1,,,SitRep N98/MVB,2026-08-20,OpenAI-assisted fallback extraction from INSP SitRep PDF; used only after deterministic extraction failed validation. Rows without dashboard geometry are retained in totals but hidden on the case map.
2026-08-21,2026-08,Bas-Uele,Buta,pggZxV6O3iF,1,1,2.8350074602528936,25.201793052528068,SitRep N99/MVB,2026-08-21,Automatically extracted from INSP SitRep PDF; validated against total cumulative cases. Rows without dashboard geometry are retained in totals but hidden on the case map. Parsed from vertically rendered table.
2026-08-21,2026-08,Bas-Uele,Viadana,,1,0,,,SitRep N99/MVB,2026-08-21,Automatically extracted from INSP SitRep PDF; validated against total cumulative cases. Rows without dashboard geometry are retained in totals but hidden on the case map. Parsed from vertically rendered table.
2026-08-21,2026-08,Haut-Uele,Boma Mangbetu,qwBasnNFRFW,24,9,2.2351428900001054,27.792917281282055,SitRep N99/MVB,2026-08-21,Automatically extracted from INSP SitRep PDF; validated against total cumulative cases. Rows without dashboard geometry are retained in totals but hidden on the case map. Repaired from a split health-zone name in PDF text extraction.
2026-08-21,2026-08,Haut-Uele,Gombari,h1dItcsoHRw,2,1,2.8324490322969806,29.003074885174172,SitRep N99/MVB,2026-08-21,Automatically extracted from INSP SitRep PDF; validated against total cumulative cases. Rows without dashboard geometry are retained in totals but hidden on the case map. Parsed from vertically rendered table.
2026-08-21,2026-08,Haut-Uele,Isiro,lW6NlTXqGcv,63,28,2.398158594500046,27.318090299264888,SitRep N99/MVB,2026-08-21,Automatically extracted from INSP SitRep PDF; validated against total cumulative cases. Rows without dashboard geometry are retained in totals but hidden on the case map. Parsed from vertically rendered table.
2026-08-21,2026-08,Haut-Uele,Pawa,ZxQY9szHMx5,20,15,2.336214680000097,27.537045107299598,SitRep N99/MVB,2026-08-21,Automatically extracted from INSP SitRep PDF; validated against total cumulative cases. Rows without dashboard geometry are retained in totals but hidden on the case map. Parsed from vertically rendered table.
2026-08-21,2026-08,Haut-Uele,Rungu,EGoMVOvVUAp,1,0,2.8721408758778737,28.04597429304644,SitRep N99/MVB,2026-08-21,Automatically extracted from INSP SitRep PDF; validated against total cumulative cases. Rows without dashboard geometry are retained in totals but hidden on the case map. Parsed from vertically rendered table.
2026-08-21,2026-08,Haut-Uele,Wamba,ET5R8zSN3gm,58,24,2.104064561500138,28.0995466507865,SitRep N99/MVB,2026-08-21,Automatically extracted from INSP SitRep PDF; validated against total cumulative cases. Rows without dashboard geometry are retained in totals but hidden on the case map. Parsed from vertically rendered table.
2026-08-21,2026-08,Ituri,Adja,CLboGR4F3lj,11,1,3.075097472000124,30.475237413395348,SitRep N99/MVB,2026-08-21,Automatically extracted from INSP SitRep PDF; validated against total cumulative cases. Rows without dashboard geometry are retained in totals but hidden on the case map. Parsed from vertically rendered table.
2026-08-21,2026-08,Ituri,Ariwara,fM8IqjhdeyL,8,2,3.1940884310532445,30.693184448654044,SitRep N99/MVB,2026-08-21,Automatically extracted from INSP SitRep PDF; validated against total cumulative cases. Rows without dashboard geometry are retained in totals but hidden on the case map. Parsed from vertically rendered table.
2026-08-21,2026-08,Ituri,Aru,v8PqffapuVl,7,6,2.859042986322321,30.833681049566664,SitRep N99/MVB,2026-08-21,Automatically extracted from INSP SitRep PDF; validated against total cumulative cases. Rows without dashboard geometry are retained in totals but hidden on the case map. Parsed from vertically rendered table.
2026-08-21,2026-08,Ituri,Aungba,DFcltLEKLxj,12,5,2.5670708830760702,30.592536320311343,SitRep N99/MVB,2026-08-21,Automatically extracted from INSP SitRep PDF; validated against total cumulative cases. Rows without dashboard geometry are retained in totals but hidden on the case map. Parsed from vertically rendered table.
2026-08-21,2026-08,Ituri,Bambu,Uc3GqWS8C0w,126,28,1.8633970955000336,30.20627592724413,SitRep N99/MVB,2026-08-21,Automatically extracted from INSP SitRep PDF; validated against total cumulative cases. Rows without dashboard geometry are retained in totals but hidden on the case map. Parsed from vertically rendered table.
2026-08-21,2026-08,Ituri,Boga,rLadlFjzCh7,1,1,0.9822493237397867,30.003461492917513,SitRep N99/MVB,2026-08-21,Automatically extracted from INSP SitRep PDF; validated against total cumulative cases. Rows without dashboard geometry are retained in totals but hidden on the case map. Parsed from vertically rendered table.
2026-08-21,2026-08,Ituri,Bunia,GPi6i83o7l6,1262,395,1.607713140500067,30.282078091482003,SitRep N99/MVB,2026-08-21,Automatically extracted from INSP SitRep PDF; validated against total cumulative cases. Rows without dashboard geometry are retained in totals but hidden on the case map. Parsed from vertically rendered table.
2026-08-21,2026-08,Ituri,Damas,ApdB8z3Wrxt,27,9,2.1976361605001387,30.229346408586434,SitRep N99/MVB,2026-08-21,Automatically extracted from INSP SitRep PDF; validated against total cumulative cases. Rows without dashboard geometry are retained in totals but hidden on the case map. Parsed from vertically rendered table.
2026-08-21,2026-08,Ituri,Drodro,OIhgsXcZf6x,13,6,1.7484347510000475,30.586912835820826,SitRep N99/MVB,2026-08-21,Automatically extracted from INSP SitRep PDF; validated against total cumulative cases. Rows without dashboard geometry are retained in totals but hidden on the case map. Parsed from vertically rendered table.
2026-08-21,2026-08,Ituri,Fataki,FDNwbfrJhkA,73,30,1.9004797405000886,30.565348794325672,SitRep N99/MVB,2026-08-21,Automatically extracted from INSP SitRep PDF; validated against total cumulative cases. Rows without dashboard geometry are retained in totals but hidden on the case map. Parsed from vertically rendered table.
2026-08-21,2026-08,Ituri,Gety,X8zFJ7DJlRD,5,2,1.253148786140514,30.189368117956285,SitRep N99/MVB,2026-08-21,Automatically extracted from INSP SitRep PDF; validated against total cumulative cases. Rows without dashboard geometry are retained in totals but hidden on the case map. Parsed from vertically rendered table.
2026-08-21,2026-08,Ituri,Kambala,SkEKQLSulmp,2,0,2.313255370000064,30.547371294734642,SitRep N99/MVB,2026-08-21,Automatically extracted from INSP SitRep PDF; validated against total cumulative cases. Rows without dashboard geometry are retained in totals but hidden on the case map. Parsed from vertically rendered table.
2026-08-21,2026-08,Ituri,Kilo,sbyWSsdZ3tj,31,12,1.7598275375000298,30.080701985660504,SitRep N99/MVB,2026-08-21,Automatically extracted from INSP SitRep PDF; validated against total cumulative cases. Rows without dashboard geometry are retained in totals but hidden on the case map. Parsed from vertically rendered table.
2026-08-21,2026-08,Ituri,Komanda,i2mtQy4nTmD,57,37,1.1261791000000585,29.62557262065517,SitRep N99/MVB,2026-08-21,Automatically extracted from INSP SitRep PDF; validated against total cumulative cases. Rows without dashboard geometry are retained in totals but hidden on the case map. Parsed from vertically rendered table.
2026-08-21,2026-08,Ituri,Lita,xGWcGHazqtw,192,106,1.588332974500048,30.38710948970807,SitRep N99/MVB,2026-08-21,Automatically extracted from INSP SitRep PDF; validated against total cumulative cases. Rows without dashboard geometry are retained in totals but hidden on the case map. Parsed from vertically rendered table.
2026-08-21,2026-08,Ituri,Logo,qqGoQGSp1Dw,11,5,2.155727226000039,30.877556277526388,SitRep N99/MVB,2026-08-21,Automatically extracted from INSP SitRep PDF; validated against total cumulative cases. Rows without dashboard geometry are retained in totals but hidden on the case map. Parsed from vertically rendered table.
2026-08-21,2026-08,Ituri,Lolwa,xp3Y1OXHZLj,17,4,1.4666692450000482,29.46470993607435,SitRep N99/MVB,2026-08-21,Automatically extracted from INSP SitRep PDF; validated against total cumulative cases. Rows without dashboard geometry are retained in totals but hidden on the case map. Parsed from vertically rendered table.
2026-08-21,2026-08,Ituri,Mahagi,seNn0NUsKYn,4,1,2.3021508495800296,30.865062342480392,SitRep N99/MVB,2026-08-21,Automatically extracted from INSP SitRep PDF; validated against total cumulative cases. Rows without dashboard geometry are retained in totals but hidden on the case map. Parsed from vertically rendered table.
2026-08-21,2026-08,Ituri,Mambasa,RjHZChl5gJQ,14,7,1.4290391459577108,28.62314089055854,SitRep N99/MVB,2026-08-21,Automatically extracted from INSP SitRep PDF; validated against total cumulative cases. Rows without dashboard geometry are retained in totals but hidden on the case map. Parsed from vertically rendered table.
2026-08-21,2026-08,Ituri,Mandima,YpXUkTbtAPA,30,19,0.9848691425853815,29.17200687013976,SitRep N99/MVB,2026-08-21,Automatically extracted from INSP SitRep PDF; validated against total cumulative cases. Rows without dashboard geometry are retained in totals but hidden on the case map. Parsed from vertically rendered table.
2026-08-21,2026-08,Ituri,Mangala,,191,106,,,SitRep N99/MVB,2026-08-21,Automatically extracted from INSP SitRep PDF; validated against total cumulative cases. Rows without dashboard geometry are retained in totals but hidden on the case map. Parsed from vertically rendered table.
2026-08-21,2026-08,Ituri,Mongbwalu,nv8tx681Gjd,600,283,2.1202041400000837,29.46395014319073,SitRep N99/MVB,2026-08-21,Automatically extracted from INSP SitRep PDF; validated against total cumulative cases. Rows without dashboard geometry are retained in totals but hidden on the case map. Parsed from vertically rendered table.
2026-08-21,2026-08,Ituri,Nia-Nia,,190,107,,,SitRep N99/MVB,2026-08-21,Automatically extracted from INSP SitRep PDF; validated against total cumulative cases. Rows without dashboard geometry are retained in totals but hidden on the case map. Parsed from vertically rendered table.
2026-08-21,2026-08,Ituri,Nizi,TCE5waEW7Fi,603,250,1.7491092545000129,30.29386589242562,SitRep N99/MVB,2026-08-21,Automatically extracted from INSP SitRep PDF; validated against total cumulative cases. Rows without dashboard geometry are retained in totals but hidden on the case map. Parsed from vertically rendered table.
2026-08-21,2026-08,Ituri,Nyankunde,mGTaa8TFifO,122,35,1.4866449679154434,29.933917392135683,SitRep N99/MVB,2026-08-21,Automatically extracted from INSP SitRep PDF; validated against total cumulative cases. Rows without dashboard geometry are retained in totals but hidden on the case map. Parsed from vertically rendered table.
2026-08-21,2026-08,Ituri,Rimba,a2aJcbwnjoK,10,4,2.2214134000000456,30.706000954123333,SitRep N99/MVB,2026-08-21,Automatically extracted from INSP SitRep PDF; validated against total cumulative cases. Rows without dashboard geometry are retained in totals but hidden on the case map. Parsed from vertically rendered table.
2026-08-21,2026-08,Ituri,Rwampara,vPxN2nZnBXK,900,334,1.5710652340000308,30.08327315923981,SitRep N99/MVB,2026-08-21,Automatically extracted from INSP SitRep PDF; validated against total cumulative cases. Rows without dashboard geometry are retained in totals but hidden on the case map. Parsed from vertically rendered table.
2026-08-21,2026-08,Ituri,Tchomia,rhj4btTd3i0,53,25,1.5216207475000374,30.468986199294,SitRep N99/MVB,2026-08-21,Automatically extracted from INSP SitRep PDF; validated against total cumulative cases. Rows without dashboard geometry are retained in totals but hidden on the case map. Parsed from vertically rendered table.
2026-08-21,2026-08,Nord-Kivu,Beni,msg2MyMGhKv,108,81,0.49317124866695505,29.51358389763662,SitRep N99/MVB,2026-08-21,Automatically extracted from INSP SitRep PDF; validated against total cumulative cases. Rows without dashboard geometry are retained in totals but hidden on the case map. Parsed from vertically rendered table.
2026-08-21,2026-08,Nord-Kivu,Butembo,foR0DRLqtdJ,136,103,0.14653425000037146,29.251277502423125,SitRep N99/MVB,2026-08-21,Automatically extracted from INSP SitRep PDF; validated against total cumulative cases. Rows without dashboard geometry are retained in totals but hidden on the case map. Parsed from vertically rendered table.
2026-08-21,2026-08,Nord-Kivu,Goma,t8tjGKVhkl3,1,0,-1.6528676989999553,29.17826328304752,SitRep N99/MVB,2026-08-21,Automatically extracted from INSP SitRep PDF; validated against total cumulative cases. Rows without dashboard geometry are retained in totals but hidden on the case map. Parsed from vertically rendered table.
2026-08-21,2026-08,Nord-Kivu,Kalunguta,XoJ3dLz68aj,13,6,0.32661665000009066,29.346222520686638,SitRep N99/MVB,2026-08-21,Automatically extracted from INSP SitRep PDF; validated against total cumulative cases. Rows without dashboard geometry are retained in totals but hidden on the case map. Parsed from vertically rendered table.
2026-08-21,2026-08,Nord-Kivu,Katwa,woJBeEpIZdy,334,222,0.1198993135112445,29.32416416638681,SitRep N99/MVB,2026-08-21,Automatically extracted from INSP SitRep PDF; validated against total cumulative cases. Rows without dashboard geometry are retained in totals but hidden on the case map. Parsed from vertically rendered table.
2026-08-21,2026-08,Nord-Kivu,Kyondo,amGiV9h9C2I,16,12,0.01326616194717092,29.504202701174762,SitRep N99/MVB,2026-08-21,Automatically extracted from INSP SitRep PDF; validated against total cumulative cases. Rows without dashboard geometry are retained in totals but hidden on the case map. Parsed from vertically rendered table.
2026-08-21,2026-08,Nord-Kivu,Lubero,oTtGHeQSotN,1,1,-0.2711820729999488,29.337473243936046,SitRep N99/MVB,2026-08-21,Automatically extracted from INSP SitRep PDF; validated against total cumulative cases. Rows without dashboard geometry are retained in totals but hidden on the case map. Parsed from vertically rendered table.
2026-08-21,2026-08,Nord-Kivu,Mabalako,svtAZQ9nVl0,2,1,0.5045215710000548,29.193929599486516,SitRep N99/MVB,2026-08-21,Automatically extracted from INSP SitRep PDF; validated against total cumulative cases. Rows without dashboard geometry are retained in totals but hidden on the case map. Parsed from vertically rendered table.
2026-08-21,2026-08,Nord-Kivu,Masereka,kQCMPbHKQ93,7,4,-0.10927556649997427,29.327512197678764,SitRep N99/MVB,2026-08-21,Automatically extracted from INSP SitRep PDF; validated against total cumulative cases. Rows without dashboard geometry are retained in totals but hidden on the case map. Parsed from vertically rendered table.
2026-08-21,2026-08,Nord-Kivu,Musienene,VooLsNf0dDB,68,39,0.07251365900023643,28.353275181121674,SitRep N99/MVB,2026-08-21,Automatically extracted from INSP SitRep PDF; validated against total cumulative cases. Rows without dashboard geometry are retained in totals but hidden on the case map. Parsed from vertically rendered table.
2026-08-21,2026-08,Nord-Kivu,Mutwanga,TnjfqDbxtwP,1,1,0.23113650600003838,29.720871630047824,SitRep N99/MVB,2026-08-21,Automatically extracted from INSP SitRep PDF; validated against total cumulative cases. Rows without dashboard geometry are retained in totals but hidden on the case map. Parsed from vertically rendered table.
2026-08-21,2026-08,Nord-Kivu,Oicha,zOOAshOz4Cz,6,4,0.7639879778753311,29.547044823759116,SitRep N99/MVB,2026-08-21,Automatically extracted from INSP SitRep PDF; validated against total cumulative cases. Rows without dashboard geometry are retained in totals but hidden on the case map. Parsed from vertically rendered table.
2026-08-21,2026-08,Nord-Kivu,Vuhovi,,5,2,,,SitRep N99/MVB,2026-08-21,Automatically extracted from INSP SitRep PDF; validated against total cumulative cases. Rows without dashboard geometry are retained in totals but hidden on the case map. Parsed from vertically rendered table.
2026-08-21,2026-08,Sud-Kivu,Miti-Murhesa,,3,1,,,SitRep N99/MVB,2026-08-21,Automatically extracted from INSP SitRep PDF; validated against total cumulative cases. Rows without dashboard geometry are retained in totals but hidden on the case map. Parsed from vertically rendered table.
2026-08-21,2026-08,Tshopo,Bafwasende,pLBZiohnxFC,1,0,0.5883184495002638,26.679613954245525,SitRep N99/MVB,2026-08-21,Automatically extracted from INSP SitRep PDF; validated against total cumulative cases. Rows without dashboard geometry are retained in totals but hidden on the case map. Parsed from vertically rendered table.
2026-08-21,2026-08,Tshopo,Kabondo,Al5GBxzCgMe,3,1,0.611433901500078,25.36859620730113,SitRep N99/MVB,2026-08-21,Automatically extracted from INSP SitRep PDF; validated against total cumulative cases. Rows without dashboard geometry are retained in totals but hidden on the case map. Parsed from vertically rendered table.
2026-08-21,2026-08,Tshopo,Lubunga,I9d1F9TGn33,1,0,0.4130002195000486,25.10564709446672,SitRep N99/MVB,2026-08-21,Automatically extracted from INSP SitRep PDF; validated against total cumulative cases. Rows without dashboard geometry are retained in totals but hidden on the case map. Parsed from vertically rendered table.
2026-08-21,2026-08,Tshopo,Makiso-Kisangani,,6,4,,,SitRep N99/MVB,2026-08-21,Automatically extracted from INSP SitRep PDF; validated against total cumulative cases. Rows without dashboard geometry are retained in totals but hidden on the case map. Repaired from a split health-zone name in PDF text extraction.
2026-08-21,2026-08,Tshopo,Mangobo,wOWB7WbNuSN,2,2,0.5399329588970425,25.15236555521503,SitRep N99/MVB,2026-08-21,Automatically extracted from INSP SitRep PDF; validated against total cumulative cases. Rows without dashboard geometry are retained in totals but hidden on the case map. Parsed from vertically rendered table.
2026-08-21,2026-08,Tshopo,Tshopo,IMkgSD6FVjc,1,0,0.8225417305001201,25.51250589004271,SitRep N99/MVB,2026-08-21,Automatically extracted from INSP SitRep PDF; validated against total cumulative cases. Rows without dashboard geometry are retained in totals but hidden on the case map. Disambiguated from the Tshopo province subtotal.
2026-08-21,2026-08,Tshopo,Wanie-Rukula,,1,1,,,SitRep N99/MVB,2026-08-21,Automatically extracted from INSP SitRep PDF; validated against total cumulative cases. Rows without dashboard geometry are retained in totals but hidden on the case map. Parsed from vertically rendered table.
2026-08-22,2026-08,Bas-Uele,Buta,pggZxV6O3iF,1,1,2.8350074602528936,25.201793052528068,SitRep N100/MVB,2026-08-22,Automatically extracted from INSP SitRep PDF; validated against total cumulative cases. Rows without dashboard geometry are retained in totals but hidden on the case map. Parsed from vertically rendered table.
2026-08-22,2026-08,Bas-Uele,Viadana,,1,0,,,SitRep N100/MVB,2026-08-22,Automatically extracted from INSP SitRep PDF; validated against total cumulative cases. Rows without dashboard geometry are retained in totals but hidden on the case map. Parsed from vertically rendered table.
2026-08-22,2026-08,Haut-Uele,Boma Mangbetu,qwBasnNFRFW,24,9,2.2351428900001054,27.792917281282055,SitRep N100/MVB,2026-08-22,Automatically extracted from INSP SitRep PDF; validated against total cumulative cases. Rows without dashboard geometry are retained in totals but hidden on the case map. Repaired from a split health-zone name in PDF text extraction.
2026-08-22,2026-08,Haut-Uele,Gombari,h1dItcsoHRw,3,1,2.8324490322969806,29.003074885174172,SitRep N100/MVB,2026-08-22,Automatically extracted from INSP SitRep PDF; validated against total cumulative cases. Rows without dashboard geometry are retained in totals but hidden on the case map. Parsed from vertically rendered table.
2026-08-22,2026-08,Haut-Uele,Isiro,lW6NlTXqGcv,67,28,2.398158594500046,27.318090299264888,SitRep N100/MVB,2026-08-22,Automatically extracted from INSP SitRep PDF; validated against total cumulative cases. Rows without dashboard geometry are retained in totals but hidden on the case map. Parsed from vertically rendered table.
2026-08-22,2026-08,Haut-Uele,Pawa,ZxQY9szHMx5,20,15,2.336214680000097,27.537045107299598,SitRep N100/MVB,2026-08-22,Automatically extracted from INSP SitRep PDF; validated against total cumulative cases. Rows without dashboard geometry are retained in totals but hidden on the case map. Parsed from vertically rendered table.
2026-08-22,2026-08,Haut-Uele,Rungu,EGoMVOvVUAp,1,0,2.8721408758778737,28.04597429304644,SitRep N100/MVB,2026-08-22,Automatically extracted from INSP SitRep PDF; validated against total cumulative cases. Rows without dashboard geometry are retained in totals but hidden on the case map. Parsed from vertically rendered table.
2026-08-22,2026-08,Haut-Uele,Wamba,ET5R8zSN3gm,58,24,2.104064561500138,28.0995466507865,SitRep N100/MVB,2026-08-22,Automatically extracted from INSP SitRep PDF; validated against total cumulative cases. Rows without dashboard geometry are retained in totals but hidden on the case map. Parsed from vertically rendered table.
2026-08-22,2026-08,Ituri,Adja,CLboGR4F3lj,11,1,3.075097472000124,30.475237413395348,SitRep N100/MVB,2026-08-22,Automatically extracted from INSP SitRep PDF; validated against total cumulative cases. Rows without dashboard geometry are retained in totals but hidden on the case map. Parsed from vertically rendered table.
2026-08-22,2026-08,Ituri,Ariwara,fM8IqjhdeyL,8,2,3.1940884310532445,30.693184448654044,SitRep N100/MVB,2026-08-22,Automatically extracted from INSP SitRep PDF; validated against total cumulative cases. Rows without dashboard geometry are retained in totals but hidden on the case map. Parsed from vertically rendered table.
2026-08-22,2026-08,Ituri,Aru,v8PqffapuVl,7,6,2.859042986322321,30.833681049566664,SitRep N100/MVB,2026-08-22,Automatically extracted from INSP SitRep PDF; validated against total cumulative cases. Rows without dashboard geometry are retained in totals but hidden on the case map. Parsed from vertically rendered table.
2026-08-22,2026-08,Ituri,Aungba,DFcltLEKLxj,12,5,2.5670708830760702,30.592536320311343,SitRep N100/MVB,2026-08-22,Automatically extracted from INSP SitRep PDF; validated against total cumulative cases. Rows without dashboard geometry are retained in totals but hidden on the case map. Parsed from vertically rendered table.
2026-08-22,2026-08,Ituri,Bambu,Uc3GqWS8C0w,127,28,1.8633970955000336,30.20627592724413,SitRep N100/MVB,2026-08-22,Automatically extracted from INSP SitRep PDF; validated against total cumulative cases. Rows without dashboard geometry are retained in totals but hidden on the case map. Parsed from vertically rendered table.
2026-08-22,2026-08,Ituri,Boga,rLadlFjzCh7,1,1,0.9822493237397867,30.003461492917513,SitRep N100/MVB,2026-08-22,Automatically extracted from INSP SitRep PDF; validated against total cumulative cases. Rows without dashboard geometry are retained in totals but hidden on the case map. Parsed from vertically rendered table.
2026-08-22,2026-08,Ituri,Bunia,GPi6i83o7l6,1279,402,1.607713140500067,30.282078091482003,SitRep N100/MVB,2026-08-22,Automatically extracted from INSP SitRep PDF; validated against total cumulative cases. Rows without dashboard geometry are retained in totals but hidden on the case map. Parsed from vertically rendered table.
2026-08-22,2026-08,Ituri,Damas,ApdB8z3Wrxt,27,9,2.1976361605001387,30.229346408586434,SitRep N100/MVB,2026-08-22,Automatically extracted from INSP SitRep PDF; validated against total cumulative cases. Rows without dashboard geometry are retained in totals but hidden on the case map. Parsed from vertically rendered table.
2026-08-22,2026-08,Ituri,Drodro,OIhgsXcZf6x,13,6,1.7484347510000475,30.586912835820826,SitRep N100/MVB,2026-08-22,Automatically extracted from INSP SitRep PDF; validated against total cumulative cases. Rows without dashboard geometry are retained in totals but hidden on the case map. Parsed from vertically rendered table.
2026-08-22,2026-08,Ituri,Fataki,FDNwbfrJhkA,73,30,1.9004797405000886,30.565348794325672,SitRep N100/MVB,2026-08-22,Automatically extracted from INSP SitRep PDF; validated against total cumulative cases. Rows without dashboard geometry are retained in totals but hidden on the case map. Parsed from vertically rendered table.
2026-08-22,2026-08,Ituri,Gety,X8zFJ7DJlRD,5,2,1.253148786140514,30.189368117956285,SitRep N100/MVB,2026-08-22,Automatically extracted from INSP SitRep PDF; validated against total cumulative cases. Rows without dashboard geometry are retained in totals but hidden on the case map. Parsed from vertically rendered table.
2026-08-22,2026-08,Ituri,Kambala,SkEKQLSulmp,2,0,2.313255370000064,30.547371294734642,SitRep N100/MVB,2026-08-22,Automatically extracted from INSP SitRep PDF; validated against total cumulative cases. Rows without dashboard geometry are retained in totals but hidden on the case map. Parsed from vertically rendered table.
2026-08-22,2026-08,Ituri,Kilo,sbyWSsdZ3tj,31,12,1.7598275375000298,30.080701985660504,SitRep N100/MVB,2026-08-22,Automatically extracted from INSP SitRep PDF; validated against total cumulative cases. Rows without dashboard geometry are retained in totals but hidden on the case map. Parsed from vertically rendered table.
2026-08-22,2026-08,Ituri,Komanda,i2mtQy4nTmD,58,38,1.1261791000000585,29.62557262065517,SitRep N100/MVB,2026-08-22,Automatically extracted from INSP SitRep PDF; validated against total cumulative cases. Rows without dashboard geometry are retained in totals but hidden on the case map. Parsed from vertically rendered table.
2026-08-22,2026-08,Ituri,Lita,xGWcGHazqtw,196,108,1.588332974500048,30.38710948970807,SitRep N100/MVB,2026-08-22,Automatically extracted from INSP SitRep PDF; validated against total cumulative cases. Rows without dashboard geometry are retained in totals but hidden on the case map. Parsed from vertically rendered table.
2026-08-22,2026-08,Ituri,Logo,qqGoQGSp1Dw,11,5,2.155727226000039,30.877556277526388,SitRep N100/MVB,2026-08-22,Automatically extracted from INSP SitRep PDF; validated against total cumulative cases. Rows without dashboard geometry are retained in totals but hidden on the case map. Parsed from vertically rendered table.
2026-08-22,2026-08,Ituri,Lolwa,xp3Y1OXHZLj,17,4,1.4666692450000482,29.46470993607435,SitRep N100/MVB,2026-08-22,Automatically extracted from INSP SitRep PDF; validated against total cumulative cases. Rows without dashboard geometry are retained in totals but hidden on the case map. Parsed from vertically rendered table.
2026-08-22,2026-08,Ituri,Mahagi,seNn0NUsKYn,4,1,2.3021508495800296,30.865062342480392,SitRep N100/MVB,2026-08-22,Automatically extracted from INSP SitRep PDF; validated against total cumulative cases. Rows without dashboard geometry are retained in totals but hidden on the case map. Parsed from vertically rendered table.
2026-08-22,2026-08,Ituri,Mambasa,RjHZChl5gJQ,14,7,1.4290391459577108,28.62314089055854,SitRep N100/MVB,2026-08-22,Automatically extracted from INSP SitRep PDF; validated against total cumulative cases. Rows without dashboard geometry are retained in totals but hidden on the case map. Parsed from vertically rendered table.
2026-08-22,2026-08,Ituri,Mandima,YpXUkTbtAPA,32,19,0.9848691425853815,29.17200687013976,SitRep N100/MVB,2026-08-22,Automatically extracted from INSP SitRep PDF; validated against total cumulative cases. Rows without dashboard geometry are retained in totals but hidden on the case map. Parsed from vertically rendered table.
2026-08-22,2026-08,Ituri,Mangala,,191,106,,,SitRep N100/MVB,2026-08-22,Automatically extracted from INSP SitRep PDF; validated against total cumulative cases. Rows without dashboard geometry are retained in totals but hidden on the case map. Parsed from vertically rendered table.
2026-08-22,2026-08,Ituri,Mongbwalu,nv8tx681Gjd,600,283,2.1202041400000837,29.46395014319073,SitRep N100/MVB,2026-08-22,Automatically extracted from INSP SitRep PDF; validated against total cumulative cases. Rows without dashboard geometry are retained in totals but hidden on the case map. Parsed from vertically rendered table.
2026-08-22,2026-08,Ituri,Nia-Nia,,191,107,,,SitRep N100/MVB,2026-08-22,Automatically extracted from INSP SitRep PDF; validated against total cumulative cases. Rows without dashboard geometry are retained in totals but hidden on the case map. Parsed from vertically rendered table.
2026-08-22,2026-08,Ituri,Nizi,TCE5waEW7Fi,609,252,1.7491092545000129,30.29386589242562,SitRep N100/MVB,2026-08-22,Automatically extracted from INSP SitRep PDF; validated against total cumulative cases. Rows without dashboard geometry are retained in totals but hidden on the case map. Parsed from vertically rendered table.
2026-08-22,2026-08,Ituri,Nyankunde,mGTaa8TFifO,122,35,1.4866449679154434,29.933917392135683,SitRep N100/MVB,2026-08-22,Automatically extracted from INSP SitRep PDF; validated against total cumulative cases. Rows without dashboard geometry are retained in totals but hidden on the case map. Parsed from vertically rendered table.
2026-08-22,2026-08,Ituri,Rimba,a2aJcbwnjoK,10,4,2.2214134000000456,30.706000954123333,SitRep N100/MVB,2026-08-22,Automatically extracted from INSP SitRep PDF; validated against total cumulative cases. Rows without dashboard geometry are retained in totals but hidden on the case map. Parsed from vertically rendered table.
2026-08-22,2026-08,Ituri,Rwampara,vPxN2nZnBXK,902,334,1.5710652340000308,30.08327315923981,SitRep N100/MVB,2026-08-22,Automatically extracted from INSP SitRep PDF; validated against total cumulative cases. Rows without dashboard geometry are retained in totals but hidden on the case map. Parsed from vertically rendered table.
2026-08-22,2026-08,Ituri,Tchomia,rhj4btTd3i0,54,25,1.5216207475000374,30.468986199294,SitRep N100/MVB,2026-08-22,Automatically extracted from INSP SitRep PDF; validated against total cumulative cases. Rows without dashboard geometry are retained in totals but hidden on the case map. Parsed from vertically rendered table.
2026-08-22,2026-08,Nord-Kivu,Beni,msg2MyMGhKv,114,84,0.49317124866695505,29.51358389763662,SitRep N100/MVB,2026-08-22,Automatically extracted from INSP SitRep PDF; validated against total cumulative cases. Rows without dashboard geometry are retained in totals but hidden on the case map. Parsed from vertically rendered table.
2026-08-22,2026-08,Nord-Kivu,Butembo,foR0DRLqtdJ,137,106,0.14653425000037146,29.251277502423125,SitRep N100/MVB,2026-08-22,Automatically extracted from INSP SitRep PDF; validated against total cumulative cases. Rows without dashboard geometry are retained in totals but hidden on the case map. Parsed from vertically rendered table.
2026-08-22,2026-08,Nord-Kivu,Goma,t8tjGKVhkl3,1,0,-1.6528676989999553,29.17826328304752,SitRep N100/MVB,2026-08-22,Automatically extracted from INSP SitRep PDF; validated against total cumulative cases. Rows without dashboard geometry are retained in totals but hidden on the case map. Parsed from vertically rendered table.
2026-08-22,2026-08,Nord-Kivu,Kalunguta,XoJ3dLz68aj,13,6,0.32661665000009066,29.346222520686638,SitRep N100/MVB,2026-08-22,Automatically extracted from INSP SitRep PDF; validated against total cumulative cases. Rows without dashboard geometry are retained in totals but hidden on the case map. Parsed from vertically rendered table.
2026-08-22,2026-08,Nord-Kivu,Katwa,woJBeEpIZdy,342,229,0.1198993135112445,29.32416416638681,SitRep N100/MVB,2026-08-22,Automatically extracted from INSP SitRep PDF; validated against total cumulative cases. Rows without dashboard geometry are retained in totals but hidden on the case map. Parsed from vertically rendered table.
2026-08-22,2026-08,Nord-Kivu,Kyondo,amGiV9h9C2I,16,12,0.01326616194717092,29.504202701174762,SitRep N100/MVB,2026-08-22,Automatically extracted from INSP SitRep PDF; validated against total cumulative cases. Rows without dashboard geometry are retained in totals but hidden on the case map. Parsed from vertically rendered table.
2026-08-22,2026-08,Nord-Kivu,Lubero,oTtGHeQSotN,1,1,-0.2711820729999488,29.337473243936046,SitRep N100/MVB,2026-08-22,Automatically extracted from INSP SitRep PDF; validated against total cumulative cases. Rows without dashboard geometry are retained in totals but hidden on the case map. Parsed from vertically rendered table.
2026-08-22,2026-08,Nord-Kivu,Mabalako,svtAZQ9nVl0,3,2,0.5045215710000548,29.193929599486516,SitRep N100/MVB,2026-08-22,Automatically extracted from INSP SitRep PDF; validated against total cumulative cases. Rows without dashboard geometry are retained in totals but hidden on the case map. Parsed from vertically rendered table.
2026-08-22,2026-08,Nord-Kivu,Masereka,kQCMPbHKQ93,7,4,-0.10927556649997427,29.327512197678764,SitRep N100/MVB,2026-08-22,Automatically extracted from INSP SitRep PDF; validated against total cumulative cases. Rows without dashboard geometry are retained in totals but hidden on the case map. Parsed from vertically rendered table.
2026-08-22,2026-08,Nord-Kivu,Musienene,VooLsNf0dDB,68,39,0.07251365900023643,28.353275181121674,SitRep N100/MVB,2026-08-22,Automatically extracted from INSP SitRep PDF; validated against total cumulative cases. Rows without dashboard geometry are retained in totals but hidden on the case map. Parsed from vertically rendered table.
2026-08-22,2026-08,Nord-Kivu,Mutwanga,TnjfqDbxtwP,1,1,0.23113650600003838,29.720871630047824,SitRep N100/MVB,2026-08-22,Automatically extracted from INSP SitRep PDF; validated against total cumulative cases. Rows without dashboard geometry are retained in totals but hidden on the case map. Parsed from vertically rendered table.
2026-08-22,2026-08,Nord-Kivu,Oicha,zOOAshOz4Cz,6,4,0.7639879778753311,29.547044823759116,SitRep N100/MVB,2026-08-22,Automatically extracted from INSP SitRep PDF; validated against total cumulative cases. Rows without dashboard geometry are retained in totals but hidden on the case map. Parsed from vertically rendered table.
2026-08-22,2026-08,Nord-Kivu,Vuhovi,,5,2,,,SitRep N100/MVB,2026-08-22,Automatically extracted from INSP SitRep PDF; validated against total cumulative cases. Rows without dashboard geometry are retained in totals but hidden on the case map. Parsed from vertically rendered table.
2026-08-22,2026-08,Sud-Kivu,Miti-Murhesa,,3,1,,,SitRep N100/MVB,2026-08-22,Automatically extracted from INSP SitRep PDF; validated against total cumulative cases. Rows without dashboard geometry are retained in totals but hidden on the case map. Parsed from vertically rendered table.
2026-08-22,2026-08,Tshopo,Bafwasende,pLBZiohnxFC,1,0,0.5883184495002638,26.679613954245525,SitRep N100/MVB,2026-08-22,Automatically extracted from INSP SitRep PDF; validated against total cumulative cases. Rows without dashboard geometry are retained in totals but hidden on the case map. Parsed from vertically rendered table.
2026-08-22,2026-08,Tshopo,Kabondo,Al5GBxzCgMe,3,1,0.611433901500078,25.36859620730113,SitRep N100/MVB,2026-08-22,Automatically extracted from INSP SitRep PDF; validated against total cumulative cases. Rows without dashboard geometry are retained in totals but hidden on the case map. Parsed from vertically rendered table.
2026-08-22,2026-08,Tshopo,Lubunga,I9d1F9TGn33,1,0,0.4130002195000486,25.10564709446672,SitRep N100/MVB,2026-08-22,Automatically extracted from INSP SitRep PDF; validated against total cumulative cases. Rows without dashboard geometry are retained in totals but hidden on the case map. Parsed from vertically rendered table.
2026-08-22,2026-08,Tshopo,Makiso-Kisangani,,6,4,,,SitRep N100/MVB,2026-08-22,Automatically extracted from INSP SitRep PDF; validated against total cumulative cases. Rows without dashboard geometry are retained in totals but hidden on the case map. Repaired from a split health-zone name in PDF text extraction.
2026-08-22,2026-08,Tshopo,Mangobo,wOWB7WbNuSN,2,2,0.5399329588970425,25.15236555521503,SitRep N100/MVB,2026-08-22,Automatically extracted from INSP SitRep PDF; validated against total cumulative cases. Rows without dashboard geometry are retained in totals but hidden on the case map. Parsed from vertically rendered table.
2026-08-22,2026-08,Tshopo,Tshopo,IMkgSD6FVjc,1,0,0.8225417305001201,25.51250589004271,SitRep N100/MVB,2026-08-22,Automatically extracted from INSP SitRep PDF; validated against total cumulative cases. Rows without dashboard geometry are retained in totals but hidden on the case map. Disambiguated from the Tshopo province subtotal.
2026-08-22,2026-08,Tshopo,Wanie-Rukula,,1,1,,,SitRep N100/MVB,2026-08-22,Automatically extracted from INSP SitRep PDF; validated against total cumulative cases. Rows without dashboard geometry are retained in totals but hidden on the case map. Parsed from vertically rendered table.
2026-08-23,2026-08,Bas-Uele,Buta,pggZxV6O3iF,1,1,2.8350074602528936,25.201793052528068,SitRep N101/MVB,2026-08-23,Automatically extracted from INSP SitRep PDF; validated against total cumulative cases. Rows without dashboard geometry are retained in totals but hidden on the case map. Parsed from vertically rendered table.
2026-08-23,2026-08,Bas-Uele,Viadana,,1,0,,,SitRep N101/MVB,2026-08-23,Automatically extracted from INSP SitRep PDF; validated against total cumulative cases. Rows without dashboard geometry are retained in totals but hidden on the case map. Parsed from vertically rendered table.
2026-08-23,2026-08,Haut-Uele,Boma Mangbetu,qwBasnNFRFW,26,13,2.2351428900001054,27.792917281282055,SitRep N101/MVB,2026-08-23,Automatically extracted from INSP SitRep PDF; validated against total cumulative cases. Rows without dashboard geometry are retained in totals but hidden on the case map. Repaired from a split health-zone name in PDF text extraction.
2026-08-23,2026-08,Haut-Uele,Gombari,h1dItcsoHRw,3,1,2.8324490322969806,29.003074885174172,SitRep N101/MVB,2026-08-23,Automatically extracted from INSP SitRep PDF; validated against total cumulative cases. Rows without dashboard geometry are retained in totals but hidden on the case map. Parsed from vertically rendered table.
2026-08-23,2026-08,Haut-Uele,Isiro,lW6NlTXqGcv,68,29,2.398158594500046,27.318090299264888,SitRep N101/MVB,2026-08-23,Automatically extracted from INSP SitRep PDF; validated against total cumulative cases. Rows without dashboard geometry are retained in totals but hidden on the case map. Parsed from vertically rendered table.
2026-08-23,2026-08,Haut-Uele,Pawa,ZxQY9szHMx5,20,15,2.336214680000097,27.537045107299598,SitRep N101/MVB,2026-08-23,Automatically extracted from INSP SitRep PDF; validated against total cumulative cases. Rows without dashboard geometry are retained in totals but hidden on the case map. Parsed from vertically rendered table.
2026-08-23,2026-08,Haut-Uele,Rungu,EGoMVOvVUAp,1,0,2.8721408758778737,28.04597429304644,SitRep N101/MVB,2026-08-23,Automatically extracted from INSP SitRep PDF; validated against total cumulative cases. Rows without dashboard geometry are retained in totals but hidden on the case map. Parsed from vertically rendered table.
2026-08-23,2026-08,Haut-Uele,Wamba,ET5R8zSN3gm,63,26,2.104064561500138,28.0995466507865,SitRep N101/MVB,2026-08-23,Automatically extracted from INSP SitRep PDF; validated against total cumulative cases. Rows without dashboard geometry are retained in totals but hidden on the case map. Parsed from vertically rendered table.
2026-08-23,2026-08,Ituri,Adja,CLboGR4F3lj,11,1,3.075097472000124,30.475237413395348,SitRep N101/MVB,2026-08-23,Automatically extracted from INSP SitRep PDF; validated against total cumulative cases. Rows without dashboard geometry are retained in totals but hidden on the case map. Parsed from vertically rendered table.
2026-08-23,2026-08,Ituri,Ariwara,fM8IqjhdeyL,8,2,3.1940884310532445,30.693184448654044,SitRep N101/MVB,2026-08-23,Automatically extracted from INSP SitRep PDF; validated against total cumulative cases. Rows without dashboard geometry are retained in totals but hidden on the case map. Parsed from vertically rendered table.
2026-08-23,2026-08,Ituri,Aru,v8PqffapuVl,7,6,2.859042986322321,30.833681049566664,SitRep N101/MVB,2026-08-23,Automatically extracted from INSP SitRep PDF; validated against total cumulative cases. Rows without dashboard geometry are retained in totals but hidden on the case map. Parsed from vertically rendered table.
2026-08-23,2026-08,Ituri,Aungba,DFcltLEKLxj,12,5,2.5670708830760702,30.592536320311343,SitRep N101/MVB,2026-08-23,Automatically extracted from INSP SitRep PDF; validated against total cumulative cases. Rows without dashboard geometry are retained in totals but hidden on the case map. Parsed from vertically rendered table.
2026-08-23,2026-08,Ituri,Bambu,Uc3GqWS8C0w,127,28,1.8633970955000336,30.20627592724413,SitRep N101/MVB,2026-08-23,Automatically extracted from INSP SitRep PDF; validated against total cumulative cases. Rows without dashboard geometry are retained in totals but hidden on the case map. Parsed from vertically rendered table.
2026-08-23,2026-08,Ituri,Boga,rLadlFjzCh7,1,1,0.9822493237397867,30.003461492917513,SitRep N101/MVB,2026-08-23,Automatically extracted from INSP SitRep PDF; validated against total cumulative cases. Rows without dashboard geometry are retained in totals but hidden on the case map. Parsed from vertically rendered table.
2026-08-23,2026-08,Ituri,Bunia,GPi6i83o7l6,1298,405,1.607713140500067,30.282078091482003,SitRep N101/MVB,2026-08-23,Automatically extracted from INSP SitRep PDF; validated against total cumulative cases. Rows without dashboard geometry are retained in totals but hidden on the case map. Parsed from vertically rendered table.
2026-08-23,2026-08,Ituri,Damas,ApdB8z3Wrxt,27,9,2.1976361605001387,30.229346408586434,SitRep N101/MVB,2026-08-23,Automatically extracted from INSP SitRep PDF; validated against total cumulative cases. Rows without dashboard geometry are retained in totals but hidden on the case map. Parsed from vertically rendered table.
2026-08-23,2026-08,Ituri,Drodro,OIhgsXcZf6x,13,6,1.7484347510000475,30.586912835820826,SitRep N101/MVB,2026-08-23,Automatically extracted from INSP SitRep PDF; validated against total cumulative cases. Rows without dashboard geometry are retained in totals but hidden on the case map. Parsed from vertically rendered table.
2026-08-23,2026-08,Ituri,Fataki,FDNwbfrJhkA,73,30,1.9004797405000886,30.565348794325672,SitRep N101/MVB,2026-08-23,Automatically extracted from INSP SitRep PDF; validated against total cumulative cases. Rows without dashboard geometry are retained in totals but hidden on the case map. Parsed from vertically rendered table.
2026-08-23,2026-08,Ituri,Gety,X8zFJ7DJlRD,5,2,1.253148786140514,30.189368117956285,SitRep N101/MVB,2026-08-23,Automatically extracted from INSP SitRep PDF; validated against total cumulative cases. Rows without dashboard geometry are retained in totals but hidden on the case map. Parsed from vertically rendered table.
2026-08-23,2026-08,Ituri,Kambala,SkEKQLSulmp,2,0,2.313255370000064,30.547371294734642,SitRep N101/MVB,2026-08-23,Automatically extracted from INSP SitRep PDF; validated against total cumulative cases. Rows without dashboard geometry are retained in totals but hidden on the case map. Parsed from vertically rendered table.
2026-08-23,2026-08,Ituri,Kilo,sbyWSsdZ3tj,32,12,1.7598275375000298,30.080701985660504,SitRep N101/MVB,2026-08-23,Automatically extracted from INSP SitRep PDF; validated against total cumulative cases. Rows without dashboard geometry are retained in totals but hidden on the case map. Parsed from vertically rendered table.
2026-08-23,2026-08,Ituri,Komanda,i2mtQy4nTmD,59,38,1.1261791000000585,29.62557262065517,SitRep N101/MVB,2026-08-23,Automatically extracted from INSP SitRep PDF; validated against total cumulative cases. Rows without dashboard geometry are retained in totals but hidden on the case map. Parsed from vertically rendered table.
2026-08-23,2026-08,Ituri,Lita,xGWcGHazqtw,197,109,1.588332974500048,30.38710948970807,SitRep N101/MVB,2026-08-23,Automatically extracted from INSP SitRep PDF; validated against total cumulative cases. Rows without dashboard geometry are retained in totals but hidden on the case map. Parsed from vertically rendered table.
2026-08-23,2026-08,Ituri,Logo,qqGoQGSp1Dw,11,5,2.155727226000039,30.877556277526388,SitRep N101/MVB,2026-08-23,Automatically extracted from INSP SitRep PDF; validated against total cumulative cases. Rows without dashboard geometry are retained in totals but hidden on the case map. Parsed from vertically rendered table.
2026-08-23,2026-08,Ituri,Lolwa,xp3Y1OXHZLj,18,4,1.4666692450000482,29.46470993607435,SitRep N101/MVB,2026-08-23,Automatically extracted from INSP SitRep PDF; validated against total cumulative cases. Rows without dashboard geometry are retained in totals but hidden on the case map. Parsed from vertically rendered table.
2026-08-23,2026-08,Ituri,Mahagi,seNn0NUsKYn,4,1,2.3021508495800296,30.865062342480392,SitRep N101/MVB,2026-08-23,Automatically extracted from INSP SitRep PDF; validated against total cumulative cases. Rows without dashboard geometry are retained in totals but hidden on the case map. Parsed from vertically rendered table.
2026-08-23,2026-08,Ituri,Mambasa,RjHZChl5gJQ,14,7,1.4290391459577108,28.62314089055854,SitRep N101/MVB,2026-08-23,Automatically extracted from INSP SitRep PDF; validated against total cumulative cases. Rows without dashboard geometry are retained in totals but hidden on the case map. Parsed from vertically rendered table.
2026-08-23,2026-08,Ituri,Mandima,YpXUkTbtAPA,32,19,0.9848691425853815,29.17200687013976,SitRep N101/MVB,2026-08-23,Automatically extracted from INSP SitRep PDF; validated against total cumulative cases. Rows without dashboard geometry are retained in totals but hidden on the case map. Parsed from vertically rendered table.
2026-08-23,2026-08,Ituri,Mangala,,197,106,,,SitRep N101/MVB,2026-08-23,Automatically extracted from INSP SitRep PDF; validated against total cumulative cases. Rows without dashboard geometry are retained in totals but hidden on the case map. Parsed from vertically rendered table.
2026-08-23,2026-08,Ituri,Mongbwalu,nv8tx681Gjd,602,283,2.1202041400000837,29.46395014319073,SitRep N101/MVB,2026-08-23,Automatically extracted from INSP SitRep PDF; validated against total cumulative cases. Rows without dashboard geometry are retained in totals but hidden on the case map. Parsed from vertically rendered table.
2026-08-23,2026-08,Ituri,Nia-Nia,,193,108,,,SitRep N101/MVB,2026-08-23,Automatically extracted from INSP SitRep PDF; validated against total cumulative cases. Rows without dashboard geometry are retained in totals but hidden on the case map. Parsed from vertically rendered table.
2026-08-23,2026-08,Ituri,Nizi,TCE5waEW7Fi,612,252,1.7491092545000129,30.29386589242562,SitRep N101/MVB,2026-08-23,Automatically extracted from INSP SitRep PDF; validated against total cumulative cases. Rows without dashboard geometry are retained in totals but hidden on the case map. Parsed from vertically rendered table.
2026-08-23,2026-08,Ituri,Nyankunde,mGTaa8TFifO,122,35,1.4866449679154434,29.933917392135683,SitRep N101/MVB,2026-08-23,Automatically extracted from INSP SitRep PDF; validated against total cumulative cases. Rows without dashboard geometry are retained in totals but hidden on the case map. Parsed from vertically rendered table.
2026-08-23,2026-08,Ituri,Rimba,a2aJcbwnjoK,10,4,2.2214134000000456,30.706000954123333,SitRep N101/MVB,2026-08-23,Automatically extracted from INSP SitRep PDF; validated against total cumulative cases. Rows without dashboard geometry are retained in totals but hidden on the case map. Parsed from vertically rendered table.
2026-08-23,2026-08,Ituri,Rwampara,vPxN2nZnBXK,913,335,1.5710652340000308,30.08327315923981,SitRep N101/MVB,2026-08-23,Automatically extracted from INSP SitRep PDF; validated against total cumulative cases. Rows without dashboard geometry are retained in totals but hidden on the case map. Parsed from vertically rendered table.
2026-08-23,2026-08,Ituri,Tchomia,rhj4btTd3i0,55,25,1.5216207475000374,30.468986199294,SitRep N101/MVB,2026-08-23,Automatically extracted from INSP SitRep PDF; validated against total cumulative cases. Rows without dashboard geometry are retained in totals but hidden on the case map. Parsed from vertically rendered table.
2026-08-23,2026-08,Nord-Kivu,Beni,msg2MyMGhKv,117,84,0.49317124866695505,29.51358389763662,SitRep N101/MVB,2026-08-23,Automatically extracted from INSP SitRep PDF; validated against total cumulative cases. Rows without dashboard geometry are retained in totals but hidden on the case map. Parsed from vertically rendered table.
2026-08-23,2026-08,Nord-Kivu,Butembo,foR0DRLqtdJ,138,106,0.14653425000037146,29.251277502423125,SitRep N101/MVB,2026-08-23,Automatically extracted from INSP SitRep PDF; validated against total cumulative cases. Rows without dashboard geometry are retained in totals but hidden on the case map. Parsed from vertically rendered table.
2026-08-23,2026-08,Nord-Kivu,Goma,t8tjGKVhkl3,1,0,-1.6528676989999553,29.17826328304752,SitRep N101/MVB,2026-08-23,Automatically extracted from INSP SitRep PDF; validated against total cumulative cases. Rows without dashboard geometry are retained in totals but hidden on the case map. Parsed from vertically rendered table.
2026-08-23,2026-08,Nord-Kivu,Kalunguta,XoJ3dLz68aj,15,7,0.32661665000009066,29.346222520686638,SitRep N101/MVB,2026-08-23,Automatically extracted from INSP SitRep PDF; validated against total cumulative cases. Rows without dashboard geometry are retained in totals but hidden on the case map. Parsed from vertically rendered table.
2026-08-23,2026-08,Nord-Kivu,Katwa,woJBeEpIZdy,348,234,0.1198993135112445,29.32416416638681,SitRep N101/MVB,2026-08-23,Automatically extracted from INSP SitRep PDF; validated against total cumulative cases. Rows without dashboard geometry are retained in totals but hidden on the case map. Parsed from vertically rendered table.
2026-08-23,2026-08,Nord-Kivu,Kyondo,amGiV9h9C2I,16,12,0.01326616194717092,29.504202701174762,SitRep N101/MVB,2026-08-23,Automatically extracted from INSP SitRep PDF; validated against total cumulative cases. Rows without dashboard geometry are retained in totals but hidden on the case map. Parsed from vertically rendered table.
2026-08-23,2026-08,Nord-Kivu,Lubero,oTtGHeQSotN,1,1,-0.2711820729999488,29.337473243936046,SitRep N101/MVB,2026-08-23,Automatically extracted from INSP SitRep PDF; validated against total cumulative cases. Rows without dashboard geometry are retained in totals but hidden on the case map. Parsed from vertically rendered table.
2026-08-23,2026-08,Nord-Kivu,Mabalako,svtAZQ9nVl0,3,2,0.5045215710000548,29.193929599486516,SitRep N101/MVB,2026-08-23,Automatically extracted from INSP SitRep PDF; validated against total cumulative cases. Rows without dashboard geometry are retained in totals but hidden on the case map. Parsed from vertically rendered table.
2026-08-23,2026-08,Nord-Kivu,Masereka,kQCMPbHKQ93,7,4,-0.10927556649997427,29.327512197678764,SitRep N101/MVB,2026-08-23,Automatically extracted from INSP SitRep PDF; validated against total cumulative cases. Rows without dashboard geometry are retained in totals but hidden on the case map. Parsed from vertically rendered table.
2026-08-23,2026-08,Nord-Kivu,Musienene,VooLsNf0dDB,70,41,0.07251365900023643,28.353275181121674,SitRep N101/MVB,2026-08-23,Automatically extracted from INSP SitRep PDF; validated against total cumulative cases. Rows without dashboard geometry are retained in totals but hidden on the case map. Parsed from vertically rendered table.
2026-08-23,2026-08,Nord-Kivu,Mutwanga,TnjfqDbxtwP,1,1,0.23113650600003838,29.720871630047824,SitRep N101/MVB,2026-08-23,Automatically extracted from INSP SitRep PDF; validated against total cumulative cases. Rows without dashboard geometry are retained in totals but hidden on the case map. Parsed from vertically rendered table.
2026-08-23,2026-08,Nord-Kivu,Oicha,zOOAshOz4Cz,6,4,0.7639879778753311,29.547044823759116,SitRep N101/MVB,2026-08-23,Automatically extracted from INSP SitRep PDF; validated against total cumulative cases. Rows without dashboard geometry are retained in totals but hidden on the case map. Parsed from vertically rendered table.
2026-08-23,2026-08,Nord-Kivu,Vuhovi,,5,2,,,SitRep N101/MVB,2026-08-23,Automatically extracted from INSP SitRep PDF; validated against total cumulative cases. Rows without dashboard geometry are retained in totals but hidden on the case map. Parsed from vertically rendered table.
2026-08-23,2026-08,Sud-Kivu,Miti-Murhesa,,3,1,,,SitRep N101/MVB,2026-08-23,Automatically extracted from INSP SitRep PDF; validated against total cumulative cases. Rows without dashboard geometry are retained in totals but hidden on the case map. Parsed from vertically rendered table.
2026-08-23,2026-08,Tshopo,Bafwasende,pLBZiohnxFC,1,0,0.5883184495002638,26.679613954245525,SitRep N101/MVB,2026-08-23,Automatically extracted from INSP SitRep PDF; validated against total cumulative cases. Rows without dashboard geometry are retained in totals but hidden on the case map. Parsed from vertically rendered table.
2026-08-23,2026-08,Tshopo,Kabondo,Al5GBxzCgMe,3,1,0.611433901500078,25.36859620730113,SitRep N101/MVB,2026-08-23,Automatically extracted from INSP SitRep PDF; validated against total cumulative cases. Rows without dashboard geometry are retained in totals but hidden on the case map. Parsed from vertically rendered table.
2026-08-23,2026-08,Tshopo,Lubunga,I9d1F9TGn33,1,0,0.4130002195000486,25.10564709446672,SitRep N101/MVB,2026-08-23,Automatically extracted from INSP SitRep PDF; validated against total cumulative cases. Rows without dashboard geometry are retained in totals but hidden on the case map. Parsed from vertically rendered table.
2026-08-23,2026-08,Tshopo,Makiso-Kisangani,,6,4,,,SitRep N101/MVB,2026-08-23,Automatically extracted from INSP SitRep PDF; validated against total cumulative cases. Rows without dashboard geometry are retained in totals but hidden on the case map. Repaired from a split health-zone name in PDF text extraction.
2026-08-23,2026-08,Tshopo,Mangobo,wOWB7WbNuSN,2,2,0.5399329588970425,25.15236555521503,SitRep N101/MVB,2026-08-23,Automatically extracted from INSP SitRep PDF; validated against total cumulative cases. Rows without dashboard geometry are retained in totals but hidden on the case map. Parsed from vertically rendered table.
2026-08-23,2026-08,Tshopo,Tshopo,IMkgSD6FVjc,1,0,0.8225417305001201,25.51250589004271,SitRep N101/MVB,2026-08-23,Automatically extracted from INSP SitRep PDF; validated against total cumulative cases. Rows without dashboard geometry are retained in totals but hidden on the case map. Disambiguated from the Tshopo province subtotal.
2026-08-23,2026-08,Tshopo,Wanie-Rukula,,1,1,,,SitRep N101/MVB,2026-08-23,Automatically extracted from INSP SitRep PDF; validated against total cumulative cases. Rows without dashboard geometry are retained in totals but hidden on the case map. Parsed from vertically rendered table.
2026-08-24,2026-08,Bas-Uele,Buta,pggZxV6O3iF,1,1,2.8350074602528936,25.201793052528068,SitRep N102/MVB,2026-08-24,Automatically extracted from INSP SitRep PDF; validated against total cumulative cases. Rows without dashboard geometry are retained in totals but hidden on the case map. Parsed from vertically rendered table.
2026-08-24,2026-08,Bas-Uele,Ganga,QU7amTjhWlQ,1,0,2.9763028270000405,26.227029257826267,SitRep N102/MVB,2026-08-24,Automatically extracted from INSP SitRep PDF; validated against total cumulative cases. Rows without dashboard geometry are retained in totals but hidden on the case map. Parsed from vertically rendered table.
2026-08-24,2026-08,Bas-Uele,Viadana,,1,0,,,SitRep N102/MVB,2026-08-24,Automatically extracted from INSP SitRep PDF; validated against total cumulative cases. Rows without dashboard geometry are retained in totals but hidden on the case map. Parsed from vertically rendered table.
2026-08-24,2026-08,Haut-Uele,Boma Mangbetu,qwBasnNFRFW,26,13,2.2351428900001054,27.792917281282055,SitRep N102/MVB,2026-08-24,Automatically extracted from INSP SitRep PDF; validated against total cumulative cases. Rows without dashboard geometry are retained in totals but hidden on the case map. Parsed from vertically rendered table.
2026-08-24,2026-08,Haut-Uele,Gombari,h1dItcsoHRw,3,1,2.8324490322969806,29.003074885174172,SitRep N102/MVB,2026-08-24,Automatically extracted from INSP SitRep PDF; validated against total cumulative cases. Rows without dashboard geometry are retained in totals but hidden on the case map. Parsed from vertically rendered table.
2026-08-24,2026-08,Haut-Uele,Isiro,lW6NlTXqGcv,70,30,2.398158594500046,27.318090299264888,SitRep N102/MVB,2026-08-24,Automatically extracted from INSP SitRep PDF; validated against total cumulative cases. Rows without dashboard geometry are retained in totals but hidden on the case map. Parsed from vertically rendered table.
2026-08-24,2026-08,Haut-Uele,Pawa,ZxQY9szHMx5,20,15,2.336214680000097,27.537045107299598,SitRep N102/MVB,2026-08-24,Automatically extracted from INSP SitRep PDF; validated against total cumulative cases. Rows without dashboard geometry are retained in totals but hidden on the case map. Parsed from vertically rendered table.
2026-08-24,2026-08,Haut-Uele,Rungu,EGoMVOvVUAp,1,0,2.8721408758778737,28.04597429304644,SitRep N102/MVB,2026-08-24,Automatically extracted from INSP SitRep PDF; validated against total cumulative cases. Rows without dashboard geometry are retained in totals but hidden on the case map. Parsed from vertically rendered table.
2026-08-24,2026-08,Haut-Uele,Wamba,ET5R8zSN3gm,64,26,2.104064561500138,28.0995466507865,SitRep N102/MVB,2026-08-24,Automatically extracted from INSP SitRep PDF; validated against total cumulative cases. Rows without dashboard geometry are retained in totals but hidden on the case map. Parsed from vertically rendered table.
2026-08-24,2026-08,Ituri,Adja,CLboGR4F3lj,11,1,3.075097472000124,30.475237413395348,SitRep N102/MVB,2026-08-24,Automatically extracted from INSP SitRep PDF; validated against total cumulative cases. Rows without dashboard geometry are retained in totals but hidden on the case map. Parsed from vertically rendered table.
2026-08-24,2026-08,Ituri,Ariwara,fM8IqjhdeyL,8,2,3.1940884310532445,30.693184448654044,SitRep N102/MVB,2026-08-24,Automatically extracted from INSP SitRep PDF; validated against total cumulative cases. Rows without dashboard geometry are retained in totals but hidden on the case map. Parsed from vertically rendered table.
2026-08-24,2026-08,Ituri,Aru,v8PqffapuVl,7,6,2.859042986322321,30.833681049566664,SitRep N102/MVB,2026-08-24,Automatically extracted from INSP SitRep PDF; validated against total cumulative cases. Rows without dashboard geometry are retained in totals but hidden on the case map. Parsed from vertically rendered table.
2026-08-24,2026-08,Ituri,Aungba,DFcltLEKLxj,12,5,2.5670708830760702,30.592536320311343,SitRep N102/MVB,2026-08-24,Automatically extracted from INSP SitRep PDF; validated against total cumulative cases. Rows without dashboard geometry are retained in totals but hidden on the case map. Parsed from vertically rendered table.
2026-08-24,2026-08,Ituri,Bambu,Uc3GqWS8C0w,139,29,1.8633970955000336,30.20627592724413,SitRep N102/MVB,2026-08-24,Automatically extracted from INSP SitRep PDF; validated against total cumulative cases. Rows without dashboard geometry are retained in totals but hidden on the case map. Parsed from vertically rendered table.
2026-08-24,2026-08,Ituri,Boga,rLadlFjzCh7,2,2,0.9822493237397867,30.003461492917513,SitRep N102/MVB,2026-08-24,Automatically extracted from INSP SitRep PDF; validated against total cumulative cases. Rows without dashboard geometry are retained in totals but hidden on the case map. Parsed from vertically rendered table.
2026-08-24,2026-08,Ituri,Bunia,GPi6i83o7l6,1312,411,1.607713140500067,30.282078091482003,SitRep N102/MVB,2026-08-24,Automatically extracted from INSP SitRep PDF; validated against total cumulative cases. Rows without dashboard geometry are retained in totals but hidden on the case map. Parsed from vertically rendered table.
2026-08-24,2026-08,Ituri,Damas,ApdB8z3Wrxt,27,9,2.1976361605001387,30.229346408586434,SitRep N102/MVB,2026-08-24,Automatically extracted from INSP SitRep PDF; validated against total cumulative cases. Rows without dashboard geometry are retained in totals but hidden on the case map. Parsed from vertically rendered table.
2026-08-24,2026-08,Ituri,Drodro,OIhgsXcZf6x,13,6,1.7484347510000475,30.586912835820826,SitRep N102/MVB,2026-08-24,Automatically extracted from INSP SitRep PDF; validated against total cumulative cases. Rows without dashboard geometry are retained in totals but hidden on the case map. Parsed from vertically rendered table.
2026-08-24,2026-08,Ituri,Fataki,FDNwbfrJhkA,73,30,1.9004797405000886,30.565348794325672,SitRep N102/MVB,2026-08-24,Automatically extracted from INSP SitRep PDF; validated against total cumulative cases. Rows without dashboard geometry are retained in totals but hidden on the case map. Parsed from vertically rendered table.
2026-08-24,2026-08,Ituri,Gety,X8zFJ7DJlRD,5,2,1.253148786140514,30.189368117956285,SitRep N102/MVB,2026-08-24,Automatically extracted from INSP SitRep PDF; validated against total cumulative cases. Rows without dashboard geometry are retained in totals but hidden on the case map. Parsed from vertically rendered table.
2026-08-24,2026-08,Ituri,Kambala,SkEKQLSulmp,2,0,2.313255370000064,30.547371294734642,SitRep N102/MVB,2026-08-24,Automatically extracted from INSP SitRep PDF; validated against total cumulative cases. Rows without dashboard geometry are retained in totals but hidden on the case map. Parsed from vertically rendered table.
2026-08-24,2026-08,Ituri,Kilo,sbyWSsdZ3tj,32,12,1.7598275375000298,30.080701985660504,SitRep N102/MVB,2026-08-24,Automatically extracted from INSP SitRep PDF; validated against total cumulative cases. Rows without dashboard geometry are retained in totals but hidden on the case map. Parsed from vertically rendered table.
2026-08-24,2026-08,Ituri,Komanda,i2mtQy4nTmD,61,39,1.1261791000000585,29.62557262065517,SitRep N102/MVB,2026-08-24,Automatically extracted from INSP SitRep PDF; validated against total cumulative cases. Rows without dashboard geometry are retained in totals but hidden on the case map. Parsed from vertically rendered table.
2026-08-24,2026-08,Ituri,Lita,xGWcGHazqtw,204,111,1.588332974500048,30.38710948970807,SitRep N102/MVB,2026-08-24,Automatically extracted from INSP SitRep PDF; validated against total cumulative cases. Rows without dashboard geometry are retained in totals but hidden on the case map. Parsed from vertically rendered table.
2026-08-24,2026-08,Ituri,Logo,qqGoQGSp1Dw,11,5,2.155727226000039,30.877556277526388,SitRep N102/MVB,2026-08-24,Automatically extracted from INSP SitRep PDF; validated against total cumulative cases. Rows without dashboard geometry are retained in totals but hidden on the case map. Parsed from vertically rendered table.
2026-08-24,2026-08,Ituri,Lolwa,xp3Y1OXHZLj,18,4,1.4666692450000482,29.46470993607435,SitRep N102/MVB,2026-08-24,Automatically extracted from INSP SitRep PDF; validated against total cumulative cases. Rows without dashboard geometry are retained in totals but hidden on the case map. Parsed from vertically rendered table.
2026-08-24,2026-08,Ituri,Mahagi,seNn0NUsKYn,4,1,2.3021508495800296,30.865062342480392,SitRep N102/MVB,2026-08-24,Automatically extracted from INSP SitRep PDF; validated against total cumulative cases. Rows without dashboard geometry are retained in totals but hidden on the case map. Parsed from vertically rendered table.
2026-08-24,2026-08,Ituri,Mambasa,RjHZChl5gJQ,14,7,1.4290391459577108,28.62314089055854,SitRep N102/MVB,2026-08-24,Automatically extracted from INSP SitRep PDF; validated against total cumulative cases. Rows without dashboard geometry are retained in totals but hidden on the case map. Parsed from vertically rendered table.
2026-08-24,2026-08,Ituri,Mandima,YpXUkTbtAPA,32,19,0.9848691425853815,29.17200687013976,SitRep N102/MVB,2026-08-24,Automatically extracted from INSP SitRep PDF; validated against total cumulative cases. Rows without dashboard geometry are retained in totals but hidden on the case map. Parsed from vertically rendered table.
2026-08-24,2026-08,Ituri,Mangala,,203,109,,,SitRep N102/MVB,2026-08-24,Automatically extracted from INSP SitRep PDF; validated against total cumulative cases. Rows without dashboard geometry are retained in totals but hidden on the case map. Parsed from vertically rendered table.
2026-08-24,2026-08,Ituri,Mongbwalu,nv8tx681Gjd,603,284,2.1202041400000837,29.46395014319073,SitRep N102/MVB,2026-08-24,Automatically extracted from INSP SitRep PDF; validated against total cumulative cases. Rows without dashboard geometry are retained in totals but hidden on the case map. Parsed from vertically rendered table.
2026-08-24,2026-08,Ituri,Nia-Nia,,193,108,,,SitRep N102/MVB,2026-08-24,Automatically extracted from INSP SitRep PDF; validated against total cumulative cases. Rows without dashboard geometry are retained in totals but hidden on the case map. Parsed from vertically rendered table.
2026-08-24,2026-08,Ituri,Nizi,TCE5waEW7Fi,622,252,1.7491092545000129,30.29386589242562,SitRep N102/MVB,2026-08-24,Automatically extracted from INSP SitRep PDF; validated against total cumulative cases. Rows without dashboard geometry are retained in totals but hidden on the case map. Parsed from vertically rendered table.
2026-08-24,2026-08,Ituri,Nyankunde,mGTaa8TFifO,123,35,1.4866449679154434,29.933917392135683,SitRep N102/MVB,2026-08-24,Automatically extracted from INSP SitRep PDF; validated against total cumulative cases. Rows without dashboard geometry are retained in totals but hidden on the case map. Parsed from vertically rendered table.
2026-08-24,2026-08,Ituri,Rimba,a2aJcbwnjoK,10,4,2.2214134000000456,30.706000954123333,SitRep N102/MVB,2026-08-24,Automatically extracted from INSP SitRep PDF; validated against total cumulative cases. Rows without dashboard geometry are retained in totals but hidden on the case map. Parsed from vertically rendered table.
2026-08-24,2026-08,Ituri,Rwampara,vPxN2nZnBXK,920,335,1.5710652340000308,30.08327315923981,SitRep N102/MVB,2026-08-24,Automatically extracted from INSP SitRep PDF; validated against total cumulative cases. Rows without dashboard geometry are retained in totals but hidden on the case map. Parsed from vertically rendered table.
2026-08-24,2026-08,Ituri,Tchomia,rhj4btTd3i0,55,25,1.5216207475000374,30.468986199294,SitRep N102/MVB,2026-08-24,Automatically extracted from INSP SitRep PDF; validated against total cumulative cases. Rows without dashboard geometry are retained in totals but hidden on the case map. Parsed from vertically rendered table.
2026-08-24,2026-08,Nord-Kivu,Beni,msg2MyMGhKv,118,84,0.49317124866695505,29.51358389763662,SitRep N102/MVB,2026-08-24,Automatically extracted from INSP SitRep PDF; validated against total cumulative cases. Rows without dashboard geometry are retained in totals but hidden on the case map. Parsed from vertically rendered table.
2026-08-24,2026-08,Nord-Kivu,Butembo,foR0DRLqtdJ,140,107,0.14653425000037146,29.251277502423125,SitRep N102/MVB,2026-08-24,Automatically extracted from INSP SitRep PDF; validated against total cumulative cases. Rows without dashboard geometry are retained in totals but hidden on the case map. Parsed from vertically rendered table.
2026-08-24,2026-08,Nord-Kivu,Goma,t8tjGKVhkl3,1,0,-1.6528676989999553,29.17826328304752,SitRep N102/MVB,2026-08-24,Automatically extracted from INSP SitRep PDF; validated against total cumulative cases. Rows without dashboard geometry are retained in totals but hidden on the case map. Parsed from vertically rendered table.
2026-08-24,2026-08,Nord-Kivu,Kalunguta,XoJ3dLz68aj,15,7,0.32661665000009066,29.346222520686638,SitRep N102/MVB,2026-08-24,Automatically extracted from INSP SitRep PDF; validated against total cumulative cases. Rows without dashboard geometry are retained in totals but hidden on the case map. Parsed from vertically rendered table.
2026-08-24,2026-08,Nord-Kivu,Katwa,woJBeEpIZdy,351,236,0.1198993135112445,29.32416416638681,SitRep N102/MVB,2026-08-24,Automatically extracted from INSP SitRep PDF; validated against total cumulative cases. Rows without dashboard geometry are retained in totals but hidden on the case map. Parsed from vertically rendered table.
2026-08-24,2026-08,Nord-Kivu,Kyondo,amGiV9h9C2I,16,12,0.01326616194717092,29.504202701174762,SitRep N102/MVB,2026-08-24,Automatically extracted from INSP SitRep PDF; validated against total cumulative cases. Rows without dashboard geometry are retained in totals but hidden on the case map. Parsed from vertically rendered table.
2026-08-24,2026-08,Nord-Kivu,Lubero,oTtGHeQSotN,1,1,-0.2711820729999488,29.337473243936046,SitRep N102/MVB,2026-08-24,Automatically extracted from INSP SitRep PDF; validated against total cumulative cases. Rows without dashboard geometry are retained in totals but hidden on the case map. Parsed from vertically rendered table.
2026-08-24,2026-08,Nord-Kivu,Mabalako,svtAZQ9nVl0,3,2,0.5045215710000548,29.193929599486516,SitRep N102/MVB,2026-08-24,Automatically extracted from INSP SitRep PDF; validated against total cumulative cases. Rows without dashboard geometry are retained in totals but hidden on the case map. Parsed from vertically rendered table.
2026-08-24,2026-08,Nord-Kivu,Masereka,kQCMPbHKQ93,7,4,-0.10927556649997427,29.327512197678764,SitRep N102/MVB,2026-08-24,Automatically extracted from INSP SitRep PDF; validated against total cumulative cases. Rows without dashboard geometry are retained in totals but hidden on the case map. Parsed from vertically rendered table.
2026-08-24,2026-08,Nord-Kivu,Musienene,VooLsNf0dDB,70,41,0.07251365900023643,28.353275181121674,SitRep N102/MVB,2026-08-24,Automatically extracted from INSP SitRep PDF; validated against total cumulative cases. Rows without dashboard geometry are retained in totals but hidden on the case map. Parsed from vertically rendered table.
2026-08-24,2026-08,Nord-Kivu,Mutwanga,TnjfqDbxtwP,1,1,0.23113650600003838,29.720871630047824,SitRep N102/MVB,2026-08-24,Automatically extracted from INSP SitRep PDF; validated against total cumulative cases. Rows without dashboard geometry are retained in totals but hidden on the case map. Parsed from vertically rendered table.
2026-08-24,2026-08,Nord-Kivu,Oicha,zOOAshOz4Cz,7,4,0.7639879778753311,29.547044823759116,SitRep N102/MVB,2026-08-24,Automatically extracted from INSP SitRep PDF; validated against total cumulative cases. Rows without dashboard geometry are retained in totals but hidden on the case map. Parsed from vertically rendered table.
2026-08-24,2026-08,Nord-Kivu,Vuhovi,,5,2,,,SitRep N102/MVB,2026-08-24,Automatically extracted from INSP SitRep PDF; validated against total cumulative cases. Rows without dashboard geometry are retained in totals but hidden on the case map. Parsed from vertically rendered table.
2026-08-24,2026-08,Sud-Kivu,Miti-Murhesa,,3,1,,,SitRep N102/MVB,2026-08-24,Automatically extracted from INSP SitRep PDF; validated against total cumulative cases. Rows without dashboard geometry are retained in totals but hidden on the case map. Parsed from vertically rendered table.
2026-08-24,2026-08,Tshopo,Bafwasende,pLBZiohnxFC,1,0,0.5883184495002638,26.679613954245525,SitRep N102/MVB,2026-08-24,Automatically extracted from INSP SitRep PDF; validated against total cumulative cases. Rows without dashboard geometry are retained in totals but hidden on the case map. Parsed from vertically rendered table.
2026-08-24,2026-08,Tshopo,Kabondo,Al5GBxzCgMe,3,1,0.611433901500078,25.36859620730113,SitRep N102/MVB,2026-08-24,Automatically extracted from INSP SitRep PDF; validated against total cumulative cases. Rows without dashboard geometry are retained in totals but hidden on the case map. Parsed from vertically rendered table.
2026-08-24,2026-08,Tshopo,Lubunga,I9d1F9TGn33,1,0,0.4130002195000486,25.10564709446672,SitRep N102/MVB,2026-08-24,Automatically extracted from INSP SitRep PDF; validated against total cumulative cases. Rows without dashboard geometry are retained in totals but hidden on the case map. Parsed from vertically rendered table.
2026-08-24,2026-08,Tshopo,Makiso-Kisangani,,6,4,,,SitRep N102/MVB,2026-08-24,Automatically extracted from INSP SitRep PDF; validated against total cumulative cases. Rows without dashboard geometry are retained in totals but hidden on the case map. Parsed from vertically rendered table.
2026-08-24,2026-08,Tshopo,Mangobo,wOWB7WbNuSN,2,2,0.5399329588970425,25.15236555521503,SitRep N102/MVB,2026-08-24,Automatically extracted from INSP SitRep PDF; validated against total cumulative cases. Rows without dashboard geometry are retained in totals but hidden on the case map. Parsed from vertically rendered table.
2026-08-24,2026-08,Tshopo,Tshopo,IMkgSD6FVjc,1,0,0.8225417305001201,25.51250589004271,SitRep N102/MVB,2026-08-24,Automatically extracted from INSP SitRep PDF; validated against total cumulative cases. Rows without dashboard geometry are retained in totals but hidden on the case map. Disambiguated from the Tshopo province subtotal.
2026-08-24,2026-08,Tshopo,Wanie-Rukula,,1,1,,,SitRep N102/MVB,2026-08-24,Automatically extracted from INSP SitRep PDF; validated against total cumulative cases. Rows without dashboard geometry are retained in totals but hidden on the case map. Parsed from vertically rendered table.
2026-08-25,2026-08,Bas-Uele,Buta,pggZxV6O3iF,1,1,2.8350074602528936,25.201793052528068,SitRep N103/MVB,2026-08-25,Automatically extracted from INSP SitRep PDF; validated against total cumulative cases. Rows without dashboard geometry are retained in totals but hidden on the case map. Parsed from vertically rendered table.
2026-08-25,2026-08,Bas-Uele,Ganga,QU7amTjhWlQ,1,0,2.9763028270000405,26.227029257826267,SitRep N103/MVB,2026-08-25,Automatically extracted from INSP SitRep PDF; validated against total cumulative cases. Rows without dashboard geometry are retained in totals but hidden on the case map. Parsed from vertically rendered table.
2026-08-25,2026-08,Bas-Uele,Viadana,,1,0,,,SitRep N103/MVB,2026-08-25,Automatically extracted from INSP SitRep PDF; validated against total cumulative cases. Rows without dashboard geometry are retained in totals but hidden on the case map. Parsed from vertically rendered table.
2026-08-25,2026-08,Haut-Uele,Boma Mangbetu,qwBasnNFRFW,26,14,2.2351428900001054,27.792917281282055,SitRep N103/MVB,2026-08-25,Automatically extracted from INSP SitRep PDF; validated against total cumulative cases. Rows without dashboard geometry are retained in totals but hidden on the case map. Parsed from vertically rendered table.
2026-08-25,2026-08,Haut-Uele,Gombari,h1dItcsoHRw,3,1,2.8324490322969806,29.003074885174172,SitRep N103/MVB,2026-08-25,Automatically extracted from INSP SitRep PDF; validated against total cumulative cases. Rows without dashboard geometry are retained in totals but hidden on the case map. Parsed from vertically rendered table.
2026-08-25,2026-08,Haut-Uele,Isiro,lW6NlTXqGcv,74,32,2.398158594500046,27.318090299264888,SitRep N103/MVB,2026-08-25,Automatically extracted from INSP SitRep PDF; validated against total cumulative cases. Rows without dashboard geometry are retained in totals but hidden on the case map. Parsed from vertically rendered table.
2026-08-25,2026-08,Haut-Uele,Pawa,ZxQY9szHMx5,20,15,2.336214680000097,27.537045107299598,SitRep N103/MVB,2026-08-25,Automatically extracted from INSP SitRep PDF; validated against total cumulative cases. Rows without dashboard geometry are retained in totals but hidden on the case map. Parsed from vertically rendered table.
2026-08-25,2026-08,Haut-Uele,Rungu,EGoMVOvVUAp,1,0,2.8721408758778737,28.04597429304644,SitRep N103/MVB,2026-08-25,Automatically extracted from INSP SitRep PDF; validated against total cumulative cases. Rows without dashboard geometry are retained in totals but hidden on the case map. Parsed from vertically rendered table.
2026-08-25,2026-08,Haut-Uele,Wamba,ET5R8zSN3gm,65,27,2.104064561500138,28.0995466507865,SitRep N103/MVB,2026-08-25,Automatically extracted from INSP SitRep PDF; validated against total cumulative cases. Rows without dashboard geometry are retained in totals but hidden on the case map. Parsed from vertically rendered table.
2026-08-25,2026-08,Ituri,Adja,CLboGR4F3lj,11,1,3.075097472000124,30.475237413395348,SitRep N103/MVB,2026-08-25,Automatically extracted from INSP SitRep PDF; validated against total cumulative cases. Rows without dashboard geometry are retained in totals but hidden on the case map. Parsed from vertically rendered table.
2026-08-25,2026-08,Ituri,Ariwara,fM8IqjhdeyL,8,2,3.1940884310532445,30.693184448654044,SitRep N103/MVB,2026-08-25,Automatically extracted from INSP SitRep PDF; validated against total cumulative cases. Rows without dashboard geometry are retained in totals but hidden on the case map. Parsed from vertically rendered table.
2026-08-25,2026-08,Ituri,Aru,v8PqffapuVl,7,6,2.859042986322321,30.833681049566664,SitRep N103/MVB,2026-08-25,Automatically extracted from INSP SitRep PDF; validated against total cumulative cases. Rows without dashboard geometry are retained in totals but hidden on the case map. Parsed from vertically rendered table.
2026-08-25,2026-08,Ituri,Aungba,DFcltLEKLxj,12,5,2.5670708830760702,30.592536320311343,SitRep N103/MVB,2026-08-25,Automatically extracted from INSP SitRep PDF; validated against total cumulative cases. Rows without dashboard geometry are retained in totals but hidden on the case map. Parsed from vertically rendered table.
2026-08-25,2026-08,Ituri,Bambu,Uc3GqWS8C0w,148,29,1.8633970955000336,30.20627592724413,SitRep N103/MVB,2026-08-25,Automatically extracted from INSP SitRep PDF; validated against total cumulative cases. Rows without dashboard geometry are retained in totals but hidden on the case map. Parsed from vertically rendered table.
2026-08-25,2026-08,Ituri,Boga,rLadlFjzCh7,2,2,0.9822493237397867,30.003461492917513,SitRep N103/MVB,2026-08-25,Automatically extracted from INSP SitRep PDF; validated against total cumulative cases. Rows without dashboard geometry are retained in totals but hidden on the case map. Parsed from vertically rendered table.
2026-08-25,2026-08,Ituri,Bunia,GPi6i83o7l6,1317,411,1.607713140500067,30.282078091482003,SitRep N103/MVB,2026-08-25,Automatically extracted from INSP SitRep PDF; validated against total cumulative cases. Rows without dashboard geometry are retained in totals but hidden on the case map. Parsed from vertically rendered table.
2026-08-25,2026-08,Ituri,Damas,ApdB8z3Wrxt,27,9,2.1976361605001387,30.229346408586434,SitRep N103/MVB,2026-08-25,Automatically extracted from INSP SitRep PDF; validated against total cumulative cases. Rows without dashboard geometry are retained in totals but hidden on the case map. Parsed from vertically rendered table.
2026-08-25,2026-08,Ituri,Drodro,OIhgsXcZf6x,13,6,1.7484347510000475,30.586912835820826,SitRep N103/MVB,2026-08-25,Automatically extracted from INSP SitRep PDF; validated against total cumulative cases. Rows without dashboard geometry are retained in totals but hidden on the case map. Parsed from vertically rendered table.
2026-08-25,2026-08,Ituri,Fataki,FDNwbfrJhkA,73,30,1.9004797405000886,30.565348794325672,SitRep N103/MVB,2026-08-25,Automatically extracted from INSP SitRep PDF; validated against total cumulative cases. Rows without dashboard geometry are retained in totals but hidden on the case map. Parsed from vertically rendered table.
2026-08-25,2026-08,Ituri,Gety,X8zFJ7DJlRD,5,2,1.253148786140514,30.189368117956285,SitRep N103/MVB,2026-08-25,Automatically extracted from INSP SitRep PDF; validated against total cumulative cases. Rows without dashboard geometry are retained in totals but hidden on the case map. Parsed from vertically rendered table.
2026-08-25,2026-08,Ituri,Kambala,SkEKQLSulmp,2,0,2.313255370000064,30.547371294734642,SitRep N103/MVB,2026-08-25,Automatically extracted from INSP SitRep PDF; validated against total cumulative cases. Rows without dashboard geometry are retained in totals but hidden on the case map. Parsed from vertically rendered table.
2026-08-25,2026-08,Ituri,Kilo,sbyWSsdZ3tj,32,12,1.7598275375000298,30.080701985660504,SitRep N103/MVB,2026-08-25,Automatically extracted from INSP SitRep PDF; validated against total cumulative cases. Rows without dashboard geometry are retained in totals but hidden on the case map. Parsed from vertically rendered table.
2026-08-25,2026-08,Ituri,Komanda,i2mtQy4nTmD,61,39,1.1261791000000585,29.62557262065517,SitRep N103/MVB,2026-08-25,Automatically extracted from INSP SitRep PDF; validated against total cumulative cases. Rows without dashboard geometry are retained in totals but hidden on the case map. Parsed from vertically rendered table.
2026-08-25,2026-08,Ituri,Lita,xGWcGHazqtw,204,111,1.588332974500048,30.38710948970807,SitRep N103/MVB,2026-08-25,Automatically extracted from INSP SitRep PDF; validated against total cumulative cases. Rows without dashboard geometry are retained in totals but hidden on the case map. Parsed from vertically rendered table.
2026-08-25,2026-08,Ituri,Logo,qqGoQGSp1Dw,11,5,2.155727226000039,30.877556277526388,SitRep N103/MVB,2026-08-25,Automatically extracted from INSP SitRep PDF; validated against total cumulative cases. Rows without dashboard geometry are retained in totals but hidden on the case map. Parsed from vertically rendered table.
2026-08-25,2026-08,Ituri,Lolwa,xp3Y1OXHZLj,19,4,1.4666692450000482,29.46470993607435,SitRep N103/MVB,2026-08-25,Automatically extracted from INSP SitRep PDF; validated against total cumulative cases. Rows without dashboard geometry are retained in totals but hidden on the case map. Parsed from vertically rendered table.
2026-08-25,2026-08,Ituri,Mahagi,seNn0NUsKYn,4,1,2.3021508495800296,30.865062342480392,SitRep N103/MVB,2026-08-25,Automatically extracted from INSP SitRep PDF; validated against total cumulative cases. Rows without dashboard geometry are retained in totals but hidden on the case map. Parsed from vertically rendered table.
2026-08-25,2026-08,Ituri,Mambasa,RjHZChl5gJQ,17,7,1.4290391459577108,28.62314089055854,SitRep N103/MVB,2026-08-25,Automatically extracted from INSP SitRep PDF; validated against total cumulative cases. Rows without dashboard geometry are retained in totals but hidden on the case map. Parsed from vertically rendered table.
2026-08-25,2026-08,Ituri,Mandima,YpXUkTbtAPA,32,19,0.9848691425853815,29.17200687013976,SitRep N103/MVB,2026-08-25,Automatically extracted from INSP SitRep PDF; validated against total cumulative cases. Rows without dashboard geometry are retained in totals but hidden on the case map. Parsed from vertically rendered table.
2026-08-25,2026-08,Ituri,Mangala,,203,109,,,SitRep N103/MVB,2026-08-25,Automatically extracted from INSP SitRep PDF; validated against total cumulative cases. Rows without dashboard geometry are retained in totals but hidden on the case map. Parsed from vertically rendered table.
2026-08-25,2026-08,Ituri,Mongbwalu,nv8tx681Gjd,605,284,2.1202041400000837,29.46395014319073,SitRep N103/MVB,2026-08-25,Automatically extracted from INSP SitRep PDF; validated against total cumulative cases. Rows without dashboard geometry are retained in totals but hidden on the case map. Parsed from vertically rendered table.
2026-08-25,2026-08,Ituri,Nia-Nia,,199,108,,,SitRep N103/MVB,2026-08-25,Automatically extracted from INSP SitRep PDF; validated against total cumulative cases. Rows without dashboard geometry are retained in totals but hidden on the case map. Parsed from vertically rendered table.
2026-08-25,2026-08,Ituri,Nizi,TCE5waEW7Fi,628,252,1.7491092545000129,30.29386589242562,SitRep N103/MVB,2026-08-25,Automatically extracted from INSP SitRep PDF; validated against total cumulative cases. Rows without dashboard geometry are retained in totals but hidden on the case map. Parsed from vertically rendered table.
2026-08-25,2026-08,Ituri,Nyankunde,mGTaa8TFifO,124,35,1.4866449679154434,29.933917392135683,SitRep N103/MVB,2026-08-25,Automatically extracted from INSP SitRep PDF; validated against total cumulative cases. Rows without dashboard geometry are retained in totals but hidden on the case map. Parsed from vertically rendered table.
2026-08-25,2026-08,Ituri,Rimba,a2aJcbwnjoK,10,4,2.2214134000000456,30.706000954123333,SitRep N103/MVB,2026-08-25,Automatically extracted from INSP SitRep PDF; validated against total cumulative cases. Rows without dashboard geometry are retained in totals but hidden on the case map. Parsed from vertically rendered table.
2026-08-25,2026-08,Ituri,Rwampara,vPxN2nZnBXK,921,335,1.5710652340000308,30.08327315923981,SitRep N103/MVB,2026-08-25,Automatically extracted from INSP SitRep PDF; validated against total cumulative cases. Rows without dashboard geometry are retained in totals but hidden on the case map. Parsed from vertically rendered table.
2026-08-25,2026-08,Ituri,Tchomia,rhj4btTd3i0,55,25,1.5216207475000374,30.468986199294,SitRep N103/MVB,2026-08-25,Automatically extracted from INSP SitRep PDF; validated against total cumulative cases. Rows without dashboard geometry are retained in totals but hidden on the case map. Parsed from vertically rendered table.
2026-08-25,2026-08,Nord-Kivu,Beni,msg2MyMGhKv,118,85,0.49317124866695505,29.51358389763662,SitRep N103/MVB,2026-08-25,Automatically extracted from INSP SitRep PDF; validated against total cumulative cases. Rows without dashboard geometry are retained in totals but hidden on the case map. Parsed from vertically rendered table.
2026-08-25,2026-08,Nord-Kivu,Butembo,foR0DRLqtdJ,146,110,0.14653425000037146,29.251277502423125,SitRep N103/MVB,2026-08-25,Automatically extracted from INSP SitRep PDF; validated against total cumulative cases. Rows without dashboard geometry are retained in totals but hidden on the case map. Parsed from vertically rendered table.
2026-08-25,2026-08,Nord-Kivu,Goma,t8tjGKVhkl3,1,0,-1.6528676989999553,29.17826328304752,SitRep N103/MVB,2026-08-25,Automatically extracted from INSP SitRep PDF; validated against total cumulative cases. Rows without dashboard geometry are retained in totals but hidden on the case map. Parsed from vertically rendered table.
2026-08-25,2026-08,Nord-Kivu,Kalunguta,XoJ3dLz68aj,16,7,0.32661665000009066,29.346222520686638,SitRep N103/MVB,2026-08-25,Automatically extracted from INSP SitRep PDF; validated against total cumulative cases. Rows without dashboard geometry are retained in totals but hidden on the case map. Parsed from vertically rendered table.
2026-08-25,2026-08,Nord-Kivu,Katwa,woJBeEpIZdy,360,241,0.1198993135112445,29.32416416638681,SitRep N103/MVB,2026-08-25,Automatically extracted from INSP SitRep PDF; validated against total cumulative cases. Rows without dashboard geometry are retained in totals but hidden on the case map. Parsed from vertically rendered table.
2026-08-25,2026-08,Nord-Kivu,Kyondo,amGiV9h9C2I,16,12,0.01326616194717092,29.504202701174762,SitRep N103/MVB,2026-08-25,Automatically extracted from INSP SitRep PDF; validated against total cumulative cases. Rows without dashboard geometry are retained in totals but hidden on the case map. Parsed from vertically rendered table.
2026-08-25,2026-08,Nord-Kivu,Lubero,oTtGHeQSotN,1,1,-0.2711820729999488,29.337473243936046,SitRep N103/MVB,2026-08-25,Automatically extracted from INSP SitRep PDF; validated against total cumulative cases. Rows without dashboard geometry are retained in totals but hidden on the case map. Parsed from vertically rendered table.
2026-08-25,2026-08,Nord-Kivu,Mabalako,svtAZQ9nVl0,3,2,0.5045215710000548,29.193929599486516,SitRep N103/MVB,2026-08-25,Automatically extracted from INSP SitRep PDF; validated against total cumulative cases. Rows without dashboard geometry are retained in totals but hidden on the case map. Parsed from vertically rendered table.
2026-08-25,2026-08,Nord-Kivu,Masereka,kQCMPbHKQ93,7,4,-0.10927556649997427,29.327512197678764,SitRep N103/MVB,2026-08-25,Automatically extracted from INSP SitRep PDF; validated against total cumulative cases. Rows without dashboard geometry are retained in totals but hidden on the case map. Parsed from vertically rendered table.
2026-08-25,2026-08,Nord-Kivu,Musienene,VooLsNf0dDB,72,43,0.07251365900023643,28.353275181121674,SitRep N103/MVB,2026-08-25,Automatically extracted from INSP SitRep PDF; validated against total cumulative cases. Rows without dashboard geometry are retained in totals but hidden on the case map. Parsed from vertically rendered table.
2026-08-25,2026-08,Nord-Kivu,Mutwanga,TnjfqDbxtwP,1,1,0.23113650600003838,29.720871630047824,SitRep N103/MVB,2026-08-25,Automatically extracted from INSP SitRep PDF; validated against total cumulative cases. Rows without dashboard geometry are retained in totals but hidden on the case map. Parsed from vertically rendered table.
2026-08-25,2026-08,Nord-Kivu,Oicha,zOOAshOz4Cz,7,4,0.7639879778753311,29.547044823759116,SitRep N103/MVB,2026-08-25,Automatically extracted from INSP SitRep PDF; validated against total cumulative cases. Rows without dashboard geometry are retained in totals but hidden on the case map. Parsed from vertically rendered table.
2026-08-25,2026-08,Nord-Kivu,Vuhovi,,5,2,,,SitRep N103/MVB,2026-08-25,Automatically extracted from INSP SitRep PDF; validated against total cumulative cases. Rows without dashboard geometry are retained in totals but hidden on the case map. Parsed from vertically rendered table.
2026-08-25,2026-08,Sud-Kivu,Miti-Murhesa,,3,1,,,SitRep N103/MVB,2026-08-25,Automatically extracted from INSP SitRep PDF; validated against total cumulative cases. Rows without dashboard geometry are retained in totals but hidden on the case map. Parsed from vertically rendered table.
2026-08-25,2026-08,Tshopo,Bafwasende,pLBZiohnxFC,1,0,0.5883184495002638,26.679613954245525,SitRep N103/MVB,2026-08-25,Automatically extracted from INSP SitRep PDF; validated against total cumulative cases. Rows without dashboard geometry are retained in totals but hidden on the case map. Parsed from vertically rendered table.
2026-08-25,2026-08,Tshopo,Kabondo,Al5GBxzCgMe,3,1,0.611433901500078,25.36859620730113,SitRep N103/MVB,2026-08-25,Automatically extracted from INSP SitRep PDF; validated against total cumulative cases. Rows without dashboard geometry are retained in totals but hidden on the case map. Parsed from vertically rendered table.
2026-08-25,2026-08,Tshopo,Lubunga,I9d1F9TGn33,1,0,0.4130002195000486,25.10564709446672,SitRep N103/MVB,2026-08-25,Automatically extracted from INSP SitRep PDF; validated against total cumulative cases. Rows without dashboard geometry are retained in totals but hidden on the case map. Parsed from vertically rendered table.
2026-08-25,2026-08,Tshopo,Makiso-Kisangani,,6,4,,,SitRep N103/MVB,2026-08-25,Automatically extracted from INSP SitRep PDF; validated against total cumulative cases. Rows without dashboard geometry are retained in totals but hidden on the case map. Repaired from a split health-zone name in PDF text extraction.
2026-08-25,2026-08,Tshopo,Mangobo,wOWB7WbNuSN,2,2,0.5399329588970425,25.15236555521503,SitRep N103/MVB,2026-08-25,Automatically extracted from INSP SitRep PDF; validated against total cumulative cases. Rows without dashboard geometry are retained in totals but hidden on the case map. Parsed from vertically rendered table.
2026-08-25,2026-08,Tshopo,Tshopo,IMkgSD6FVjc,1,0,0.8225417305001201,25.51250589004271,SitRep N103/MVB,2026-08-25,Automatically extracted from INSP SitRep PDF; validated against total cumulative cases. Rows without dashboard geometry are retained in totals but hidden on the case map. Disambiguated from the Tshopo province subtotal.
2026-08-25,2026-08,Tshopo,Wanie-Rukula,,1,1,,,SitRep N103/MVB,2026-08-25,Automatically extracted from INSP SitRep PDF; validated against total cumulative cases. Rows without dashboard geometry are retained in totals but hidden on the case map. Parsed from vertically rendered table.
2026-08-26,2026-08,Bas-Uele,Buta,pggZxV6O3iF,1,1,2.8350074602528936,25.201793052528068,SitRep N104/MVB,2026-08-26,Automatically extracted from INSP SitRep PDF; validated against total cumulative cases. Rows without dashboard geometry are retained in totals but hidden on the case map. Parsed from vertically rendered table.
2026-08-26,2026-08,Bas-Uele,Ganga,QU7amTjhWlQ,1,0,2.9763028270000405,26.227029257826267,SitRep N104/MVB,2026-08-26,Automatically extracted from INSP SitRep PDF; validated against total cumulative cases. Rows without dashboard geometry are retained in totals but hidden on the case map. Parsed from vertically rendered table.
2026-08-26,2026-08,Bas-Uele,Viadana,,1,0,,,SitRep N104/MVB,2026-08-26,Automatically extracted from INSP SitRep PDF; validated against total cumulative cases. Rows without dashboard geometry are retained in totals but hidden on the case map. Parsed from vertically rendered table.
2026-08-26,2026-08,Haut-Uele,Boma Mangbetu,qwBasnNFRFW,26,14,2.2351428900001054,27.792917281282055,SitRep N104/MVB,2026-08-26,Automatically extracted from INSP SitRep PDF; validated against total cumulative cases. Rows without dashboard geometry are retained in totals but hidden on the case map. Parsed from vertically rendered table.
2026-08-26,2026-08,Haut-Uele,Gombari,h1dItcsoHRw,3,1,2.8324490322969806,29.003074885174172,SitRep N104/MVB,2026-08-26,Automatically extracted from INSP SitRep PDF; validated against total cumulative cases. Rows without dashboard geometry are retained in totals but hidden on the case map. Parsed from vertically rendered table.
2026-08-26,2026-08,Haut-Uele,Isiro,lW6NlTXqGcv,78,32,2.398158594500046,27.318090299264888,SitRep N104/MVB,2026-08-26,Automatically extracted from INSP SitRep PDF; validated against total cumulative cases. Rows without dashboard geometry are retained in totals but hidden on the case map. Parsed from vertically rendered table.
2026-08-26,2026-08,Haut-Uele,Pawa,ZxQY9szHMx5,20,16,2.336214680000097,27.537045107299598,SitRep N104/MVB,2026-08-26,Automatically extracted from INSP SitRep PDF; validated against total cumulative cases. Rows without dashboard geometry are retained in totals but hidden on the case map. Parsed from vertically rendered table.
2026-08-26,2026-08,Haut-Uele,Rungu,EGoMVOvVUAp,1,0,2.8721408758778737,28.04597429304644,SitRep N104/MVB,2026-08-26,Automatically extracted from INSP SitRep PDF; validated against total cumulative cases. Rows without dashboard geometry are retained in totals but hidden on the case map. Parsed from vertically rendered table.
2026-08-26,2026-08,Haut-Uele,Wamba,ET5R8zSN3gm,66,27,2.104064561500138,28.0995466507865,SitRep N104/MVB,2026-08-26,Automatically extracted from INSP SitRep PDF; validated against total cumulative cases. Rows without dashboard geometry are retained in totals but hidden on the case map. Parsed from vertically rendered table.
2026-08-26,2026-08,Ituri,Adja,CLboGR4F3lj,11,1,3.075097472000124,30.475237413395348,SitRep N104/MVB,2026-08-26,Automatically extracted from INSP SitRep PDF; validated against total cumulative cases. Rows without dashboard geometry are retained in totals but hidden on the case map. Parsed from vertically rendered table.
2026-08-26,2026-08,Ituri,Ariwara,fM8IqjhdeyL,8,2,3.1940884310532445,30.693184448654044,SitRep N104/MVB,2026-08-26,Automatically extracted from INSP SitRep PDF; validated against total cumulative cases. Rows without dashboard geometry are retained in totals but hidden on the case map. Parsed from vertically rendered table.
2026-08-26,2026-08,Ituri,Aru,v8PqffapuVl,7,6,2.859042986322321,30.833681049566664,SitRep N104/MVB,2026-08-26,Automatically extracted from INSP SitRep PDF; validated against total cumulative cases. Rows without dashboard geometry are retained in totals but hidden on the case map. Parsed from vertically rendered table.
2026-08-26,2026-08,Ituri,Aungba,DFcltLEKLxj,12,5,2.5670708830760702,30.592536320311343,SitRep N104/MVB,2026-08-26,Automatically extracted from INSP SitRep PDF; validated against total cumulative cases. Rows without dashboard geometry are retained in totals but hidden on the case map. Parsed from vertically rendered table.
2026-08-26,2026-08,Ituri,Bambu,Uc3GqWS8C0w,149,29,1.8633970955000336,30.20627592724413,SitRep N104/MVB,2026-08-26,Automatically extracted from INSP SitRep PDF; validated against total cumulative cases. Rows without dashboard geometry are retained in totals but hidden on the case map. Parsed from vertically rendered table.
2026-08-26,2026-08,Ituri,Boga,rLadlFjzCh7,2,2,0.9822493237397867,30.003461492917513,SitRep N104/MVB,2026-08-26,Automatically extracted from INSP SitRep PDF; validated against total cumulative cases. Rows without dashboard geometry are retained in totals but hidden on the case map. Parsed from vertically rendered table.
2026-08-26,2026-08,Ituri,Bunia,GPi6i83o7l6,1336,421,1.607713140500067,30.282078091482003,SitRep N104/MVB,2026-08-26,Automatically extracted from INSP SitRep PDF; validated against total cumulative cases. Rows without dashboard geometry are retained in totals but hidden on the case map. Parsed from vertically rendered table.
2026-08-26,2026-08,Ituri,Damas,ApdB8z3Wrxt,27,9,2.1976361605001387,30.229346408586434,SitRep N104/MVB,2026-08-26,Automatically extracted from INSP SitRep PDF; validated against total cumulative cases. Rows without dashboard geometry are retained in totals but hidden on the case map. Parsed from vertically rendered table.
2026-08-26,2026-08,Ituri,Drodro,OIhgsXcZf6x,13,6,1.7484347510000475,30.586912835820826,SitRep N104/MVB,2026-08-26,Automatically extracted from INSP SitRep PDF; validated against total cumulative cases. Rows without dashboard geometry are retained in totals but hidden on the case map. Parsed from vertically rendered table.
2026-08-26,2026-08,Ituri,Fataki,FDNwbfrJhkA,73,30,1.9004797405000886,30.565348794325672,SitRep N104/MVB,2026-08-26,Automatically extracted from INSP SitRep PDF; validated against total cumulative cases. Rows without dashboard geometry are retained in totals but hidden on the case map. Parsed from vertically rendered table.
2026-08-26,2026-08,Ituri,Gety,X8zFJ7DJlRD,5,2,1.253148786140514,30.189368117956285,SitRep N104/MVB,2026-08-26,Automatically extracted from INSP SitRep PDF; validated against total cumulative cases. Rows without dashboard geometry are retained in totals but hidden on the case map. Parsed from vertically rendered table.
2026-08-26,2026-08,Ituri,Kambala,SkEKQLSulmp,2,0,2.313255370000064,30.547371294734642,SitRep N104/MVB,2026-08-26,Automatically extracted from INSP SitRep PDF; validated against total cumulative cases. Rows without dashboard geometry are retained in totals but hidden on the case map. Parsed from vertically rendered table.
2026-08-26,2026-08,Ituri,Kilo,sbyWSsdZ3tj,32,12,1.7598275375000298,30.080701985660504,SitRep N104/MVB,2026-08-26,Automatically extracted from INSP SitRep PDF; validated against total cumulative cases. Rows without dashboard geometry are retained in totals but hidden on the case map. Parsed from vertically rendered table.
2026-08-26,2026-08,Ituri,Komanda,i2mtQy4nTmD,65,42,1.1261791000000585,29.62557262065517,SitRep N104/MVB,2026-08-26,Automatically extracted from INSP SitRep PDF; validated against total cumulative cases. Rows without dashboard geometry are retained in totals but hidden on the case map. Parsed from vertically rendered table.
2026-08-26,2026-08,Ituri,Lita,xGWcGHazqtw,204,111,1.588332974500048,30.38710948970807,SitRep N104/MVB,2026-08-26,Automatically extracted from INSP SitRep PDF; validated against total cumulative cases. Rows without dashboard geometry are retained in totals but hidden on the case map. Parsed from vertically rendered table.
2026-08-26,2026-08,Ituri,Logo,qqGoQGSp1Dw,11,5,2.155727226000039,30.877556277526388,SitRep N104/MVB,2026-08-26,Automatically extracted from INSP SitRep PDF; validated against total cumulative cases. Rows without dashboard geometry are retained in totals but hidden on the case map. Parsed from vertically rendered table.
2026-08-26,2026-08,Ituri,Lolwa,xp3Y1OXHZLj,19,4,1.4666692450000482,29.46470993607435,SitRep N104/MVB,2026-08-26,Automatically extracted from INSP SitRep PDF; validated against total cumulative cases. Rows without dashboard geometry are retained in totals but hidden on the case map. Parsed from vertically rendered table.
2026-08-26,2026-08,Ituri,Mahagi,seNn0NUsKYn,4,1,2.3021508495800296,30.865062342480392,SitRep N104/MVB,2026-08-26,Automatically extracted from INSP SitRep PDF; validated against total cumulative cases. Rows without dashboard geometry are retained in totals but hidden on the case map. Parsed from vertically rendered table.
2026-08-26,2026-08,Ituri,Mambasa,RjHZChl5gJQ,17,7,1.4290391459577108,28.62314089055854,SitRep N104/MVB,2026-08-26,Automatically extracted from INSP SitRep PDF; validated against total cumulative cases. Rows without dashboard geometry are retained in totals but hidden on the case map. Parsed from vertically rendered table.
2026-08-26,2026-08,Ituri,Mandima,YpXUkTbtAPA,33,19,0.9848691425853815,29.17200687013976,SitRep N104/MVB,2026-08-26,Automatically extracted from INSP SitRep PDF; validated against total cumulative cases. Rows without dashboard geometry are retained in totals but hidden on the case map. Parsed from vertically rendered table.
2026-08-26,2026-08,Ituri,Mangala,,212,114,,,SitRep N104/MVB,2026-08-26,Automatically extracted from INSP SitRep PDF; validated against total cumulative cases. Rows without dashboard geometry are retained in totals but hidden on the case map. Parsed from vertically rendered table.
2026-08-26,2026-08,Ituri,Mongbwalu,nv8tx681Gjd,606,284,2.1202041400000837,29.46395014319073,SitRep N104/MVB,2026-08-26,Automatically extracted from INSP SitRep PDF; validated against total cumulative cases. Rows without dashboard geometry are retained in totals but hidden on the case map. Parsed from vertically rendered table.
2026-08-26,2026-08,Ituri,Nia-Nia,,199,108,,,SitRep N104/MVB,2026-08-26,Automatically extracted from INSP SitRep PDF; validated against total cumulative cases. Rows without dashboard geometry are retained in totals but hidden on the case map. Parsed from vertically rendered table.
2026-08-26,2026-08,Ituri,Nizi,TCE5waEW7Fi,636,254,1.7491092545000129,30.29386589242562,SitRep N104/MVB,2026-08-26,Automatically extracted from INSP SitRep PDF; validated against total cumulative cases. Rows without dashboard geometry are retained in totals but hidden on the case map. Parsed from vertically rendered table.
2026-08-26,2026-08,Ituri,Nyankunde,mGTaa8TFifO,124,35,1.4866449679154434,29.933917392135683,SitRep N104/MVB,2026-08-26,Automatically extracted from INSP SitRep PDF; validated against total cumulative cases. Rows without dashboard geometry are retained in totals but hidden on the case map. Parsed from vertically rendered table.
2026-08-26,2026-08,Ituri,Rimba,a2aJcbwnjoK,10,4,2.2214134000000456,30.706000954123333,SitRep N104/MVB,2026-08-26,Automatically extracted from INSP SitRep PDF; validated against total cumulative cases. Rows without dashboard geometry are retained in totals but hidden on the case map. Parsed from vertically rendered table.
2026-08-26,2026-08,Ituri,Rwampara,vPxN2nZnBXK,930,336,1.5710652340000308,30.08327315923981,SitRep N104/MVB,2026-08-26,Automatically extracted from INSP SitRep PDF; validated against total cumulative cases. Rows without dashboard geometry are retained in totals but hidden on the case map. Parsed from vertically rendered table.
2026-08-26,2026-08,Ituri,Tchomia,rhj4btTd3i0,55,25,1.5216207475000374,30.468986199294,SitRep N104/MVB,2026-08-26,Automatically extracted from INSP SitRep PDF; validated against total cumulative cases. Rows without dashboard geometry are retained in totals but hidden on the case map. Parsed from vertically rendered table.
2026-08-26,2026-08,Nord-Kivu,Beni,msg2MyMGhKv,122,87,0.49317124866695505,29.51358389763662,SitRep N104/MVB,2026-08-26,Automatically extracted from INSP SitRep PDF; validated against total cumulative cases. Rows without dashboard geometry are retained in totals but hidden on the case map. Parsed from vertically rendered table.
2026-08-26,2026-08,Nord-Kivu,Biena,TtaXlLIpy8b,1,1,0.2338443975903819,28.988865922802674,SitRep N104/MVB,2026-08-26,Automatically extracted from INSP SitRep PDF; validated against total cumulative cases. Rows without dashboard geometry are retained in totals but hidden on the case map. Parsed from vertically rendered table.
2026-08-26,2026-08,Nord-Kivu,Butembo,foR0DRLqtdJ,152,116,0.14653425000037146,29.251277502423125,SitRep N104/MVB,2026-08-26,Automatically extracted from INSP SitRep PDF; validated against total cumulative cases. Rows without dashboard geometry are retained in totals but hidden on the case map. Parsed from vertically rendered table.
2026-08-26,2026-08,Nord-Kivu,Goma,t8tjGKVhkl3,1,0,-1.6528676989999553,29.17826328304752,SitRep N104/MVB,2026-08-26,Automatically extracted from INSP SitRep PDF; validated against total cumulative cases. Rows without dashboard geometry are retained in totals but hidden on the case map. Parsed from vertically rendered table.
2026-08-26,2026-08,Nord-Kivu,Kalunguta,XoJ3dLz68aj,16,7,0.32661665000009066,29.346222520686638,SitRep N104/MVB,2026-08-26,Automatically extracted from INSP SitRep PDF; validated against total cumulative cases. Rows without dashboard geometry are retained in totals but hidden on the case map. Parsed from vertically rendered table.
2026-08-26,2026-08,Nord-Kivu,Katwa,woJBeEpIZdy,368,246,0.1198993135112445,29.32416416638681,SitRep N104/MVB,2026-08-26,Automatically extracted from INSP SitRep PDF; validated against total cumulative cases. Rows without dashboard geometry are retained in totals but hidden on the case map. Parsed from vertically rendered table.
2026-08-26,2026-08,Nord-Kivu,Kyondo,amGiV9h9C2I,16,12,0.01326616194717092,29.504202701174762,SitRep N104/MVB,2026-08-26,Automatically extracted from INSP SitRep PDF; validated against total cumulative cases. Rows without dashboard geometry are retained in totals but hidden on the case map. Parsed from vertically rendered table.
2026-08-26,2026-08,Nord-Kivu,Lubero,oTtGHeQSotN,1,1,-0.2711820729999488,29.337473243936046,SitRep N104/MVB,2026-08-26,Automatically extracted from INSP SitRep PDF; validated against total cumulative cases. Rows without dashboard geometry are retained in totals but hidden on the case map. Parsed from vertically rendered table.
2026-08-26,2026-08,Nord-Kivu,Mabalako,svtAZQ9nVl0,3,2,0.5045215710000548,29.193929599486516,SitRep N104/MVB,2026-08-26,Automatically extracted from INSP SitRep PDF; validated against total cumulative cases. Rows without dashboard geometry are retained in totals but hidden on the case map. Parsed from vertically rendered table.
2026-08-26,2026-08,Nord-Kivu,Manguredjipa,IyDb5geWMDN,1,0,0.3729444210001702,28.47143030637347,SitRep N104/MVB,2026-08-26,Automatically extracted from INSP SitRep PDF; validated against total cumulative cases. Rows without dashboard geometry are retained in totals but hidden on the case map. Parsed from vertically rendered table.
2026-08-26,2026-08,Nord-Kivu,Masereka,kQCMPbHKQ93,7,4,-0.10927556649997427,29.327512197678764,SitRep N104/MVB,2026-08-26,Automatically extracted from INSP SitRep PDF; validated against total cumulative cases. Rows without dashboard geometry are retained in totals but hidden on the case map. Parsed from vertically rendered table.
2026-08-26,2026-08,Nord-Kivu,Musienene,VooLsNf0dDB,74,43,0.07251365900023643,28.353275181121674,SitRep N104/MVB,2026-08-26,Automatically extracted from INSP SitRep PDF; validated against total cumulative cases. Rows without dashboard geometry are retained in totals but hidden on the case map. Parsed from vertically rendered table.
2026-08-26,2026-08,Nord-Kivu,Mutwanga,TnjfqDbxtwP,1,1,0.23113650600003838,29.720871630047824,SitRep N104/MVB,2026-08-26,Automatically extracted from INSP SitRep PDF; validated against total cumulative cases. Rows without dashboard geometry are retained in totals but hidden on the case map. Parsed from vertically rendered table.
2026-08-26,2026-08,Nord-Kivu,Oicha,zOOAshOz4Cz,7,5,0.7639879778753311,29.547044823759116,SitRep N104/MVB,2026-08-26,Automatically extracted from INSP SitRep PDF; validated against total cumulative cases. Rows without dashboard geometry are retained in totals but hidden on the case map. Parsed from vertically rendered table.
2026-08-26,2026-08,Nord-Kivu,Vuhovi,,5,2,,,SitRep N104/MVB,2026-08-26,Automatically extracted from INSP SitRep PDF; validated against total cumulative cases. Rows without dashboard geometry are retained in totals but hidden on the case map. Parsed from vertically rendered table.
2026-08-26,2026-08,Sud-Kivu,Miti-Murhesa,,3,1,,,SitRep N104/MVB,2026-08-26,Automatically extracted from INSP SitRep PDF; validated against total cumulative cases. Rows without dashboard geometry are retained in totals but hidden on the case map. Parsed from vertically rendered table.
2026-08-26,2026-08,Tshopo,Bafwasende,pLBZiohnxFC,1,0,0.5883184495002638,26.679613954245525,SitRep N104/MVB,2026-08-26,Automatically extracted from INSP SitRep PDF; validated against total cumulative cases. Rows without dashboard geometry are retained in totals but hidden on the case map. Parsed from vertically rendered table.
2026-08-26,2026-08,Tshopo,Kabondo,Al5GBxzCgMe,3,1,0.611433901500078,25.36859620730113,SitRep N104/MVB,2026-08-26,Automatically extracted from INSP SitRep PDF; validated against total cumulative cases. Rows without dashboard geometry are retained in totals but hidden on the case map. Parsed from vertically rendered table.
2026-08-26,2026-08,Tshopo,Lubunga,I9d1F9TGn33,1,0,0.4130002195000486,25.10564709446672,SitRep N104/MVB,2026-08-26,Automatically extracted from INSP SitRep PDF; validated against total cumulative cases. Rows without dashboard geometry are retained in totals but hidden on the case map. Parsed from vertically rendered table.
2026-08-26,2026-08,Tshopo,Makiso-Kisangani,,8,4,,,SitRep N104/MVB,2026-08-26,Automatically extracted from INSP SitRep PDF; validated against total cumulative cases. Rows without dashboard geometry are retained in totals but hidden on the case map. Repaired from a split health-zone name in PDF text extraction.
2026-08-26,2026-08,Tshopo,Mangobo,wOWB7WbNuSN,2,2,0.5399329588970425,25.15236555521503,SitRep N104/MVB,2026-08-26,Automatically extracted from INSP SitRep PDF; validated against total cumulative cases. Rows without dashboard geometry are retained in totals but hidden on the case map. Parsed from vertically rendered table.
2026-08-26,2026-08,Tshopo,Tshopo,IMkgSD6FVjc,1,0,0.8225417305001201,25.51250589004271,SitRep N104/MVB,2026-08-26,Automatically extracted from INSP SitRep PDF; validated against total cumulative cases. Rows without dashboard geometry are retained in totals but hidden on the case map. Disambiguated from the Tshopo province subtotal.
2026-08-26,2026-08,Tshopo,Wanie-Rukula,,1,1,,,SitRep N104/MVB,2026-08-26,Automatically extracted from INSP SitRep PDF; validated against total cumulative cases. Rows without dashboard geometry are retained in totals but hidden on the case map. Parsed from vertically rendered table.
2026-08-27,2026-08,Bas-Uele,Buta,pggZxV6O3iF,1,1,2.8350074602528936,25.201793052528068,SitRep N105/MVB,2026-08-27,Automatically extracted from INSP SitRep PDF; validated against total cumulative cases. Rows without dashboard geometry are retained in totals but hidden on the case map. Parsed from vertically rendered table.
2026-08-27,2026-08,Bas-Uele,Ganga,QU7amTjhWlQ,1,0,2.9763028270000405,26.227029257826267,SitRep N105/MVB,2026-08-27,Automatically extracted from INSP SitRep PDF; validated against total cumulative cases. Rows without dashboard geometry are retained in totals but hidden on the case map. Parsed from vertically rendered table.
2026-08-27,2026-08,Bas-Uele,Viadana,,1,0,,,SitRep N105/MVB,2026-08-27,Automatically extracted from INSP SitRep PDF; validated against total cumulative cases. Rows without dashboard geometry are retained in totals but hidden on the case map. Parsed from vertically rendered table.
2026-08-27,2026-08,Haut-Uele,Boma Mangbetu,qwBasnNFRFW,26,14,2.2351428900001054,27.792917281282055,SitRep N105/MVB,2026-08-27,Automatically extracted from INSP SitRep PDF; validated against total cumulative cases. Rows without dashboard geometry are retained in totals but hidden on the case map. Repaired from a split health-zone name in PDF text extraction.
2026-08-27,2026-08,Haut-Uele,Gombari,h1dItcsoHRw,3,1,2.8324490322969806,29.003074885174172,SitRep N105/MVB,2026-08-27,Automatically extracted from INSP SitRep PDF; validated against total cumulative cases. Rows without dashboard geometry are retained in totals but hidden on the case map. Parsed from vertically rendered table.
2026-08-27,2026-08,Haut-Uele,Isiro,lW6NlTXqGcv,79,33,2.398158594500046,27.318090299264888,SitRep N105/MVB,2026-08-27,Automatically extracted from INSP SitRep PDF; validated against total cumulative cases. Rows without dashboard geometry are retained in totals but hidden on the case map. Parsed from vertically rendered table.
2026-08-27,2026-08,Haut-Uele,Pawa,ZxQY9szHMx5,24,16,2.336214680000097,27.537045107299598,SitRep N105/MVB,2026-08-27,Automatically extracted from INSP SitRep PDF; validated against total cumulative cases. Rows without dashboard geometry are retained in totals but hidden on the case map. Parsed from vertically rendered table.
2026-08-27,2026-08,Haut-Uele,Rungu,EGoMVOvVUAp,1,0,2.8721408758778737,28.04597429304644,SitRep N105/MVB,2026-08-27,Automatically extracted from INSP SitRep PDF; validated against total cumulative cases. Rows without dashboard geometry are retained in totals but hidden on the case map. Parsed from vertically rendered table.
2026-08-27,2026-08,Haut-Uele,Wamba,ET5R8zSN3gm,72,27,2.104064561500138,28.0995466507865,SitRep N105/MVB,2026-08-27,Automatically extracted from INSP SitRep PDF; validated against total cumulative cases. Rows without dashboard geometry are retained in totals but hidden on the case map. Parsed from vertically rendered table.
2026-08-27,2026-08,Ituri,Adja,CLboGR4F3lj,11,1,3.075097472000124,30.475237413395348,SitRep N105/MVB,2026-08-27,Automatically extracted from INSP SitRep PDF; validated against total cumulative cases. Rows without dashboard geometry are retained in totals but hidden on the case map. Parsed from vertically rendered table.
2026-08-27,2026-08,Ituri,Ariwara,fM8IqjhdeyL,8,2,3.1940884310532445,30.693184448654044,SitRep N105/MVB,2026-08-27,Automatically extracted from INSP SitRep PDF; validated against total cumulative cases. Rows without dashboard geometry are retained in totals but hidden on the case map. Parsed from vertically rendered table.
2026-08-27,2026-08,Ituri,Aru,v8PqffapuVl,7,6,2.859042986322321,30.833681049566664,SitRep N105/MVB,2026-08-27,Automatically extracted from INSP SitRep PDF; validated against total cumulative cases. Rows without dashboard geometry are retained in totals but hidden on the case map. Parsed from vertically rendered table.
2026-08-27,2026-08,Ituri,Aungba,DFcltLEKLxj,12,5,2.5670708830760702,30.592536320311343,SitRep N105/MVB,2026-08-27,Automatically extracted from INSP SitRep PDF; validated against total cumulative cases. Rows without dashboard geometry are retained in totals but hidden on the case map. Parsed from vertically rendered table.
2026-08-27,2026-08,Ituri,Bambu,Uc3GqWS8C0w,156,34,1.8633970955000336,30.20627592724413,SitRep N105/MVB,2026-08-27,Automatically extracted from INSP SitRep PDF; validated against total cumulative cases. Rows without dashboard geometry are retained in totals but hidden on the case map. Parsed from vertically rendered table.
2026-08-27,2026-08,Ituri,Boga,rLadlFjzCh7,2,2,0.9822493237397867,30.003461492917513,SitRep N105/MVB,2026-08-27,Automatically extracted from INSP SitRep PDF; validated against total cumulative cases. Rows without dashboard geometry are retained in totals but hidden on the case map. Parsed from vertically rendered table.
2026-08-27,2026-08,Ituri,Bunia,GPi6i83o7l6,1347,424,1.607713140500067,30.282078091482003,SitRep N105/MVB,2026-08-27,Automatically extracted from INSP SitRep PDF; validated against total cumulative cases. Rows without dashboard geometry are retained in totals but hidden on the case map. Parsed from vertically rendered table.
2026-08-27,2026-08,Ituri,Damas,ApdB8z3Wrxt,27,9,2.1976361605001387,30.229346408586434,SitRep N105/MVB,2026-08-27,Automatically extracted from INSP SitRep PDF; validated against total cumulative cases. Rows without dashboard geometry are retained in totals but hidden on the case map. Parsed from vertically rendered table.
2026-08-27,2026-08,Ituri,Drodro,OIhgsXcZf6x,13,6,1.7484347510000475,30.586912835820826,SitRep N105/MVB,2026-08-27,Automatically extracted from INSP SitRep PDF; validated against total cumulative cases. Rows without dashboard geometry are retained in totals but hidden on the case map. Parsed from vertically rendered table.
2026-08-27,2026-08,Ituri,Fataki,FDNwbfrJhkA,74,30,1.9004797405000886,30.565348794325672,SitRep N105/MVB,2026-08-27,Automatically extracted from INSP SitRep PDF; validated against total cumulative cases. Rows without dashboard geometry are retained in totals but hidden on the case map. Parsed from vertically rendered table.
2026-08-27,2026-08,Ituri,Gety,X8zFJ7DJlRD,6,2,1.253148786140514,30.189368117956285,SitRep N105/MVB,2026-08-27,Automatically extracted from INSP SitRep PDF; validated against total cumulative cases. Rows without dashboard geometry are retained in totals but hidden on the case map. Parsed from vertically rendered table.
2026-08-27,2026-08,Ituri,Kambala,SkEKQLSulmp,2,0,2.313255370000064,30.547371294734642,SitRep N105/MVB,2026-08-27,Automatically extracted from INSP SitRep PDF; validated against total cumulative cases. Rows without dashboard geometry are retained in totals but hidden on the case map. Parsed from vertically rendered table.
2026-08-27,2026-08,Ituri,Kilo,sbyWSsdZ3tj,32,12,1.7598275375000298,30.080701985660504,SitRep N105/MVB,2026-08-27,Automatically extracted from INSP SitRep PDF; validated against total cumulative cases. Rows without dashboard geometry are retained in totals but hidden on the case map. Parsed from vertically rendered table.
2026-08-27,2026-08,Ituri,Komanda,i2mtQy4nTmD,69,46,1.1261791000000585,29.62557262065517,SitRep N105/MVB,2026-08-27,Automatically extracted from INSP SitRep PDF; validated against total cumulative cases. Rows without dashboard geometry are retained in totals but hidden on the case map. Parsed from vertically rendered table.
2026-08-27,2026-08,Ituri,Lita,xGWcGHazqtw,208,111,1.588332974500048,30.38710948970807,SitRep N105/MVB,2026-08-27,Automatically extracted from INSP SitRep PDF; validated against total cumulative cases. Rows without dashboard geometry are retained in totals but hidden on the case map. Parsed from vertically rendered table.
2026-08-27,2026-08,Ituri,Logo,qqGoQGSp1Dw,11,5,2.155727226000039,30.877556277526388,SitRep N105/MVB,2026-08-27,Automatically extracted from INSP SitRep PDF; validated against total cumulative cases. Rows without dashboard geometry are retained in totals but hidden on the case map. Parsed from vertically rendered table.
2026-08-27,2026-08,Ituri,Lolwa,xp3Y1OXHZLj,19,4,1.4666692450000482,29.46470993607435,SitRep N105/MVB,2026-08-27,Automatically extracted from INSP SitRep PDF; validated against total cumulative cases. Rows without dashboard geometry are retained in totals but hidden on the case map. Parsed from vertically rendered table.
2026-08-27,2026-08,Ituri,Mahagi,seNn0NUsKYn,4,1,2.3021508495800296,30.865062342480392,SitRep N105/MVB,2026-08-27,Automatically extracted from INSP SitRep PDF; validated against total cumulative cases. Rows without dashboard geometry are retained in totals but hidden on the case map. Parsed from vertically rendered table.
2026-08-27,2026-08,Ituri,Mambasa,RjHZChl5gJQ,17,7,1.4290391459577108,28.62314089055854,SitRep N105/MVB,2026-08-27,Automatically extracted from INSP SitRep PDF; validated against total cumulative cases. Rows without dashboard geometry are retained in totals but hidden on the case map. Parsed from vertically rendered table.
2026-08-27,2026-08,Ituri,Mandima,YpXUkTbtAPA,33,19,0.9848691425853815,29.17200687013976,SitRep N105/MVB,2026-08-27,Automatically extracted from INSP SitRep PDF; validated against total cumulative cases. Rows without dashboard geometry are retained in totals but hidden on the case map. Parsed from vertically rendered table.
2026-08-27,2026-08,Ituri,Mangala,,213,114,,,SitRep N105/MVB,2026-08-27,Automatically extracted from INSP SitRep PDF; validated against total cumulative cases. Rows without dashboard geometry are retained in totals but hidden on the case map. Parsed from vertically rendered table.
2026-08-27,2026-08,Ituri,Mongbwalu,nv8tx681Gjd,606,284,2.1202041400000837,29.46395014319073,SitRep N105/MVB,2026-08-27,Automatically extracted from INSP SitRep PDF; validated against total cumulative cases. Rows without dashboard geometry are retained in totals but hidden on the case map. Parsed from vertically rendered table.
2026-08-27,2026-08,Ituri,Nia-Nia,,203,108,,,SitRep N105/MVB,2026-08-27,Automatically extracted from INSP SitRep PDF; validated against total cumulative cases. Rows without dashboard geometry are retained in totals but hidden on the case map. Parsed from vertically rendered table.
2026-08-27,2026-08,Ituri,Nizi,TCE5waEW7Fi,640,256,1.7491092545000129,30.29386589242562,SitRep N105/MVB,2026-08-27,Automatically extracted from INSP SitRep PDF; validated against total cumulative cases. Rows without dashboard geometry are retained in totals but hidden on the case map. Parsed from vertically rendered table.
2026-08-27,2026-08,Ituri,Nyankunde,mGTaa8TFifO,124,35,1.4866449679154434,29.933917392135683,SitRep N105/MVB,2026-08-27,Automatically extracted from INSP SitRep PDF; validated against total cumulative cases. Rows without dashboard geometry are retained in totals but hidden on the case map. Parsed from vertically rendered table.
2026-08-27,2026-08,Ituri,Rimba,a2aJcbwnjoK,10,4,2.2214134000000456,30.706000954123333,SitRep N105/MVB,2026-08-27,Automatically extracted from INSP SitRep PDF; validated against total cumulative cases. Rows without dashboard geometry are retained in totals but hidden on the case map. Parsed from vertically rendered table.
2026-08-27,2026-08,Ituri,Rwampara,vPxN2nZnBXK,935,336,1.5710652340000308,30.08327315923981,SitRep N105/MVB,2026-08-27,Automatically extracted from INSP SitRep PDF; validated against total cumulative cases. Rows without dashboard geometry are retained in totals but hidden on the case map. Parsed from vertically rendered table.
2026-08-27,2026-08,Ituri,Tchomia,rhj4btTd3i0,56,25,1.5216207475000374,30.468986199294,SitRep N105/MVB,2026-08-27,Automatically extracted from INSP SitRep PDF; validated against total cumulative cases. Rows without dashboard geometry are retained in totals but hidden on the case map. Parsed from vertically rendered table.
2026-08-27,2026-08,Nord-Kivu,Beni,msg2MyMGhKv,126,91,0.49317124866695505,29.51358389763662,SitRep N105/MVB,2026-08-27,Automatically extracted from INSP SitRep PDF; validated against total cumulative cases. Rows without dashboard geometry are retained in totals but hidden on the case map. Parsed from vertically rendered table.
2026-08-27,2026-08,Nord-Kivu,Biena,TtaXlLIpy8b,1,1,0.2338443975903819,28.988865922802674,SitRep N105/MVB,2026-08-27,Automatically extracted from INSP SitRep PDF; validated against total cumulative cases. Rows without dashboard geometry are retained in totals but hidden on the case map. Parsed from vertically rendered table.
2026-08-27,2026-08,Nord-Kivu,Butembo,foR0DRLqtdJ,155,118,0.14653425000037146,29.251277502423125,SitRep N105/MVB,2026-08-27,Automatically extracted from INSP SitRep PDF; validated against total cumulative cases. Rows without dashboard geometry are retained in totals but hidden on the case map. Parsed from vertically rendered table.
2026-08-27,2026-08,Nord-Kivu,Goma,t8tjGKVhkl3,1,0,-1.6528676989999553,29.17826328304752,SitRep N105/MVB,2026-08-27,Automatically extracted from INSP SitRep PDF; validated against total cumulative cases. Rows without dashboard geometry are retained in totals but hidden on the case map. Parsed from vertically rendered table.
2026-08-27,2026-08,Nord-Kivu,Kalunguta,XoJ3dLz68aj,16,7,0.32661665000009066,29.346222520686638,SitRep N105/MVB,2026-08-27,Automatically extracted from INSP SitRep PDF; validated against total cumulative cases. Rows without dashboard geometry are retained in totals but hidden on the case map. Parsed from vertically rendered table.
2026-08-27,2026-08,Nord-Kivu,Katwa,woJBeEpIZdy,373,250,0.1198993135112445,29.32416416638681,SitRep N105/MVB,2026-08-27,Automatically extracted from INSP SitRep PDF; validated against total cumulative cases. Rows without dashboard geometry are retained in totals but hidden on the case map. Parsed from vertically rendered table.
2026-08-27,2026-08,Nord-Kivu,Kyondo,amGiV9h9C2I,16,12,0.01326616194717092,29.504202701174762,SitRep N105/MVB,2026-08-27,Automatically extracted from INSP SitRep PDF; validated against total cumulative cases. Rows without dashboard geometry are retained in totals but hidden on the case map. Parsed from vertically rendered table.
2026-08-27,2026-08,Nord-Kivu,Lubero,oTtGHeQSotN,1,1,-0.2711820729999488,29.337473243936046,SitRep N105/MVB,2026-08-27,Automatically extracted from INSP SitRep PDF; validated against total cumulative cases. Rows without dashboard geometry are retained in totals but hidden on the case map. Parsed from vertically rendered table.
2026-08-27,2026-08,Nord-Kivu,Mabalako,svtAZQ9nVl0,3,2,0.5045215710000548,29.193929599486516,SitRep N105/MVB,2026-08-27,Automatically extracted from INSP SitRep PDF; validated against total cumulative cases. Rows without dashboard geometry are retained in totals but hidden on the case map. Parsed from vertically rendered table.
2026-08-27,2026-08,Nord-Kivu,Manguredjipa,IyDb5geWMDN,1,0,0.3729444210001702,28.47143030637347,SitRep N105/MVB,2026-08-27,Automatically extracted from INSP SitRep PDF; validated against total cumulative cases. Rows without dashboard geometry are retained in totals but hidden on the case map. Parsed from vertically rendered table.
2026-08-27,2026-08,Nord-Kivu,Masereka,kQCMPbHKQ93,8,4,-0.10927556649997427,29.327512197678764,SitRep N105/MVB,2026-08-27,Automatically extracted from INSP SitRep PDF; validated against total cumulative cases. Rows without dashboard geometry are retained in totals but hidden on the case map. Parsed from vertically rendered table.
2026-08-27,2026-08,Nord-Kivu,Musienene,VooLsNf0dDB,74,43,0.07251365900023643,28.353275181121674,SitRep N105/MVB,2026-08-27,Automatically extracted from INSP SitRep PDF; validated against total cumulative cases. Rows without dashboard geometry are retained in totals but hidden on the case map. Parsed from vertically rendered table.
2026-08-27,2026-08,Nord-Kivu,Mutwanga,TnjfqDbxtwP,1,1,0.23113650600003838,29.720871630047824,SitRep N105/MVB,2026-08-27,Automatically extracted from INSP SitRep PDF; validated against total cumulative cases. Rows without dashboard geometry are retained in totals but hidden on the case map. Parsed from vertically rendered table.
2026-08-27,2026-08,Nord-Kivu,Oicha,zOOAshOz4Cz,7,6,0.7639879778753311,29.547044823759116,SitRep N105/MVB,2026-08-27,Automatically extracted from INSP SitRep PDF; validated against total cumulative cases. Rows without dashboard geometry are retained in totals but hidden on the case map. Parsed from vertically rendered table.
2026-08-27,2026-08,Nord-Kivu,Vuhovi,,5,2,,,SitRep N105/MVB,2026-08-27,Automatically extracted from INSP SitRep PDF; validated against total cumulative cases. Rows without dashboard geometry are retained in totals but hidden on the case map. Parsed from vertically rendered table.
2026-08-27,2026-08,Sud-Kivu,Miti-Murhesa,,3,1,,,SitRep N105/MVB,2026-08-27,Automatically extracted from INSP SitRep PDF; validated against total cumulative cases. Rows without dashboard geometry are retained in totals but hidden on the case map. Parsed from vertically rendered table.
2026-08-27,2026-08,Tshopo,Bafwasende,pLBZiohnxFC,2,0,0.5883184495002638,26.679613954245525,SitRep N105/MVB,2026-08-27,Automatically extracted from INSP SitRep PDF; validated against total cumulative cases. Rows without dashboard geometry are retained in totals but hidden on the case map. Parsed from vertically rendered table.
2026-08-27,2026-08,Tshopo,Kabondo,Al5GBxzCgMe,3,1,0.611433901500078,25.36859620730113,SitRep N105/MVB,2026-08-27,Automatically extracted from INSP SitRep PDF; validated against total cumulative cases. Rows without dashboard geometry are retained in totals but hidden on the case map. Parsed from vertically rendered table.
2026-08-27,2026-08,Tshopo,Lubunga,I9d1F9TGn33,1,0,0.4130002195000486,25.10564709446672,SitRep N105/MVB,2026-08-27,Automatically extracted from INSP SitRep PDF; validated against total cumulative cases. Rows without dashboard geometry are retained in totals but hidden on the case map. Parsed from vertically rendered table.
2026-08-27,2026-08,Tshopo,Makiso-Kisangani,,9,4,,,SitRep N105/MVB,2026-08-27,Automatically extracted from INSP SitRep PDF; validated against total cumulative cases. Rows without dashboard geometry are retained in totals but hidden on the case map. Repaired from a split health-zone name in PDF text extraction.
2026-08-27,2026-08,Tshopo,Mangobo,wOWB7WbNuSN,2,2,0.5399329588970425,25.15236555521503,SitRep N105/MVB,2026-08-27,Automatically extracted from INSP SitRep PDF; validated against total cumulative cases. Rows without dashboard geometry are retained in totals but hidden on the case map. Parsed from vertically rendered table.
2026-08-27,2026-08,Tshopo,Tshopo,IMkgSD6FVjc,1,0,0.8225417305001201,25.51250589004271,SitRep N105/MVB,2026-08-27,Automatically extracted from INSP SitRep PDF; validated against total cumulative cases. Rows without dashboard geometry are retained in totals but hidden on the case map. Disambiguated from the Tshopo province subtotal.
2026-08-27,2026-08,Tshopo,Wanie-Rukula,,1,1,,,SitRep N105/MVB,2026-08-27,Automatically extracted from INSP SitRep PDF; validated against total cumulative cases. Rows without dashboard geometry are retained in totals but hidden on the case map. Parsed from vertically rendered table.
